external_id,menu_url,raw_sha256,menu_type,menu_title,section,name,price_text,price,price_rule,okundu,yontem
/listing/98-bar-b-que/,https://98bbq.com/wp-content/uploads/2025/07/98BBQAPPS2025.png,5341df96a16cc0fddccb8650d1be3661fab0d96c8d01cedb4e49032e0f2f9c0b,general,"Appetizers, Salads, Sides, Kids, Desserts",Appetizers,Wings,(10) 16.00,16,single,2026-10-08,görüntüden okundu
/listing/98-bar-b-que/,https://98bbq.com/wp-content/uploads/2025/07/98BBQAPPS2025.png,5341df96a16cc0fddccb8650d1be3661fab0d96c8d01cedb4e49032e0f2f9c0b,general,"Appetizers, Salads, Sides, Kids, Desserts",Appetizers,Cheese Stix,(5) 9.50,9.5,single,2026-10-08,görüntüden okundu
/listing/98-bar-b-que/,https://98bbq.com/wp-content/uploads/2025/07/98BBQAPPS2025.png,5341df96a16cc0fddccb8650d1be3661fab0d96c8d01cedb4e49032e0f2f9c0b,general,"Appetizers, Salads, Sides, Kids, Desserts",Appetizers,Sweet Potato Puffs,(40) 16.50,16.5,single,2026-10-08,görüntüden okundu
/listing/98-bar-b-que/,https://98bbq.com/wp-content/uploads/2025/07/98BBQAPPS2025.png,5341df96a16cc0fddccb8650d1be3661fab0d96c8d01cedb4e49032e0f2f9c0b,general,"Appetizers, Salads, Sides, Kids, Desserts",Appetizers,Creamed Corn Nuggets,(20) 12.00,12,single,2026-10-08,görüntüden okundu
/listing/98-bar-b-que/,https://98bbq.com/wp-content/uploads/2025/07/98BBQAPPS2025.png,5341df96a16cc0fddccb8650d1be3661fab0d96c8d01cedb4e49032e0f2f9c0b,general,"Appetizers, Salads, Sides, Kids, Desserts",Appetizers,Soup of the Day,Cup or Bowl Market Price,,market,2026-10-08,görüntüden okundu
/listing/98-bar-b-que/,https://98bbq.com/wp-content/uploads/2025/07/98BBQAPPS2025.png,5341df96a16cc0fddccb8650d1be3661fab0d96c8d01cedb4e49032e0f2f9c0b,general,"Appetizers, Salads, Sides, Kids, Desserts",Appetizers,Pork Belly Bites,13.95,13.95,single,2026-10-08,görüntüden okundu
/listing/98-bar-b-que/,https://98bbq.com/wp-content/uploads/2025/07/98BBQAPPS2025.png,5341df96a16cc0fddccb8650d1be3661fab0d96c8d01cedb4e49032e0f2f9c0b,general,"Appetizers, Salads, Sides, Kids, Desserts",Sides,Cole Slaw,4.00,4,single,2026-10-08,görüntüden okundu
/listing/98-bar-b-que/,https://98bbq.com/wp-content/uploads/2025/07/98BBQAPPS2025.png,5341df96a16cc0fddccb8650d1be3661fab0d96c8d01cedb4e49032e0f2f9c0b,general,"Appetizers, Salads, Sides, Kids, Desserts",Sides,Side Salad,5.25,5.25,single,2026-10-08,görüntüden okundu
/listing/98-bar-b-que/,https://98bbq.com/wp-content/uploads/2025/07/98BBQAPPS2025.png,5341df96a16cc0fddccb8650d1be3661fab0d96c8d01cedb4e49032e0f2f9c0b,general,"Appetizers, Salads, Sides, Kids, Desserts",Sides,Fried Okra,5.00,5,single,2026-10-08,görüntüden okundu
/listing/98-bar-b-que/,https://98bbq.com/wp-content/uploads/2025/07/98BBQAPPS2025.png,5341df96a16cc0fddccb8650d1be3661fab0d96c8d01cedb4e49032e0f2f9c0b,general,"Appetizers, Salads, Sides, Kids, Desserts",Sides,French Fries,4.50,4.5,single,2026-10-08,görüntüden okundu
/listing/98-bar-b-que/,https://98bbq.com/wp-content/uploads/2025/07/98BBQAPPS2025.png,5341df96a16cc0fddccb8650d1be3661fab0d96c8d01cedb4e49032e0f2f9c0b,general,"Appetizers, Salads, Sides, Kids, Desserts",Sides,Onion Rings,7.00,7,single,2026-10-08,görüntüden okundu
/listing/98-bar-b-que/,https://98bbq.com/wp-content/uploads/2025/07/98BBQAPPS2025.png,5341df96a16cc0fddccb8650d1be3661fab0d96c8d01cedb4e49032e0f2f9c0b,general,"Appetizers, Salads, Sides, Kids, Desserts",Sides,Potato Salad,5.00,5,single,2026-10-08,görüntüden okundu
/listing/98-bar-b-que/,https://98bbq.com/wp-content/uploads/2025/07/98BBQAPPS2025.png,5341df96a16cc0fddccb8650d1be3661fab0d96c8d01cedb4e49032e0f2f9c0b,general,"Appetizers, Salads, Sides, Kids, Desserts",Sides,Baked Beans,5.25,5.25,single,2026-10-08,görüntüden okundu
/listing/98-bar-b-que/,https://98bbq.com/wp-content/uploads/2025/07/98BBQAPPS2025.png,5341df96a16cc0fddccb8650d1be3661fab0d96c8d01cedb4e49032e0f2f9c0b,general,"Appetizers, Salads, Sides, Kids, Desserts",Sides,Sweet Potato Puffs,5.50,5.5,single,2026-10-08,görüntüden okundu
/listing/98-bar-b-que/,https://98bbq.com/wp-content/uploads/2025/07/98BBQAPPS2025.png,5341df96a16cc0fddccb8650d1be3661fab0d96c8d01cedb4e49032e0f2f9c0b,general,"Appetizers, Salads, Sides, Kids, Desserts",Sides,Creamed Corn Nuggets,5.50,5.5,single,2026-10-08,görüntüden okundu
/listing/98-bar-b-que/,https://98bbq.com/wp-content/uploads/2025/07/98BBQAPPS2025.png,5341df96a16cc0fddccb8650d1be3661fab0d96c8d01cedb4e49032e0f2f9c0b,general,"Appetizers, Salads, Sides, Kids, Desserts",Drinks,House Wine,7.00,7,single,2026-10-08,görüntüden okundu
/listing/98-bar-b-que/,https://98bbq.com/wp-content/uploads/2025/07/98BBQAPPS2025.png,5341df96a16cc0fddccb8650d1be3661fab0d96c8d01cedb4e49032e0f2f9c0b,general,"Appetizers, Salads, Sides, Kids, Desserts",Drinks,Premium Wine,10.00,10,single,2026-10-08,görüntüden okundu
/listing/98-bar-b-que/,https://98bbq.com/wp-content/uploads/2025/07/98BBQAPPS2025.png,5341df96a16cc0fddccb8650d1be3661fab0d96c8d01cedb4e49032e0f2f9c0b,general,"Appetizers, Salads, Sides, Kids, Desserts",Salads,Jumbo Chef Salad,16.25,16.25,single,2026-10-08,görüntüden okundu
/listing/98-bar-b-que/,https://98bbq.com/wp-content/uploads/2025/07/98BBQAPPS2025.png,5341df96a16cc0fddccb8650d1be3661fab0d96c8d01cedb4e49032e0f2f9c0b,general,"Appetizers, Salads, Sides, Kids, Desserts",Salads,Chris Clark Salad,16.75; Add Grilled Chicken 21.75,16.75,lowest,2026-10-08,görüntüden okundu
/listing/98-bar-b-que/,https://98bbq.com/wp-content/uploads/2025/07/98BBQAPPS2025.png,5341df96a16cc0fddccb8650d1be3661fab0d96c8d01cedb4e49032e0f2f9c0b,general,"Appetizers, Salads, Sides, Kids, Desserts",Salads,Jumbo Caesar Salad,16.25; Add Grilled Chicken 20.25,16.25,lowest,2026-10-08,görüntüden okundu
/listing/98-bar-b-que/,https://98bbq.com/wp-content/uploads/2025/07/98BBQAPPS2025.png,5341df96a16cc0fddccb8650d1be3661fab0d96c8d01cedb4e49032e0f2f9c0b,general,"Appetizers, Salads, Sides, Kids, Desserts",Salads,Jumbo BBQ Salad,16.50,16.5,single,2026-10-08,görüntüden okundu
/listing/98-bar-b-que/,https://98bbq.com/wp-content/uploads/2025/07/98BBQAPPS2025.png,5341df96a16cc0fddccb8650d1be3661fab0d96c8d01cedb4e49032e0f2f9c0b,general,"Appetizers, Salads, Sides, Kids, Desserts",Kids Corner,Grilled Cheese Sandwich,7.75,7.75,single,2026-10-08,görüntüden okundu
/listing/98-bar-b-que/,https://98bbq.com/wp-content/uploads/2025/07/98BBQAPPS2025.png,5341df96a16cc0fddccb8650d1be3661fab0d96c8d01cedb4e49032e0f2f9c0b,general,"Appetizers, Salads, Sides, Kids, Desserts",Kids Corner,Chicken Tenders,8.50,8.5,single,2026-10-08,görüntüden okundu
/listing/98-bar-b-que/,https://98bbq.com/wp-content/uploads/2025/07/98BBQAPPS2025.png,5341df96a16cc0fddccb8650d1be3661fab0d96c8d01cedb4e49032e0f2f9c0b,general,"Appetizers, Salads, Sides, Kids, Desserts",Kids Corner,Pork Sandwich,8.00,8,single,2026-10-08,görüntüden okundu
/listing/98-bar-b-que/,https://98bbq.com/wp-content/uploads/2025/07/98BBQAPPS2025.png,5341df96a16cc0fddccb8650d1be3661fab0d96c8d01cedb4e49032e0f2f9c0b,general,"Appetizers, Salads, Sides, Kids, Desserts",Kids Corner,Pulled Chicken Sandwich,8.00,8,single,2026-10-08,görüntüden okundu
/listing/98-bar-b-que/,https://98bbq.com/wp-content/uploads/2025/07/98BBQAPPS2025.png,5341df96a16cc0fddccb8650d1be3661fab0d96c8d01cedb4e49032e0f2f9c0b,general,"Appetizers, Salads, Sides, Kids, Desserts",Kids Corner,Mini Corn Dogs,8.00,8,single,2026-10-08,görüntüden okundu
/listing/98-bar-b-que/,https://98bbq.com/wp-content/uploads/2025/07/98BBQAPPS2025.png,5341df96a16cc0fddccb8650d1be3661fab0d96c8d01cedb4e49032e0f2f9c0b,general,"Appetizers, Salads, Sides, Kids, Desserts",Kids Corner,Hamburger,8.25,8.25,single,2026-10-08,görüntüden okundu
/listing/98-bar-b-que/,https://98bbq.com/wp-content/uploads/2025/07/98BBQAPPS2025.png,5341df96a16cc0fddccb8650d1be3661fab0d96c8d01cedb4e49032e0f2f9c0b,general,"Appetizers, Salads, Sides, Kids, Desserts",Desserts,Bread Pudding,8.00,8,single,2026-10-08,görüntüden okundu
/listing/98-bar-b-que/,https://98bbq.com/wp-content/uploads/2025/07/98BBQAPPS2025.png,5341df96a16cc0fddccb8650d1be3661fab0d96c8d01cedb4e49032e0f2f9c0b,general,"Appetizers, Salads, Sides, Kids, Desserts",Desserts,Banana Pudding,8.00,8,single,2026-10-08,görüntüden okundu
/listing/98-bar-b-que/,https://98bbq.com/wp-content/uploads/2025/07/98BBQDinner2025.png,6a24e224c90b5207059fda54fccbc49e71f756d5cc2aa692d7f7485228259950,dinner,Dinner,Dinner Plates,Pulled Pork Platter,24.00,24,single,2026-10-08,görüntüden okundu
/listing/98-bar-b-que/,https://98bbq.com/wp-content/uploads/2025/07/98BBQDinner2025.png,6a24e224c90b5207059fda54fccbc49e71f756d5cc2aa692d7f7485228259950,dinner,Dinner,Dinner Plates,Pulled Chicken Platter,24.00,24,single,2026-10-08,görüntüden okundu
/listing/98-bar-b-que/,https://98bbq.com/wp-content/uploads/2025/07/98BBQDinner2025.png,6a24e224c90b5207059fda54fccbc49e71f756d5cc2aa692d7f7485228259950,dinner,Dinner,Dinner Plates,Beef Brisket Platter,26.00,26,single,2026-10-08,görüntüden okundu
/listing/98-bar-b-que/,https://98bbq.com/wp-content/uploads/2025/07/98BBQDinner2025.png,6a24e224c90b5207059fda54fccbc49e71f756d5cc2aa692d7f7485228259950,dinner,Dinner,Dinner Plates,Wing Platter,23.00,23,single,2026-10-08,görüntüden okundu
/listing/98-bar-b-que/,https://98bbq.com/wp-content/uploads/2025/07/98BBQDinner2025.png,6a24e224c90b5207059fda54fccbc49e71f756d5cc2aa692d7f7485228259950,dinner,Dinner,Dinner Plates,Roasted or BBQ Chicken Platter,22.00,22,single,2026-10-08,görüntüden okundu
/listing/98-bar-b-que/,https://98bbq.com/wp-content/uploads/2025/07/98BBQDinner2025.png,6a24e224c90b5207059fda54fccbc49e71f756d5cc2aa692d7f7485228259950,dinner,Dinner,Dinner Plates,Rib Platter (St. Louis Pork Ribs),4 Bone 17.45 / 6 Bone 21.95 / Full Rack 36.25,17.45,lowest,2026-10-08,görüntüden okundu
/listing/98-bar-b-que/,https://98bbq.com/wp-content/uploads/2025/07/98BBQDinner2025.png,6a24e224c90b5207059fda54fccbc49e71f756d5cc2aa692d7f7485228259950,dinner,Dinner,Dinner Plates,Smoked Sausage Platter,24.00,24,single,2026-10-08,görüntüden okundu
/listing/98-bar-b-que/,https://98bbq.com/wp-content/uploads/2025/07/98BBQDinner2025.png,6a24e224c90b5207059fda54fccbc49e71f756d5cc2aa692d7f7485228259950,dinner,Dinner,Dinner Plates,Combo Platter,23.95,23.95,single,2026-10-08,görüntüden okundu
/listing/98-bar-b-que/,https://98bbq.com/wp-content/uploads/2025/07/98BBQDinner2025.png,6a24e224c90b5207059fda54fccbc49e71f756d5cc2aa692d7f7485228259950,dinner,Dinner,Dinner Plates,Dinner Feast for 4,78.00,78,single,2026-10-08,görüntüden okundu
/listing/98-bar-b-que/,https://98bbq.com/wp-content/uploads/2025/07/98BBQDinner2025.png,6a24e224c90b5207059fda54fccbc49e71f756d5cc2aa692d7f7485228259950,dinner,Dinner,Sandwiches,Pulled Pork (6 oz.),16.00,16,single,2026-10-08,görüntüden okundu
/listing/98-bar-b-que/,https://98bbq.com/wp-content/uploads/2025/07/98BBQDinner2025.png,6a24e224c90b5207059fda54fccbc49e71f756d5cc2aa692d7f7485228259950,dinner,Dinner,Sandwiches,Beef Brisket (6 oz.),19.00,19,single,2026-10-08,görüntüden okundu
/listing/98-bar-b-que/,https://98bbq.com/wp-content/uploads/2025/07/98BBQDinner2025.png,6a24e224c90b5207059fda54fccbc49e71f756d5cc2aa692d7f7485228259950,dinner,Dinner,Sandwiches,Pulled Chicken (6 oz.),16.00,16,single,2026-10-08,görüntüden okundu
/listing/98-bar-b-que/,https://98bbq.com/wp-content/uploads/2025/07/98BBQDinner2025.png,6a24e224c90b5207059fda54fccbc49e71f756d5cc2aa692d7f7485228259950,dinner,Dinner,Sandwiches,Hamburger (1/2 lb.),16.00,16,single,2026-10-08,görüntüden okundu
/listing/98-bar-b-que/,https://98bbq.com/wp-content/uploads/2025/07/98BBQDinner2025.png,6a24e224c90b5207059fda54fccbc49e71f756d5cc2aa692d7f7485228259950,dinner,Dinner,Sandwiches,Grilled Pimento Cheese,11.00,11,single,2026-10-08,görüntüden okundu
/listing/98-bar-b-que/,https://98bbq.com/wp-content/uploads/2025/07/98BBQDinner2025.png,6a24e224c90b5207059fda54fccbc49e71f756d5cc2aa692d7f7485228259950,dinner,Dinner,Sandwiches,Black & Blue Burger,16.50,16.5,single,2026-10-08,görüntüden okundu
/listing/98-bar-b-que/,https://98bbq.com/wp-content/uploads/2025/07/98BBQDinner2025.png,6a24e224c90b5207059fda54fccbc49e71f756d5cc2aa692d7f7485228259950,dinner,Dinner,Sandwiches,"""The Big Jon Burger""",19.00,19,single,2026-10-08,görüntüden okundu
/listing/98-bar-b-que/,https://98bbq.com/wp-content/uploads/2025/07/98BBQDinner2025.png,6a24e224c90b5207059fda54fccbc49e71f756d5cc2aa692d7f7485228259950,dinner,Dinner,Sandwiches,Philly Cheese Steak,17.00,17,single,2026-10-08,görüntüden okundu
/listing/98-bar-b-que/,https://98bbq.com/wp-content/uploads/2025/07/98BBQDinner2025.png,6a24e224c90b5207059fda54fccbc49e71f756d5cc2aa692d7f7485228259950,dinner,Dinner,Sandwiches,Sausage Sandwich,16.00,16,single,2026-10-08,görüntüden okundu
/listing/98-bar-b-que/,https://98bbq.com/wp-content/uploads/2025/07/98BBQDinner2025.png,6a24e224c90b5207059fda54fccbc49e71f756d5cc2aa692d7f7485228259950,dinner,Dinner,Sandwiches,Smoked Chicken Salad,13.50,13.5,single,2026-10-08,görüntüden okundu
/listing/98-bar-b-que/,https://98bbq.com/wp-content/uploads/2025/07/98BBQDinner2025.png,6a24e224c90b5207059fda54fccbc49e71f756d5cc2aa692d7f7485228259950,dinner,Dinner,Sandwiches,Chicken Breast,16.00,16,single,2026-10-08,görüntüden okundu
/listing/98-bar-b-que/,https://98bbq.com/wp-content/uploads/2025/07/98BBQDinner2025.png,6a24e224c90b5207059fda54fccbc49e71f756d5cc2aa692d7f7485228259950,dinner,Dinner,Sandwiches,Southwest Chicken,17.95,17.95,single,2026-10-08,görüntüden okundu
/listing/98-bar-b-que/,https://98bbq.com/wp-content/uploads/2025/07/98BBQDinner2025.png,6a24e224c90b5207059fda54fccbc49e71f756d5cc2aa692d7f7485228259950,dinner,Dinner,Sandwiches,98 BBQ Chicken,17.95,17.95,single,2026-10-08,görüntüden okundu
/listing/98-bar-b-que/,https://98bbq.com/wp-content/uploads/2025/07/98BBQDinner2025.png,6a24e224c90b5207059fda54fccbc49e71f756d5cc2aa692d7f7485228259950,dinner,Dinner,Sandwiches,Gator Sausage Po Boy,17.95,17.95,single,2026-10-08,görüntüden okundu
/listing/98-bar-b-que/,https://98bbq.com/wp-content/uploads/2025/07/98BBQDinner2025.png,6a24e224c90b5207059fda54fccbc49e71f756d5cc2aa692d7f7485228259950,dinner,Dinner,Sandwiches,The Calvin,19.50,19.5,single,2026-10-08,görüntüden okundu
/listing/amici-30a-italian-kitchen/,https://img1.wsimg.com/blobby/go/e867862f-c100-46fe-882c-f119e8fe8d3b/20260515%20(20260513)%202026%20Summer%20Menu%20-%20Dinner%20.pdf,7f043372ae13caef3610c04cc0b535cc94d4e62b2ad016ff8c4ad81f0851709c,dinner,2026 summer dinner menu,cocktails,summer on 30A,14,14,single,2026-10-08,görüntüden okundu
/listing/amici-30a-italian-kitchen/,https://img1.wsimg.com/blobby/go/e867862f-c100-46fe-882c-f119e8fe8d3b/20260515%20(20260513)%202026%20Summer%20Menu%20-%20Dinner%20.pdf,7f043372ae13caef3610c04cc0b535cc94d4e62b2ad016ff8c4ad81f0851709c,dinner,2026 summer dinner menu,cocktails,check-out day painkiller,14,14,single,2026-10-08,görüntüden okundu
/listing/amici-30a-italian-kitchen/,https://img1.wsimg.com/blobby/go/e867862f-c100-46fe-882c-f119e8fe8d3b/20260515%20(20260513)%202026%20Summer%20Menu%20-%20Dinner%20.pdf,7f043372ae13caef3610c04cc0b535cc94d4e62b2ad016ff8c4ad81f0851709c,dinner,2026 summer dinner menu,cocktails,"""sangarita""",14,14,single,2026-10-08,görüntüden okundu
/listing/amici-30a-italian-kitchen/,https://img1.wsimg.com/blobby/go/e867862f-c100-46fe-882c-f119e8fe8d3b/20260515%20(20260513)%202026%20Summer%20Menu%20-%20Dinner%20.pdf,7f043372ae13caef3610c04cc0b535cc94d4e62b2ad016ff8c4ad81f0851709c,dinner,2026 summer dinner menu,cocktails,smoked old fashioned,14,14,single,2026-10-08,görüntüden okundu
/listing/amici-30a-italian-kitchen/,https://img1.wsimg.com/blobby/go/e867862f-c100-46fe-882c-f119e8fe8d3b/20260515%20(20260513)%202026%20Summer%20Menu%20-%20Dinner%20.pdf,7f043372ae13caef3610c04cc0b535cc94d4e62b2ad016ff8c4ad81f0851709c,dinner,2026 summer dinner menu,cocktails,rosemary's cucumber potion,14,14,single,2026-10-08,görüntüden okundu
/listing/amici-30a-italian-kitchen/,https://img1.wsimg.com/blobby/go/e867862f-c100-46fe-882c-f119e8fe8d3b/20260515%20(20260513)%202026%20Summer%20Menu%20-%20Dinner%20.pdf,7f043372ae13caef3610c04cc0b535cc94d4e62b2ad016ff8c4ad81f0851709c,dinner,2026 summer dinner menu,cocktails,limonata (lemonade),14,14,single,2026-10-08,görüntüden okundu
/listing/amici-30a-italian-kitchen/,https://img1.wsimg.com/blobby/go/e867862f-c100-46fe-882c-f119e8fe8d3b/20260515%20(20260513)%202026%20Summer%20Menu%20-%20Dinner%20.pdf,7f043372ae13caef3610c04cc0b535cc94d4e62b2ad016ff8c4ad81f0851709c,dinner,2026 summer dinner menu,spritz,aperol spritz,14,14,single,2026-10-08,görüntüden okundu
/listing/amici-30a-italian-kitchen/,https://img1.wsimg.com/blobby/go/e867862f-c100-46fe-882c-f119e8fe8d3b/20260515%20(20260513)%202026%20Summer%20Menu%20-%20Dinner%20.pdf,7f043372ae13caef3610c04cc0b535cc94d4e62b2ad016ff8c4ad81f0851709c,dinner,2026 summer dinner menu,spritz,hugo spritz,14,14,single,2026-10-08,görüntüden okundu
/listing/amici-30a-italian-kitchen/,https://img1.wsimg.com/blobby/go/e867862f-c100-46fe-882c-f119e8fe8d3b/20260515%20(20260513)%202026%20Summer%20Menu%20-%20Dinner%20.pdf,7f043372ae13caef3610c04cc0b535cc94d4e62b2ad016ff8c4ad81f0851709c,dinner,2026 summer dinner menu,dessert cocktails,espresso martini,14,14,single,2026-10-08,görüntüden okundu
/listing/amici-30a-italian-kitchen/,https://img1.wsimg.com/blobby/go/e867862f-c100-46fe-882c-f119e8fe8d3b/20260515%20(20260513)%202026%20Summer%20Menu%20-%20Dinner%20.pdf,7f043372ae13caef3610c04cc0b535cc94d4e62b2ad016ff8c4ad81f0851709c,dinner,2026 summer dinner menu,hard seltzers,high noon vodka watermelon,8,8,single,2026-10-08,görüntüden okundu
/listing/amici-30a-italian-kitchen/,https://img1.wsimg.com/blobby/go/e867862f-c100-46fe-882c-f119e8fe8d3b/20260515%20(20260513)%202026%20Summer%20Menu%20-%20Dinner%20.pdf,7f043372ae13caef3610c04cc0b535cc94d4e62b2ad016ff8c4ad81f0851709c,dinner,2026 summer dinner menu,non-alcoholic beverages,fountain drinks,4.50,4.5,single,2026-10-08,görüntüden okundu
/listing/amici-30a-italian-kitchen/,https://img1.wsimg.com/blobby/go/e867862f-c100-46fe-882c-f119e8fe8d3b/20260515%20(20260513)%202026%20Summer%20Menu%20-%20Dinner%20.pdf,7f043372ae13caef3610c04cc0b535cc94d4e62b2ad016ff8c4ad81f0851709c,dinner,2026 summer dinner menu,salads,amy's chop salad,16,16,single,2026-10-08,görüntüden okundu
/listing/amici-30a-italian-kitchen/,https://img1.wsimg.com/blobby/go/e867862f-c100-46fe-882c-f119e8fe8d3b/20260515%20(20260513)%202026%20Summer%20Menu%20-%20Dinner%20.pdf,7f043372ae13caef3610c04cc0b535cc94d4e62b2ad016ff8c4ad81f0851709c,dinner,2026 summer dinner menu,salads,caesar,15,15,single,2026-10-08,görüntüden okundu
/listing/amici-30a-italian-kitchen/,https://img1.wsimg.com/blobby/go/e867862f-c100-46fe-882c-f119e8fe8d3b/20260515%20(20260513)%202026%20Summer%20Menu%20-%20Dinner%20.pdf,7f043372ae13caef3610c04cc0b535cc94d4e62b2ad016ff8c4ad81f0851709c,dinner,2026 summer dinner menu,small plates,"amy's ""famous"" amici 30A meatballs (3)",16,16,single,2026-10-08,görüntüden okundu
/listing/amici-30a-italian-kitchen/,https://img1.wsimg.com/blobby/go/e867862f-c100-46fe-882c-f119e8fe8d3b/20260515%20(20260513)%202026%20Summer%20Menu%20-%20Dinner%20.pdf,7f043372ae13caef3610c04cc0b535cc94d4e62b2ad016ff8c4ad81f0851709c,dinner,2026 summer dinner menu,small plates,toasted ravioli mozzarella cheese stick,18,18,single,2026-10-08,görüntüden okundu
/listing/amici-30a-italian-kitchen/,https://img1.wsimg.com/blobby/go/e867862f-c100-46fe-882c-f119e8fe8d3b/20260515%20(20260513)%202026%20Summer%20Menu%20-%20Dinner%20.pdf,7f043372ae13caef3610c04cc0b535cc94d4e62b2ad016ff8c4ad81f0851709c,dinner,2026 summer dinner menu,small plates,arancini (4 cheese),16,16,single,2026-10-08,görüntüden okundu
/listing/amici-30a-italian-kitchen/,https://img1.wsimg.com/blobby/go/e867862f-c100-46fe-882c-f119e8fe8d3b/20260515%20(20260513)%202026%20Summer%20Menu%20-%20Dinner%20.pdf,7f043372ae13caef3610c04cc0b535cc94d4e62b2ad016ff8c4ad81f0851709c,dinner,2026 summer dinner menu,small plates,amici 30A brussels sprouts,16,16,single,2026-10-08,görüntüden okundu
/listing/amici-30a-italian-kitchen/,https://img1.wsimg.com/blobby/go/e867862f-c100-46fe-882c-f119e8fe8d3b/20260515%20(20260513)%202026%20Summer%20Menu%20-%20Dinner%20.pdf,7f043372ae13caef3610c04cc0b535cc94d4e62b2ad016ff8c4ad81f0851709c,dinner,2026 summer dinner menu,small plates,calamari,18,18,single,2026-10-08,görüntüden okundu
/listing/amici-30a-italian-kitchen/,https://img1.wsimg.com/blobby/go/e867862f-c100-46fe-882c-f119e8fe8d3b/20260515%20(20260513)%202026%20Summer%20Menu%20-%20Dinner%20.pdf,7f043372ae13caef3610c04cc0b535cc94d4e62b2ad016ff8c4ad81f0851709c,dinner,2026 summer dinner menu,amici 30A signature neapolitan pizza pies,the family pie,23,23,single,2026-10-08,görüntüden okundu
/listing/amici-30a-italian-kitchen/,https://img1.wsimg.com/blobby/go/e867862f-c100-46fe-882c-f119e8fe8d3b/20260515%20(20260513)%202026%20Summer%20Menu%20-%20Dinner%20.pdf,7f043372ae13caef3610c04cc0b535cc94d4e62b2ad016ff8c4ad81f0851709c,dinner,2026 summer dinner menu,amici 30A signature neapolitan pizza pies,margherita,21,21,single,2026-10-08,görüntüden okundu
/listing/amici-30a-italian-kitchen/,https://img1.wsimg.com/blobby/go/e867862f-c100-46fe-882c-f119e8fe8d3b/20260515%20(20260513)%202026%20Summer%20Menu%20-%20Dinner%20.pdf,7f043372ae13caef3610c04cc0b535cc94d4e62b2ad016ff8c4ad81f0851709c,dinner,2026 summer dinner menu,amici 30A signature neapolitan pizza pies,cheese,19,19,single,2026-10-08,görüntüden okundu
/listing/amici-30a-italian-kitchen/,https://img1.wsimg.com/blobby/go/e867862f-c100-46fe-882c-f119e8fe8d3b/20260515%20(20260513)%202026%20Summer%20Menu%20-%20Dinner%20.pdf,7f043372ae13caef3610c04cc0b535cc94d4e62b2ad016ff8c4ad81f0851709c,dinner,2026 summer dinner menu,amici 30A signature neapolitan pizza pies,bianca,21,21,single,2026-10-08,görüntüden okundu
/listing/amici-30a-italian-kitchen/,https://img1.wsimg.com/blobby/go/e867862f-c100-46fe-882c-f119e8fe8d3b/20260515%20(20260513)%202026%20Summer%20Menu%20-%20Dinner%20.pdf,7f043372ae13caef3610c04cc0b535cc94d4e62b2ad016ff8c4ad81f0851709c,dinner,2026 summer dinner menu,amici 30A signature neapolitan pizza pies,pesto,25,25,single,2026-10-08,görüntüden okundu
/listing/amici-30a-italian-kitchen/,https://img1.wsimg.com/blobby/go/e867862f-c100-46fe-882c-f119e8fe8d3b/20260515%20(20260513)%202026%20Summer%20Menu%20-%20Dinner%20.pdf,7f043372ae13caef3610c04cc0b535cc94d4e62b2ad016ff8c4ad81f0851709c,dinner,2026 summer dinner menu,amici 30A signature neapolitan pizza pies,funghi,23,23,single,2026-10-08,görüntüden okundu
/listing/amici-30a-italian-kitchen/,https://img1.wsimg.com/blobby/go/e867862f-c100-46fe-882c-f119e8fe8d3b/20260515%20(20260513)%202026%20Summer%20Menu%20-%20Dinner%20.pdf,7f043372ae13caef3610c04cc0b535cc94d4e62b2ad016ff8c4ad81f0851709c,dinner,2026 summer dinner menu,amici 30A signature neapolitan pizza pies,farmers market,24,24,single,2026-10-08,görüntüden okundu
/listing/amici-30a-italian-kitchen/,https://img1.wsimg.com/blobby/go/e867862f-c100-46fe-882c-f119e8fe8d3b/20260515%20(20260513)%202026%20Summer%20Menu%20-%20Dinner%20.pdf,7f043372ae13caef3610c04cc0b535cc94d4e62b2ad016ff8c4ad81f0851709c,dinner,2026 summer dinner menu,amici 30A signature neapolitan pizza pies,pepperoni or spicy pepperoni,23,23,single,2026-10-08,görüntüden okundu
/listing/amici-30a-italian-kitchen/,https://img1.wsimg.com/blobby/go/e867862f-c100-46fe-882c-f119e8fe8d3b/20260515%20(20260513)%202026%20Summer%20Menu%20-%20Dinner%20.pdf,7f043372ae13caef3610c04cc0b535cc94d4e62b2ad016ff8c4ad81f0851709c,dinner,2026 summer dinner menu,amici 30A signature neapolitan pizza pies,salsiccia,24,24,single,2026-10-08,görüntüden okundu
/listing/amici-30a-italian-kitchen/,https://img1.wsimg.com/blobby/go/e867862f-c100-46fe-882c-f119e8fe8d3b/20260515%20(20260513)%202026%20Summer%20Menu%20-%20Dinner%20.pdf,7f043372ae13caef3610c04cc0b535cc94d4e62b2ad016ff8c4ad81f0851709c,dinner,2026 summer dinner menu,amici 30A signature neapolitan pizza pies,the spicy sausage,24,24,single,2026-10-08,görüntüden okundu
/listing/amici-30a-italian-kitchen/,https://img1.wsimg.com/blobby/go/e867862f-c100-46fe-882c-f119e8fe8d3b/20260515%20(20260513)%202026%20Summer%20Menu%20-%20Dinner%20.pdf,7f043372ae13caef3610c04cc0b535cc94d4e62b2ad016ff8c4ad81f0851709c,dinner,2026 summer dinner menu,amici 30A signature neapolitan pizza pies,bbq chicken,24,24,single,2026-10-08,görüntüden okundu
/listing/amici-30a-italian-kitchen/,https://img1.wsimg.com/blobby/go/e867862f-c100-46fe-882c-f119e8fe8d3b/20260515%20(20260513)%202026%20Summer%20Menu%20-%20Dinner%20.pdf,7f043372ae13caef3610c04cc0b535cc94d4e62b2ad016ff8c4ad81f0851709c,dinner,2026 summer dinner menu,amici 30A signature neapolitan pizza pies,"amy's ""famous"" amici 30A meatball pizza",23,23,single,2026-10-08,görüntüden okundu
/listing/amici-30a-italian-kitchen/,https://img1.wsimg.com/blobby/go/e867862f-c100-46fe-882c-f119e8fe8d3b/20260515%20(20260513)%202026%20Summer%20Menu%20-%20Dinner%20.pdf,7f043372ae13caef3610c04cc0b535cc94d4e62b2ad016ff8c4ad81f0851709c,dinner,2026 summer dinner menu,amici 30A signature neapolitan pizza pies,prosciutto di parma,25,25,single,2026-10-08,görüntüden okundu
/listing/amici-30a-italian-kitchen/,https://img1.wsimg.com/blobby/go/e867862f-c100-46fe-882c-f119e8fe8d3b/20260515%20(20260513)%202026%20Summer%20Menu%20-%20Dinner%20.pdf,7f043372ae13caef3610c04cc0b535cc94d4e62b2ad016ff8c4ad81f0851709c,dinner,2026 summer dinner menu,amici 30A signature neapolitan pizza pies,create your own (up to three toppings),22,22,single,2026-10-08,görüntüden okundu
/listing/amici-30a-italian-kitchen/,https://img1.wsimg.com/blobby/go/e867862f-c100-46fe-882c-f119e8fe8d3b/20260515%20(20260513)%202026%20Summer%20Menu%20-%20Dinner%20.pdf,7f043372ae13caef3610c04cc0b535cc94d4e62b2ad016ff8c4ad81f0851709c,dinner,2026 summer dinner menu,pastas,lasagna 30A,29,29,single,2026-10-08,görüntüden okundu
/listing/amici-30a-italian-kitchen/,https://img1.wsimg.com/blobby/go/e867862f-c100-46fe-882c-f119e8fe8d3b/20260515%20(20260513)%202026%20Summer%20Menu%20-%20Dinner%20.pdf,7f043372ae13caef3610c04cc0b535cc94d4e62b2ad016ff8c4ad81f0851709c,dinner,2026 summer dinner menu,pastas,spicy rigatoni vodka,26,26,single,2026-10-08,görüntüden okundu
/listing/amici-30a-italian-kitchen/,https://img1.wsimg.com/blobby/go/e867862f-c100-46fe-882c-f119e8fe8d3b/20260515%20(20260513)%202026%20Summer%20Menu%20-%20Dinner%20.pdf,7f043372ae13caef3610c04cc0b535cc94d4e62b2ad016ff8c4ad81f0851709c,dinner,2026 summer dinner menu,pastas,gnocchi creamy vodka,26,26,single,2026-10-08,görüntüden okundu
/listing/amici-30a-italian-kitchen/,https://img1.wsimg.com/blobby/go/e867862f-c100-46fe-882c-f119e8fe8d3b/20260515%20(20260513)%202026%20Summer%20Menu%20-%20Dinner%20.pdf,7f043372ae13caef3610c04cc0b535cc94d4e62b2ad016ff8c4ad81f0851709c,dinner,2026 summer dinner menu,pastas,spaghetti bolognese,26,26,single,2026-10-08,görüntüden okundu
/listing/amici-30a-italian-kitchen/,https://img1.wsimg.com/blobby/go/e867862f-c100-46fe-882c-f119e8fe8d3b/20260515%20(20260513)%202026%20Summer%20Menu%20-%20Dinner%20.pdf,7f043372ae13caef3610c04cc0b535cc94d4e62b2ad016ff8c4ad81f0851709c,dinner,2026 summer dinner menu,pastas,fettuccine alfredo,26,26,single,2026-10-08,görüntüden okundu
/listing/amici-30a-italian-kitchen/,https://img1.wsimg.com/blobby/go/e867862f-c100-46fe-882c-f119e8fe8d3b/20260515%20(20260513)%202026%20Summer%20Menu%20-%20Dinner%20.pdf,7f043372ae13caef3610c04cc0b535cc94d4e62b2ad016ff8c4ad81f0851709c,dinner,2026 summer dinner menu,pastas,rigatoni pesto,26,26,single,2026-10-08,görüntüden okundu
/listing/amici-30a-italian-kitchen/,https://img1.wsimg.com/blobby/go/e867862f-c100-46fe-882c-f119e8fe8d3b/20260515%20(20260513)%202026%20Summer%20Menu%20-%20Dinner%20.pdf,7f043372ae13caef3610c04cc0b535cc94d4e62b2ad016ff8c4ad81f0851709c,dinner,2026 summer dinner menu,pastas,spaghetti marinara,20,20,single,2026-10-08,görüntüden okundu
/listing/amici-30a-italian-kitchen/,https://img1.wsimg.com/blobby/go/e867862f-c100-46fe-882c-f119e8fe8d3b/20260515%20(20260513)%202026%20Summer%20Menu%20-%20Dinner%20.pdf,7f043372ae13caef3610c04cc0b535cc94d4e62b2ad016ff8c4ad81f0851709c,dinner,2026 summer dinner menu,pastas,the vegan italian,26,26,single,2026-10-08,görüntüden okundu
/listing/amici-30a-italian-kitchen/,https://img1.wsimg.com/blobby/go/e867862f-c100-46fe-882c-f119e8fe8d3b/20260515%20(20260513)%202026%20Summer%20Menu%20-%20Dinner%20.pdf,7f043372ae13caef3610c04cc0b535cc94d4e62b2ad016ff8c4ad81f0851709c,dinner,2026 summer dinner menu,bigger plates,"nathan's ""famous"" chicken parmigiana",28.50,28.5,single,2026-10-08,görüntüden okundu
/listing/amici-30a-italian-kitchen/,https://img1.wsimg.com/blobby/go/e867862f-c100-46fe-882c-f119e8fe8d3b/20260515%20(20260513)%202026%20Summer%20Menu%20-%20Dinner%20.pdf,7f043372ae13caef3610c04cc0b535cc94d4e62b2ad016ff8c4ad81f0851709c,dinner,2026 summer dinner menu,bigger plates,"lily's ""famous"" chicken piccata",28.50,28.5,single,2026-10-08,görüntüden okundu
/listing/amici-30a-italian-kitchen/,https://img1.wsimg.com/blobby/go/e867862f-c100-46fe-882c-f119e8fe8d3b/20260515%20(20260513)%202026%20Summer%20Menu%20-%20Dinner%20.pdf,7f043372ae13caef3610c04cc0b535cc94d4e62b2ad016ff8c4ad81f0851709c,dinner,2026 summer dinner menu,bigger plates,seafood piccata,39,39,single,2026-10-08,görüntüden okundu
/listing/amici-30a-italian-kitchen/,https://img1.wsimg.com/blobby/go/e867862f-c100-46fe-882c-f119e8fe8d3b/20260515%20(20260513)%202026%20Summer%20Menu%20-%20Dinner%20.pdf,7f043372ae13caef3610c04cc0b535cc94d4e62b2ad016ff8c4ad81f0851709c,dinner,2026 summer dinner menu,bigger plates,chicken bellagio,29,29,single,2026-10-08,görüntüden okundu
/listing/amici-30a-italian-kitchen/,https://img1.wsimg.com/blobby/go/e867862f-c100-46fe-882c-f119e8fe8d3b/20260515%20(20260513)%202026%20Summer%20Menu%20-%20Dinner%20.pdf,7f043372ae13caef3610c04cc0b535cc94d4e62b2ad016ff8c4ad81f0851709c,dinner,2026 summer dinner menu,bigger plates,alyssa's farmhouse chicken,28,28,single,2026-10-08,görüntüden okundu
/listing/amici-30a-italian-kitchen/,https://img1.wsimg.com/blobby/go/e867862f-c100-46fe-882c-f119e8fe8d3b/20260515%20(20260513)%202026%20Summer%20Menu%20-%20Dinner%20.pdf,7f043372ae13caef3610c04cc0b535cc94d4e62b2ad016ff8c4ad81f0851709c,dinner,2026 summer dinner menu,little amici's (ages 12 and under),cheese or pepperoni pizza,11,11,single,2026-10-08,görüntüden okundu
/listing/amici-30a-italian-kitchen/,https://img1.wsimg.com/blobby/go/e867862f-c100-46fe-882c-f119e8fe8d3b/20260515%20(20260513)%202026%20Summer%20Menu%20-%20Dinner%20.pdf,7f043372ae13caef3610c04cc0b535cc94d4e62b2ad016ff8c4ad81f0851709c,dinner,2026 summer dinner menu,little amici's (ages 12 and under),chicken fingers,11,11,single,2026-10-08,görüntüden okundu
/listing/amici-30a-italian-kitchen/,https://img1.wsimg.com/blobby/go/e867862f-c100-46fe-882c-f119e8fe8d3b/20260515%20(20260513)%202026%20Summer%20Menu%20-%20Dinner%20.pdf,7f043372ae13caef3610c04cc0b535cc94d4e62b2ad016ff8c4ad81f0851709c,dinner,2026 summer dinner menu,little amici's (ages 12 and under),homemade mac 'n' cheese,11,11,single,2026-10-08,görüntüden okundu
/listing/amici-30a-italian-kitchen/,https://img1.wsimg.com/blobby/go/e867862f-c100-46fe-882c-f119e8fe8d3b/20260515%20(20260513)%202026%20Summer%20Menu%20-%20Dinner%20.pdf,7f043372ae13caef3610c04cc0b535cc94d4e62b2ad016ff8c4ad81f0851709c,dinner,2026 summer dinner menu,little amici's (ages 12 and under),spaghetti,11,11,single,2026-10-08,görüntüden okundu
/listing/amici-30a-italian-kitchen/,https://img1.wsimg.com/blobby/go/e867862f-c100-46fe-882c-f119e8fe8d3b/20260515%20(20260513)%202026%20Summer%20Menu%20-%20Dinner%20.pdf,7f043372ae13caef3610c04cc0b535cc94d4e62b2ad016ff8c4ad81f0851709c,dinner,2026 summer dinner menu,desserts,alyssa's nutella zeppole,14,14,single,2026-10-08,görüntüden okundu
/listing/amici-30a-italian-kitchen/,https://img1.wsimg.com/blobby/go/e867862f-c100-46fe-882c-f119e8fe8d3b/20260515%20(20260513)%202026%20Summer%20Menu%20-%20Dinner%20.pdf,7f043372ae13caef3610c04cc0b535cc94d4e62b2ad016ff8c4ad81f0851709c,dinner,2026 summer dinner menu,desserts,tiramisu,13,13,single,2026-10-08,görüntüden okundu
/listing/amici-30a-italian-kitchen/,https://img1.wsimg.com/blobby/go/e867862f-c100-46fe-882c-f119e8fe8d3b/20260515%20(20260513)%202026%20Summer%20Menu%20-%20Dinner%20.pdf,7f043372ae13caef3610c04cc0b535cc94d4e62b2ad016ff8c4ad81f0851709c,dinner,2026 summer dinner menu,desserts,flourless chocolate cake,9,9,single,2026-10-08,görüntüden okundu
/listing/amici-30a-italian-kitchen/,https://img1.wsimg.com/blobby/go/e867862f-c100-46fe-882c-f119e8fe8d3b/20260515%20(20260513)%202026%20Summer%20Menu%20-%20Dinner%20.pdf,7f043372ae13caef3610c04cc0b535cc94d4e62b2ad016ff8c4ad81f0851709c,dinner,2026 summer dinner menu,desserts,lemon cello mascarpone cake,10,10,single,2026-10-08,görüntüden okundu
/listing/amici-30a-italian-kitchen/,https://img1.wsimg.com/blobby/go/e867862f-c100-46fe-882c-f119e8fe8d3b/20260515%20(20260513)%202026%20Summer%20Menu%20-%20Dinner%20.pdf,7f043372ae13caef3610c04cc0b535cc94d4e62b2ad016ff8c4ad81f0851709c,dinner,2026 summer dinner menu,desserts,chocolate chip cannoli,7,7,single,2026-10-08,görüntüden okundu
/listing/amici-30a-italian-kitchen/,https://img1.wsimg.com/blobby/go/e867862f-c100-46fe-882c-f119e8fe8d3b/20260515%20(20260513)%202026%20Summer%20Menu%20-%20Dinner%20.pdf,7f043372ae13caef3610c04cc0b535cc94d4e62b2ad016ff8c4ad81f0851709c,dinner,2026 summer dinner menu,desserts,gelato,8,8,single,2026-10-08,görüntüden okundu
/listing/amici-30a-italian-kitchen/,https://img1.wsimg.com/blobby/go/e867862f-c100-46fe-882c-f119e8fe8d3b/20260515%20(20260513)%202026%20Summer%20Menu%20-%20Dinner%20.pdf,7f043372ae13caef3610c04cc0b535cc94d4e62b2ad016ff8c4ad81f0851709c,dinner,2026 summer dinner menu,desserts,raspberry sorbet,8,8,single,2026-10-08,görüntüden okundu
/listing/amici-30a-italian-kitchen/,https://img1.wsimg.com/blobby/go/e867862f-c100-46fe-882c-f119e8fe8d3b/20260515%20(20260513)%202026%20Summer%20Menu%20-%20Drink%20-.pdf,928b3cbc6dd8762a0266ac1a5c0e0255da8ab8d1a1e03ce0075f72a16f02dae0,drinks,"happy hour, cocktails, wine & beer list",cocktails,summer on 30A,14,14,single,2026-10-08,görüntüden okundu
/listing/amici-30a-italian-kitchen/,https://img1.wsimg.com/blobby/go/e867862f-c100-46fe-882c-f119e8fe8d3b/20260515%20(20260513)%202026%20Summer%20Menu%20-%20Drink%20-.pdf,928b3cbc6dd8762a0266ac1a5c0e0255da8ab8d1a1e03ce0075f72a16f02dae0,drinks,"happy hour, cocktails, wine & beer list",cocktails,check-out day painkiller,14,14,single,2026-10-08,görüntüden okundu
/listing/amici-30a-italian-kitchen/,https://img1.wsimg.com/blobby/go/e867862f-c100-46fe-882c-f119e8fe8d3b/20260515%20(20260513)%202026%20Summer%20Menu%20-%20Drink%20-.pdf,928b3cbc6dd8762a0266ac1a5c0e0255da8ab8d1a1e03ce0075f72a16f02dae0,drinks,"happy hour, cocktails, wine & beer list",cocktails,"""sangarita""",14,14,single,2026-10-08,görüntüden okundu
/listing/amici-30a-italian-kitchen/,https://img1.wsimg.com/blobby/go/e867862f-c100-46fe-882c-f119e8fe8d3b/20260515%20(20260513)%202026%20Summer%20Menu%20-%20Drink%20-.pdf,928b3cbc6dd8762a0266ac1a5c0e0255da8ab8d1a1e03ce0075f72a16f02dae0,drinks,"happy hour, cocktails, wine & beer list",cocktails,smoked old fashioned,14,14,single,2026-10-08,görüntüden okundu
/listing/amici-30a-italian-kitchen/,https://img1.wsimg.com/blobby/go/e867862f-c100-46fe-882c-f119e8fe8d3b/20260515%20(20260513)%202026%20Summer%20Menu%20-%20Drink%20-.pdf,928b3cbc6dd8762a0266ac1a5c0e0255da8ab8d1a1e03ce0075f72a16f02dae0,drinks,"happy hour, cocktails, wine & beer list",cocktails,rosemary's cucumber potion,14,14,single,2026-10-08,görüntüden okundu
/listing/amici-30a-italian-kitchen/,https://img1.wsimg.com/blobby/go/e867862f-c100-46fe-882c-f119e8fe8d3b/20260515%20(20260513)%202026%20Summer%20Menu%20-%20Drink%20-.pdf,928b3cbc6dd8762a0266ac1a5c0e0255da8ab8d1a1e03ce0075f72a16f02dae0,drinks,"happy hour, cocktails, wine & beer list",cocktails,limonata (lemonade),14,14,single,2026-10-08,görüntüden okundu
/listing/amici-30a-italian-kitchen/,https://img1.wsimg.com/blobby/go/e867862f-c100-46fe-882c-f119e8fe8d3b/20260515%20(20260513)%202026%20Summer%20Menu%20-%20Drink%20-.pdf,928b3cbc6dd8762a0266ac1a5c0e0255da8ab8d1a1e03ce0075f72a16f02dae0,drinks,"happy hour, cocktails, wine & beer list",spritz,aperol spritz,14,14,single,2026-10-08,görüntüden okundu
/listing/amici-30a-italian-kitchen/,https://img1.wsimg.com/blobby/go/e867862f-c100-46fe-882c-f119e8fe8d3b/20260515%20(20260513)%202026%20Summer%20Menu%20-%20Drink%20-.pdf,928b3cbc6dd8762a0266ac1a5c0e0255da8ab8d1a1e03ce0075f72a16f02dae0,drinks,"happy hour, cocktails, wine & beer list",spritz,hugo spritz,14,14,single,2026-10-08,görüntüden okundu
/listing/amici-30a-italian-kitchen/,https://img1.wsimg.com/blobby/go/e867862f-c100-46fe-882c-f119e8fe8d3b/20260515%20(20260513)%202026%20Summer%20Menu%20-%20Drink%20-.pdf,928b3cbc6dd8762a0266ac1a5c0e0255da8ab8d1a1e03ce0075f72a16f02dae0,drinks,"happy hour, cocktails, wine & beer list",dessert cocktails,espresso martini,14,14,single,2026-10-08,görüntüden okundu
/listing/amici-30a-italian-kitchen/,https://img1.wsimg.com/blobby/go/e867862f-c100-46fe-882c-f119e8fe8d3b/20260515%20(20260513)%202026%20Summer%20Menu%20-%20Drink%20-.pdf,928b3cbc6dd8762a0266ac1a5c0e0255da8ab8d1a1e03ce0075f72a16f02dae0,drinks,"happy hour, cocktails, wine & beer list",hard seltzers,high noon vodka watermelon,8,8,single,2026-10-08,görüntüden okundu
/listing/amici-30a-italian-kitchen/,https://img1.wsimg.com/blobby/go/e867862f-c100-46fe-882c-f119e8fe8d3b/20260515%20(20260513)%202026%20Summer%20Menu%20-%20Drink%20-.pdf,928b3cbc6dd8762a0266ac1a5c0e0255da8ab8d1a1e03ce0075f72a16f02dae0,drinks,"happy hour, cocktails, wine & beer list",non-alcoholic beverages,fountain drinks,4.50,4.5,single,2026-10-08,görüntüden okundu
/listing/amici-30a-italian-kitchen/,https://img1.wsimg.com/blobby/go/e867862f-c100-46fe-882c-f119e8fe8d3b/20260515%20(20260513)%202026%20Summer%20Menu%20--108c84c.pdf,d8596c8fb288bf49d4f3139e095959524d86993deef95dd2229e93fdedae882a,kids,little amici's & desserts,little amici's (ages 12 and under),cheese or pepperoni pizza,11,11,single,2026-10-08,görüntüden okundu
/listing/amici-30a-italian-kitchen/,https://img1.wsimg.com/blobby/go/e867862f-c100-46fe-882c-f119e8fe8d3b/20260515%20(20260513)%202026%20Summer%20Menu%20--108c84c.pdf,d8596c8fb288bf49d4f3139e095959524d86993deef95dd2229e93fdedae882a,kids,little amici's & desserts,little amici's (ages 12 and under),chicken fingers,11,11,single,2026-10-08,görüntüden okundu
/listing/amici-30a-italian-kitchen/,https://img1.wsimg.com/blobby/go/e867862f-c100-46fe-882c-f119e8fe8d3b/20260515%20(20260513)%202026%20Summer%20Menu%20--108c84c.pdf,d8596c8fb288bf49d4f3139e095959524d86993deef95dd2229e93fdedae882a,kids,little amici's & desserts,little amici's (ages 12 and under),homemade mac 'n' cheese,11,11,single,2026-10-08,görüntüden okundu
/listing/amici-30a-italian-kitchen/,https://img1.wsimg.com/blobby/go/e867862f-c100-46fe-882c-f119e8fe8d3b/20260515%20(20260513)%202026%20Summer%20Menu%20--108c84c.pdf,d8596c8fb288bf49d4f3139e095959524d86993deef95dd2229e93fdedae882a,kids,little amici's & desserts,little amici's (ages 12 and under),spaghetti,11,11,single,2026-10-08,görüntüden okundu
/listing/amici-30a-italian-kitchen/,https://img1.wsimg.com/blobby/go/e867862f-c100-46fe-882c-f119e8fe8d3b/20260515%20(20260513)%202026%20Summer%20Menu%20--108c84c.pdf,d8596c8fb288bf49d4f3139e095959524d86993deef95dd2229e93fdedae882a,kids,little amici's & desserts,desserts,alyssa's nutella zeppole,14,14,single,2026-10-08,görüntüden okundu
/listing/amici-30a-italian-kitchen/,https://img1.wsimg.com/blobby/go/e867862f-c100-46fe-882c-f119e8fe8d3b/20260515%20(20260513)%202026%20Summer%20Menu%20--108c84c.pdf,d8596c8fb288bf49d4f3139e095959524d86993deef95dd2229e93fdedae882a,kids,little amici's & desserts,desserts,tiramisu,13,13,single,2026-10-08,görüntüden okundu
/listing/amici-30a-italian-kitchen/,https://img1.wsimg.com/blobby/go/e867862f-c100-46fe-882c-f119e8fe8d3b/20260515%20(20260513)%202026%20Summer%20Menu%20--108c84c.pdf,d8596c8fb288bf49d4f3139e095959524d86993deef95dd2229e93fdedae882a,kids,little amici's & desserts,desserts,flourless chocolate cake,9,9,single,2026-10-08,görüntüden okundu
/listing/amici-30a-italian-kitchen/,https://img1.wsimg.com/blobby/go/e867862f-c100-46fe-882c-f119e8fe8d3b/20260515%20(20260513)%202026%20Summer%20Menu%20--108c84c.pdf,d8596c8fb288bf49d4f3139e095959524d86993deef95dd2229e93fdedae882a,kids,little amici's & desserts,desserts,lemon cello mascarpone cake,10,10,single,2026-10-08,görüntüden okundu
/listing/amici-30a-italian-kitchen/,https://img1.wsimg.com/blobby/go/e867862f-c100-46fe-882c-f119e8fe8d3b/20260515%20(20260513)%202026%20Summer%20Menu%20--108c84c.pdf,d8596c8fb288bf49d4f3139e095959524d86993deef95dd2229e93fdedae882a,kids,little amici's & desserts,desserts,chocolate chip cannoli,7,7,single,2026-10-08,görüntüden okundu
/listing/amici-30a-italian-kitchen/,https://img1.wsimg.com/blobby/go/e867862f-c100-46fe-882c-f119e8fe8d3b/20260515%20(20260513)%202026%20Summer%20Menu%20--108c84c.pdf,d8596c8fb288bf49d4f3139e095959524d86993deef95dd2229e93fdedae882a,kids,little amici's & desserts,desserts,gelato,8,8,single,2026-10-08,görüntüden okundu
/listing/amici-30a-italian-kitchen/,https://img1.wsimg.com/blobby/go/e867862f-c100-46fe-882c-f119e8fe8d3b/20260515%20(20260513)%202026%20Summer%20Menu%20--108c84c.pdf,d8596c8fb288bf49d4f3139e095959524d86993deef95dd2229e93fdedae882a,kids,little amici's & desserts,desserts,raspberry sorbet,8,8,single,2026-10-08,görüntüden okundu
/listing/ck-feed-supply-provisions-gifts/,https://cowgirlkitchen.com/wp-content/uploads/2025/03/FS_MenuBoard_1_02.21.25_WEB-scaled.jpg,28e320c39a0c40fa7b3da9fa0fb89e322d60146a02cfe6eedf17d9490b8b3815,general,Feed & Supply menü panosu: Handhelds To Go,,,,,,2026-10-08,görüntüden okundu
/listing/ck-feed-supply-provisions-gifts/,https://cowgirlkitchen.com/wp-content/uploads/2024/11/FS_MenuBoard_2_11.24-scaled.jpg,78bcb7d5a21163fbbeb810c205910ee79a195f1935d21628f82cca058ba3ac73,general,"Feed & Supply menü panosu: Cocktails and Beverages, Picnic Sharables",Cocktails and Beverages,Iced Coffee,5,5,single,2026-10-08,görüntüden okundu
/listing/ck-feed-supply-provisions-gifts/,https://cowgirlkitchen.com/wp-content/uploads/2024/11/FS_MenuBoard_2_11.24-scaled.jpg,78bcb7d5a21163fbbeb810c205910ee79a195f1935d21628f82cca058ba3ac73,general,"Feed & Supply menü panosu: Cocktails and Beverages, Picnic Sharables",Cocktails and Beverages,Iced Vanilla Coffee,6,6,single,2026-10-08,görüntüden okundu
/listing/ck-feed-supply-provisions-gifts/,https://cowgirlkitchen.com/wp-content/uploads/2024/11/FS_MenuBoard_2_11.24-scaled.jpg,78bcb7d5a21163fbbeb810c205910ee79a195f1935d21628f82cca058ba3ac73,general,"Feed & Supply menü panosu: Cocktails and Beverages, Picnic Sharables",Cocktails and Beverages,Walkabout Mimosa,8,8,single,2026-10-08,görüntüden okundu
/listing/ck-feed-supply-provisions-gifts/,https://cowgirlkitchen.com/wp-content/uploads/2024/11/FS_MenuBoard_2_11.24-scaled.jpg,78bcb7d5a21163fbbeb810c205910ee79a195f1935d21628f82cca058ba3ac73,general,"Feed & Supply menü panosu: Cocktails and Beverages, Picnic Sharables",Cocktails and Beverages,Rosemary Breeze,10,10,single,2026-10-08,görüntüden okundu
/listing/ck-feed-supply-provisions-gifts/,https://cowgirlkitchen.com/wp-content/uploads/2024/11/FS_MenuBoard_2_11.24-scaled.jpg,78bcb7d5a21163fbbeb810c205910ee79a195f1935d21628f82cca058ba3ac73,general,"Feed & Supply menü panosu: Cocktails and Beverages, Picnic Sharables",Cocktails and Beverages,Cowboy's Curse,10,10,single,2026-10-08,görüntüden okundu
/listing/ck-feed-supply-provisions-gifts/,https://cowgirlkitchen.com/wp-content/uploads/2024/11/FS_MenuBoard_2_11.24-scaled.jpg,78bcb7d5a21163fbbeb810c205910ee79a195f1935d21628f82cca058ba3ac73,general,"Feed & Supply menü panosu: Cocktails and Beverages, Picnic Sharables",Cocktails and Beverages,Salty Cowgirl,10,10,single,2026-10-08,görüntüden okundu
/listing/ck-feed-supply-provisions-gifts/,https://cowgirlkitchen.com/wp-content/uploads/2024/11/FS_MenuBoard_2_11.24-scaled.jpg,78bcb7d5a21163fbbeb810c205910ee79a195f1935d21628f82cca058ba3ac73,general,"Feed & Supply menü panosu: Cocktails and Beverages, Picnic Sharables",Cocktails and Beverages,Beach Bound Bloody Mary,8,8,single,2026-10-08,görüntüden okundu
/listing/ck-feed-supply-provisions-gifts/,https://cowgirlkitchen.com/wp-content/uploads/2024/11/FS_MenuBoard_2_11.24-scaled.jpg,78bcb7d5a21163fbbeb810c205910ee79a195f1935d21628f82cca058ba3ac73,general,"Feed & Supply menü panosu: Cocktails and Beverages, Picnic Sharables",Cocktails and Beverages,Today's Featured Pour,10,10,single,2026-10-08,görüntüden okundu
/listing/ck-feed-supply-provisions-gifts/,https://cowgirlkitchen.com/wp-content/uploads/2024/11/FS_MenuBoard_2_11.24-scaled.jpg,78bcb7d5a21163fbbeb810c205910ee79a195f1935d21628f82cca058ba3ac73,general,"Feed & Supply menü panosu: Cocktails and Beverages, Picnic Sharables",Cocktails and Beverages,Bubbles Please!,9,9,single,2026-10-08,görüntüden okundu
/listing/ck-feed-supply-provisions-gifts/,https://cowgirlkitchen.com/wp-content/uploads/2024/11/FS_MenuBoard_2_11.24-scaled.jpg,78bcb7d5a21163fbbeb810c205910ee79a195f1935d21628f82cca058ba3ac73,general,"Feed & Supply menü panosu: Cocktails and Beverages, Picnic Sharables",Cocktails and Beverages,Spicy Margarita,10,10,single,2026-10-08,görüntüden okundu
/listing/ck-feed-supply-provisions-gifts/,https://cowgirlkitchen.com/wp-content/uploads/2024/11/FS_MenuBoard_2_11.24-scaled.jpg,78bcb7d5a21163fbbeb810c205910ee79a195f1935d21628f82cca058ba3ac73,general,"Feed & Supply menü panosu: Cocktails and Beverages, Picnic Sharables",Cocktails and Beverages,Signature Frose,10,10,single,2026-10-08,görüntüden okundu
/listing/ck-feed-supply-provisions-gifts/,https://cowgirlkitchen.com/wp-content/uploads/2024/11/FS_MenuBoard_2_11.24-scaled.jpg,78bcb7d5a21163fbbeb810c205910ee79a195f1935d21628f82cca058ba3ac73,general,"Feed & Supply menü panosu: Cocktails and Beverages, Picnic Sharables",Cocktails and Beverages,30A Blonde Draft Beer,6,6,single,2026-10-08,görüntüden okundu
/listing/ck-feed-supply-provisions-gifts/,https://cowgirlkitchen.com/wp-content/uploads/2024/11/FS_MenuBoard_2_11.24-scaled.jpg,78bcb7d5a21163fbbeb810c205910ee79a195f1935d21628f82cca058ba3ac73,general,"Feed & Supply menü panosu: Cocktails and Beverages, Picnic Sharables",Cocktails and Beverages,Seasonal Draft,6,6,single,2026-10-08,görüntüden okundu
/listing/ck-feed-supply-provisions-gifts/,https://cowgirlkitchen.com/wp-content/uploads/2024/11/FS_MenuBoard_2_11.24-scaled.jpg,78bcb7d5a21163fbbeb810c205910ee79a195f1935d21628f82cca058ba3ac73,general,"Feed & Supply menü panosu: Cocktails and Beverages, Picnic Sharables",Picnic Sharables,Queso & Tortilla Chips,8,8,single,2026-10-08,görüntüden okundu
/listing/ck-feed-supply-provisions-gifts/,https://cowgirlkitchen.com/wp-content/uploads/2024/11/FS_MenuBoard_2_11.24-scaled.jpg,78bcb7d5a21163fbbeb810c205910ee79a195f1935d21628f82cca058ba3ac73,general,"Feed & Supply menü panosu: Cocktails and Beverages, Picnic Sharables",Picnic Sharables,Nachos,12,12,single,2026-10-08,görüntüden okundu
/listing/ck-feed-supply-provisions-gifts/,https://cowgirlkitchen.com/wp-content/uploads/2024/11/FS_MenuBoard_2_11.24-scaled.jpg,78bcb7d5a21163fbbeb810c205910ee79a195f1935d21628f82cca058ba3ac73,general,"Feed & Supply menü panosu: Cocktails and Beverages, Picnic Sharables",Picnic Sharables,Corn Elote Dip & Tortilla Chips,12,12,single,2026-10-08,görüntüden okundu
/listing/ck-feed-supply-provisions-gifts/,https://cowgirlkitchen.com/wp-content/uploads/2024/11/FS_MenuBoard_2_11.24-scaled.jpg,78bcb7d5a21163fbbeb810c205910ee79a195f1935d21628f82cca058ba3ac73,general,"Feed & Supply menü panosu: Cocktails and Beverages, Picnic Sharables",Picnic Sharables,Smoked Tuna Dip & Pita Bread,12,12,single,2026-10-08,görüntüden okundu
/listing/ck-feed-supply-provisions-gifts/,https://cowgirlkitchen.com/wp-content/uploads/2025/03/FS_MenuBoard_3_02.21.25_WEB-scaled.jpg,71ffa9083c1142815bda1221c193399adf1e21388a611f4666c81a44a673a40a,general,Feed & Supply menü panosu: Stock Up!,,,,,,2026-10-08,görüntüden okundu
/listing/cafe-tango/,http://cafetango30-a.com/wp-content/uploads/2026/05/7356-Cafe-Tango-Menu-1-2.jpeg,62b0f2175e7bc4b07f5bfa9d89609337cec9c09be28b5b70f880a56a128c05d8,drinks,Wine List,,,,,,2026-10-08,görüntüden okundu
/listing/canopy-road-cafe/,https://cdn.prod.website-files.com/5f90506754314629f944f2f9/67d0e4a0519508a398ded680_menu-pg1.png,bcb2a7c5a1db9c902a420ed3bae0daedcc36c0bb39f25868edbb3dad3a2e0537,breakfast,Breakfast,,,,,,2026-10-08,görüntüden okundu
/listing/canopy-road-cafe/,https://cdn.prod.website-files.com/5f90506754314629f944f2f9/67d0e4a096516cb5857db239_menu-pg2.png,4b0783f1dbfc769c72cb0075ccba737eeff4d866f72a44311391631f5897ab7a,general,Breakfast & Lunch (sayfa 2),,,,,,2026-10-08,görüntüden okundu
/listing/cowgirl-kitchen/,https://cowgirlkitchen.com/wp-content/uploads/2025/03/FS_MenuBoard_1_02.21.25_WEB-scaled.jpg,28e320c39a0c40fa7b3da9fa0fb89e322d60146a02cfe6eedf17d9490b8b3815,general,Feed & Supply menü panosu: Handhelds To Go,,,,,,2026-10-08,görüntüden okundu
/listing/cowgirl-kitchen/,https://cowgirlkitchen.com/wp-content/uploads/2024/11/FS_MenuBoard_2_11.24-scaled.jpg,78bcb7d5a21163fbbeb810c205910ee79a195f1935d21628f82cca058ba3ac73,general,"Feed & Supply menü panosu: Cocktails and Beverages, Picnic Sharables",Cocktails and Beverages,Iced Coffee,5,5,single,2026-10-08,görüntüden okundu
/listing/cowgirl-kitchen/,https://cowgirlkitchen.com/wp-content/uploads/2024/11/FS_MenuBoard_2_11.24-scaled.jpg,78bcb7d5a21163fbbeb810c205910ee79a195f1935d21628f82cca058ba3ac73,general,"Feed & Supply menü panosu: Cocktails and Beverages, Picnic Sharables",Cocktails and Beverages,Iced Vanilla Coffee,6,6,single,2026-10-08,görüntüden okundu
/listing/cowgirl-kitchen/,https://cowgirlkitchen.com/wp-content/uploads/2024/11/FS_MenuBoard_2_11.24-scaled.jpg,78bcb7d5a21163fbbeb810c205910ee79a195f1935d21628f82cca058ba3ac73,general,"Feed & Supply menü panosu: Cocktails and Beverages, Picnic Sharables",Cocktails and Beverages,Walkabout Mimosa,8,8,single,2026-10-08,görüntüden okundu
/listing/cowgirl-kitchen/,https://cowgirlkitchen.com/wp-content/uploads/2024/11/FS_MenuBoard_2_11.24-scaled.jpg,78bcb7d5a21163fbbeb810c205910ee79a195f1935d21628f82cca058ba3ac73,general,"Feed & Supply menü panosu: Cocktails and Beverages, Picnic Sharables",Cocktails and Beverages,Rosemary Breeze,10,10,single,2026-10-08,görüntüden okundu
/listing/cowgirl-kitchen/,https://cowgirlkitchen.com/wp-content/uploads/2024/11/FS_MenuBoard_2_11.24-scaled.jpg,78bcb7d5a21163fbbeb810c205910ee79a195f1935d21628f82cca058ba3ac73,general,"Feed & Supply menü panosu: Cocktails and Beverages, Picnic Sharables",Cocktails and Beverages,Cowboy's Curse,10,10,single,2026-10-08,görüntüden okundu
/listing/cowgirl-kitchen/,https://cowgirlkitchen.com/wp-content/uploads/2024/11/FS_MenuBoard_2_11.24-scaled.jpg,78bcb7d5a21163fbbeb810c205910ee79a195f1935d21628f82cca058ba3ac73,general,"Feed & Supply menü panosu: Cocktails and Beverages, Picnic Sharables",Cocktails and Beverages,Salty Cowgirl,10,10,single,2026-10-08,görüntüden okundu
/listing/cowgirl-kitchen/,https://cowgirlkitchen.com/wp-content/uploads/2024/11/FS_MenuBoard_2_11.24-scaled.jpg,78bcb7d5a21163fbbeb810c205910ee79a195f1935d21628f82cca058ba3ac73,general,"Feed & Supply menü panosu: Cocktails and Beverages, Picnic Sharables",Cocktails and Beverages,Beach Bound Bloody Mary,8,8,single,2026-10-08,görüntüden okundu
/listing/cowgirl-kitchen/,https://cowgirlkitchen.com/wp-content/uploads/2024/11/FS_MenuBoard_2_11.24-scaled.jpg,78bcb7d5a21163fbbeb810c205910ee79a195f1935d21628f82cca058ba3ac73,general,"Feed & Supply menü panosu: Cocktails and Beverages, Picnic Sharables",Cocktails and Beverages,Today's Featured Pour,10,10,single,2026-10-08,görüntüden okundu
/listing/cowgirl-kitchen/,https://cowgirlkitchen.com/wp-content/uploads/2024/11/FS_MenuBoard_2_11.24-scaled.jpg,78bcb7d5a21163fbbeb810c205910ee79a195f1935d21628f82cca058ba3ac73,general,"Feed & Supply menü panosu: Cocktails and Beverages, Picnic Sharables",Cocktails and Beverages,Bubbles Please!,9,9,single,2026-10-08,görüntüden okundu
/listing/cowgirl-kitchen/,https://cowgirlkitchen.com/wp-content/uploads/2024/11/FS_MenuBoard_2_11.24-scaled.jpg,78bcb7d5a21163fbbeb810c205910ee79a195f1935d21628f82cca058ba3ac73,general,"Feed & Supply menü panosu: Cocktails and Beverages, Picnic Sharables",Cocktails and Beverages,Spicy Margarita,10,10,single,2026-10-08,görüntüden okundu
/listing/cowgirl-kitchen/,https://cowgirlkitchen.com/wp-content/uploads/2024/11/FS_MenuBoard_2_11.24-scaled.jpg,78bcb7d5a21163fbbeb810c205910ee79a195f1935d21628f82cca058ba3ac73,general,"Feed & Supply menü panosu: Cocktails and Beverages, Picnic Sharables",Cocktails and Beverages,Signature Frose,10,10,single,2026-10-08,görüntüden okundu
/listing/cowgirl-kitchen/,https://cowgirlkitchen.com/wp-content/uploads/2024/11/FS_MenuBoard_2_11.24-scaled.jpg,78bcb7d5a21163fbbeb810c205910ee79a195f1935d21628f82cca058ba3ac73,general,"Feed & Supply menü panosu: Cocktails and Beverages, Picnic Sharables",Cocktails and Beverages,30A Blonde Draft Beer,6,6,single,2026-10-08,görüntüden okundu
/listing/cowgirl-kitchen/,https://cowgirlkitchen.com/wp-content/uploads/2024/11/FS_MenuBoard_2_11.24-scaled.jpg,78bcb7d5a21163fbbeb810c205910ee79a195f1935d21628f82cca058ba3ac73,general,"Feed & Supply menü panosu: Cocktails and Beverages, Picnic Sharables",Cocktails and Beverages,Seasonal Draft,6,6,single,2026-10-08,görüntüden okundu
/listing/cowgirl-kitchen/,https://cowgirlkitchen.com/wp-content/uploads/2024/11/FS_MenuBoard_2_11.24-scaled.jpg,78bcb7d5a21163fbbeb810c205910ee79a195f1935d21628f82cca058ba3ac73,general,"Feed & Supply menü panosu: Cocktails and Beverages, Picnic Sharables",Picnic Sharables,Queso & Tortilla Chips,8,8,single,2026-10-08,görüntüden okundu
/listing/cowgirl-kitchen/,https://cowgirlkitchen.com/wp-content/uploads/2024/11/FS_MenuBoard_2_11.24-scaled.jpg,78bcb7d5a21163fbbeb810c205910ee79a195f1935d21628f82cca058ba3ac73,general,"Feed & Supply menü panosu: Cocktails and Beverages, Picnic Sharables",Picnic Sharables,Nachos,12,12,single,2026-10-08,görüntüden okundu
/listing/cowgirl-kitchen/,https://cowgirlkitchen.com/wp-content/uploads/2024/11/FS_MenuBoard_2_11.24-scaled.jpg,78bcb7d5a21163fbbeb810c205910ee79a195f1935d21628f82cca058ba3ac73,general,"Feed & Supply menü panosu: Cocktails and Beverages, Picnic Sharables",Picnic Sharables,Corn Elote Dip & Tortilla Chips,12,12,single,2026-10-08,görüntüden okundu
/listing/cowgirl-kitchen/,https://cowgirlkitchen.com/wp-content/uploads/2024/11/FS_MenuBoard_2_11.24-scaled.jpg,78bcb7d5a21163fbbeb810c205910ee79a195f1935d21628f82cca058ba3ac73,general,"Feed & Supply menü panosu: Cocktails and Beverages, Picnic Sharables",Picnic Sharables,Smoked Tuna Dip & Pita Bread,12,12,single,2026-10-08,görüntüden okundu
/listing/cowgirl-kitchen/,https://cowgirlkitchen.com/wp-content/uploads/2025/03/FS_MenuBoard_3_02.21.25_WEB-scaled.jpg,71ffa9083c1142815bda1221c193399adf1e21388a611f4666c81a44a673a40a,general,Feed & Supply menü panosu: Stock Up!,,,,,,2026-10-08,görüntüden okundu
/listing/cowgirl-kitchen-restaurant-bar/,https://cowgirlkitchen.com/wp-content/uploads/2025/03/FS_MenuBoard_1_02.21.25_WEB-scaled.jpg,28e320c39a0c40fa7b3da9fa0fb89e322d60146a02cfe6eedf17d9490b8b3815,general,Feed & Supply menü panosu: Handhelds To Go,,,,,,2026-10-08,görüntüden okundu
/listing/cowgirl-kitchen-restaurant-bar/,https://cowgirlkitchen.com/wp-content/uploads/2024/11/FS_MenuBoard_2_11.24-scaled.jpg,78bcb7d5a21163fbbeb810c205910ee79a195f1935d21628f82cca058ba3ac73,general,"Feed & Supply menü panosu: Cocktails and Beverages, Picnic Sharables",Cocktails and Beverages,Iced Coffee,5,5,single,2026-10-08,görüntüden okundu
/listing/cowgirl-kitchen-restaurant-bar/,https://cowgirlkitchen.com/wp-content/uploads/2024/11/FS_MenuBoard_2_11.24-scaled.jpg,78bcb7d5a21163fbbeb810c205910ee79a195f1935d21628f82cca058ba3ac73,general,"Feed & Supply menü panosu: Cocktails and Beverages, Picnic Sharables",Cocktails and Beverages,Iced Vanilla Coffee,6,6,single,2026-10-08,görüntüden okundu
/listing/cowgirl-kitchen-restaurant-bar/,https://cowgirlkitchen.com/wp-content/uploads/2024/11/FS_MenuBoard_2_11.24-scaled.jpg,78bcb7d5a21163fbbeb810c205910ee79a195f1935d21628f82cca058ba3ac73,general,"Feed & Supply menü panosu: Cocktails and Beverages, Picnic Sharables",Cocktails and Beverages,Walkabout Mimosa,8,8,single,2026-10-08,görüntüden okundu
/listing/cowgirl-kitchen-restaurant-bar/,https://cowgirlkitchen.com/wp-content/uploads/2024/11/FS_MenuBoard_2_11.24-scaled.jpg,78bcb7d5a21163fbbeb810c205910ee79a195f1935d21628f82cca058ba3ac73,general,"Feed & Supply menü panosu: Cocktails and Beverages, Picnic Sharables",Cocktails and Beverages,Rosemary Breeze,10,10,single,2026-10-08,görüntüden okundu
/listing/cowgirl-kitchen-restaurant-bar/,https://cowgirlkitchen.com/wp-content/uploads/2024/11/FS_MenuBoard_2_11.24-scaled.jpg,78bcb7d5a21163fbbeb810c205910ee79a195f1935d21628f82cca058ba3ac73,general,"Feed & Supply menü panosu: Cocktails and Beverages, Picnic Sharables",Cocktails and Beverages,Cowboy's Curse,10,10,single,2026-10-08,görüntüden okundu
/listing/cowgirl-kitchen-restaurant-bar/,https://cowgirlkitchen.com/wp-content/uploads/2024/11/FS_MenuBoard_2_11.24-scaled.jpg,78bcb7d5a21163fbbeb810c205910ee79a195f1935d21628f82cca058ba3ac73,general,"Feed & Supply menü panosu: Cocktails and Beverages, Picnic Sharables",Cocktails and Beverages,Salty Cowgirl,10,10,single,2026-10-08,görüntüden okundu
/listing/cowgirl-kitchen-restaurant-bar/,https://cowgirlkitchen.com/wp-content/uploads/2024/11/FS_MenuBoard_2_11.24-scaled.jpg,78bcb7d5a21163fbbeb810c205910ee79a195f1935d21628f82cca058ba3ac73,general,"Feed & Supply menü panosu: Cocktails and Beverages, Picnic Sharables",Cocktails and Beverages,Beach Bound Bloody Mary,8,8,single,2026-10-08,görüntüden okundu
/listing/cowgirl-kitchen-restaurant-bar/,https://cowgirlkitchen.com/wp-content/uploads/2024/11/FS_MenuBoard_2_11.24-scaled.jpg,78bcb7d5a21163fbbeb810c205910ee79a195f1935d21628f82cca058ba3ac73,general,"Feed & Supply menü panosu: Cocktails and Beverages, Picnic Sharables",Cocktails and Beverages,Today's Featured Pour,10,10,single,2026-10-08,görüntüden okundu
/listing/cowgirl-kitchen-restaurant-bar/,https://cowgirlkitchen.com/wp-content/uploads/2024/11/FS_MenuBoard_2_11.24-scaled.jpg,78bcb7d5a21163fbbeb810c205910ee79a195f1935d21628f82cca058ba3ac73,general,"Feed & Supply menü panosu: Cocktails and Beverages, Picnic Sharables",Cocktails and Beverages,Bubbles Please!,9,9,single,2026-10-08,görüntüden okundu
/listing/cowgirl-kitchen-restaurant-bar/,https://cowgirlkitchen.com/wp-content/uploads/2024/11/FS_MenuBoard_2_11.24-scaled.jpg,78bcb7d5a21163fbbeb810c205910ee79a195f1935d21628f82cca058ba3ac73,general,"Feed & Supply menü panosu: Cocktails and Beverages, Picnic Sharables",Cocktails and Beverages,Spicy Margarita,10,10,single,2026-10-08,görüntüden okundu
/listing/cowgirl-kitchen-restaurant-bar/,https://cowgirlkitchen.com/wp-content/uploads/2024/11/FS_MenuBoard_2_11.24-scaled.jpg,78bcb7d5a21163fbbeb810c205910ee79a195f1935d21628f82cca058ba3ac73,general,"Feed & Supply menü panosu: Cocktails and Beverages, Picnic Sharables",Cocktails and Beverages,Signature Frose,10,10,single,2026-10-08,görüntüden okundu
/listing/cowgirl-kitchen-restaurant-bar/,https://cowgirlkitchen.com/wp-content/uploads/2024/11/FS_MenuBoard_2_11.24-scaled.jpg,78bcb7d5a21163fbbeb810c205910ee79a195f1935d21628f82cca058ba3ac73,general,"Feed & Supply menü panosu: Cocktails and Beverages, Picnic Sharables",Cocktails and Beverages,30A Blonde Draft Beer,6,6,single,2026-10-08,görüntüden okundu
/listing/cowgirl-kitchen-restaurant-bar/,https://cowgirlkitchen.com/wp-content/uploads/2024/11/FS_MenuBoard_2_11.24-scaled.jpg,78bcb7d5a21163fbbeb810c205910ee79a195f1935d21628f82cca058ba3ac73,general,"Feed & Supply menü panosu: Cocktails and Beverages, Picnic Sharables",Cocktails and Beverages,Seasonal Draft,6,6,single,2026-10-08,görüntüden okundu
/listing/cowgirl-kitchen-restaurant-bar/,https://cowgirlkitchen.com/wp-content/uploads/2024/11/FS_MenuBoard_2_11.24-scaled.jpg,78bcb7d5a21163fbbeb810c205910ee79a195f1935d21628f82cca058ba3ac73,general,"Feed & Supply menü panosu: Cocktails and Beverages, Picnic Sharables",Picnic Sharables,Queso & Tortilla Chips,8,8,single,2026-10-08,görüntüden okundu
/listing/cowgirl-kitchen-restaurant-bar/,https://cowgirlkitchen.com/wp-content/uploads/2024/11/FS_MenuBoard_2_11.24-scaled.jpg,78bcb7d5a21163fbbeb810c205910ee79a195f1935d21628f82cca058ba3ac73,general,"Feed & Supply menü panosu: Cocktails and Beverages, Picnic Sharables",Picnic Sharables,Nachos,12,12,single,2026-10-08,görüntüden okundu
/listing/cowgirl-kitchen-restaurant-bar/,https://cowgirlkitchen.com/wp-content/uploads/2024/11/FS_MenuBoard_2_11.24-scaled.jpg,78bcb7d5a21163fbbeb810c205910ee79a195f1935d21628f82cca058ba3ac73,general,"Feed & Supply menü panosu: Cocktails and Beverages, Picnic Sharables",Picnic Sharables,Corn Elote Dip & Tortilla Chips,12,12,single,2026-10-08,görüntüden okundu
/listing/cowgirl-kitchen-restaurant-bar/,https://cowgirlkitchen.com/wp-content/uploads/2024/11/FS_MenuBoard_2_11.24-scaled.jpg,78bcb7d5a21163fbbeb810c205910ee79a195f1935d21628f82cca058ba3ac73,general,"Feed & Supply menü panosu: Cocktails and Beverages, Picnic Sharables",Picnic Sharables,Smoked Tuna Dip & Pita Bread,12,12,single,2026-10-08,görüntüden okundu
/listing/cowgirl-kitchen-restaurant-bar/,https://cowgirlkitchen.com/wp-content/uploads/2025/03/FS_MenuBoard_3_02.21.25_WEB-scaled.jpg,71ffa9083c1142815bda1221c193399adf1e21388a611f4666c81a44a673a40a,general,Feed & Supply menü panosu: Stock Up!,,,,,,2026-10-08,görüntüden okundu
/listing/hokulia-30a/,https://hokuliashaveice.com/wp-content/uploads/2017/07/hero-menu.jpg,7695ac5542c9f9dc135199b6eba5e32f19d24177204a6cd5286ad0fcaa369b48,menü değil,,,,,,,2026-10-08,görüntüden okundu
/listing/hokulia-30a/,https://hokuliashaveice.com/wp-content/uploads/2017/07/hero-menu-768x391.jpg,76b663d311115aa9ede747ea881a275c9c557db958b70fdf3c1283535f58f935,menü değil,,,,,,,2026-10-08,görüntüden okundu
/listing/mimmos-30a/,https://mimmos.com/wp-content/uploads/2022/06/WelcomeToOUrFeaturedMenu-Spaghetti-Mimmos-ItalianRestaurant-2022-DestinFlorida-01.jpg,2edc116e68eef809ab515d08c0f2086fb94e5f8d5c70c259ad5c49c60d76d141,menü değil,,,,,,,2026-10-08,görüntüden okundu
/listing/mimmos-30a/,https://mimmos.com/wp-content/uploads/2022/06/WelcomeToOUrFeaturedMenu-Cheesecake-Mimmos-ItalianRestaurant-2022-DestinFlorida-01.jpg,f677934ec6381fb1d64c2a92e27b1d8befa2da491a10bd88d04ef84c8d5d5547,menü değil,,,,,,,2026-10-08,görüntüden okundu
/listing/mimmos-30a/,https://mimmos.com/wp-content/uploads/2022/06/WelcomeToOUrFeaturedMenu-CarrotCake-Mimmos-ItalianRestaurant-2022-DestinFlorida-01.jpg,52a35f9caea2920afc7fcb5f97f78257986ad6c938f43e263c83021208c9659d,menü değil,,,,,,,2026-10-08,görüntüden okundu
/listing/mimmos-30a/,https://mimmos.com/wp-content/uploads/2022/06/WelcomeToOUrFeaturedMenu-BreadSticks-Mimmos-ItalianRestaurant-2022-DestinFlorida-01.jpg,60eaa7349b20148876b97f1281e57fb6c9fdf9bb8665dadd832ee432b00cfd8e,menü değil,,,,,,,2026-10-08,görüntüden okundu
/listing/mimmos-30a/,https://mimmos.com/wp-content/uploads/2022/06/WelcomeToOUrFeaturedMenu-Lasagna-Mimmos-ItalianRestaurant-2022-DestinFlorida-01.jpg,ea16a4d0aef3adb8518fcfcf997a21ae476d5849fadfd533f4ca3c9695cd734e,menü değil,,,,,,,2026-10-08,görüntüden okundu
/listing/mimmos-30a/,https://mimmos.com/wp-content/uploads/2022/06/WelcomeToOUrFeaturedMenu-Calzones-Mimmos-ItalianRestaurant-2022-DestinFlorida-01.jpg,e161c6616bb9deeaf198410a87c3ec36849fd13fbadaee2d6538e1d8498a7968,menü değil,,,,,,,2026-10-08,görüntüden okundu
/listing/old-florida-fish-house/,https://oldfloridafishhouse.com/wp-content/uploads/2026/07/menu-logo2.png,0ff7619a44ab10cfd62e2f318365d96ac6770153df83b044e7aedcee1eda219e,menü değil,,,,,,,2026-10-08,görüntüden okundu
/listing/raw-juicy/,https://static1.squarespace.com/static/648cac04cb844709919f430f/t/69ab169c0e8a3a73583f7e46/1772820141683/GraytonSamplePizzaNightMenu-202602,5dc1c1fc40cd80d15c204e740b9d65c4a11283a201e035e44d2b983a723d965a,general,Pizza Menu,Starter,Kale Salad,9.5 single / 18 shared,9.5,lowest,2026-10-08,görüntüden okundu
/listing/raw-juicy/,https://static1.squarespace.com/static/648cac04cb844709919f430f/t/69ab169c0e8a3a73583f7e46/1772820141683/GraytonSamplePizzaNightMenu-202602,5dc1c1fc40cd80d15c204e740b9d65c4a11283a201e035e44d2b983a723d965a,general,Pizza Menu,Starter,Antipasti,18,18,single,2026-10-08,görüntüden okundu
/listing/raw-juicy/,https://static1.squarespace.com/static/648cac04cb844709919f430f/t/69ab169c0e8a3a73583f7e46/1772820141683/GraytonSamplePizzaNightMenu-202602,5dc1c1fc40cd80d15c204e740b9d65c4a11283a201e035e44d2b983a723d965a,general,Pizza Menu,Sourdough Pizza,The Queen (Margherita),21,21,single,2026-10-08,görüntüden okundu
/listing/raw-juicy/,https://static1.squarespace.com/static/648cac04cb844709919f430f/t/69ab169c0e8a3a73583f7e46/1772820141683/GraytonSamplePizzaNightMenu-202602,5dc1c1fc40cd80d15c204e740b9d65c4a11283a201e035e44d2b983a723d965a,general,Pizza Menu,Sourdough Pizza,American Boy,25,25,single,2026-10-08,görüntüden okundu
/listing/raw-juicy/,https://static1.squarespace.com/static/648cac04cb844709919f430f/t/69ab169c0e8a3a73583f7e46/1772820141683/GraytonSamplePizzaNightMenu-202602,5dc1c1fc40cd80d15c204e740b9d65c4a11283a201e035e44d2b983a723d965a,general,Pizza Menu,Sourdough Pizza,Pizza The Hut,26,26,single,2026-10-08,görüntüden okundu
/listing/raw-juicy/,https://static1.squarespace.com/static/648cac04cb844709919f430f/t/69ab169c0e8a3a73583f7e46/1772820141683/GraytonSamplePizzaNightMenu-202602,5dc1c1fc40cd80d15c204e740b9d65c4a11283a201e035e44d2b983a723d965a,general,Pizza Menu,Sourdough Pizza,Phil's Pie,24,24,single,2026-10-08,görüntüden okundu
/listing/raw-juicy/,https://static1.squarespace.com/static/648cac04cb844709919f430f/t/69ab169c0e8a3a73583f7e46/1772820141683/GraytonSamplePizzaNightMenu-202602,5dc1c1fc40cd80d15c204e740b9d65c4a11283a201e035e44d2b983a723d965a,general,Pizza Menu,Sourdough Pizza,R&J Pizza of the Day!,26,26,single,2026-10-08,görüntüden okundu
/listing/raw-juicy/,https://static1.squarespace.com/static/648cac04cb844709919f430f/t/69ab169c0e8a3a73583f7e46/1772820141683/GraytonSamplePizzaNightMenu-202602,5dc1c1fc40cd80d15c204e740b9d65c4a11283a201e035e44d2b983a723d965a,general,Pizza Menu,Sweet,Affogato,8.5,8.5,single,2026-10-08,görüntüden okundu
/listing/raw-juicy/,https://static1.squarespace.com/static/648cac04cb844709919f430f/t/69ab169c0e8a3a73583f7e46/1772820141683/GraytonSamplePizzaNightMenu-202602,5dc1c1fc40cd80d15c204e740b9d65c4a11283a201e035e44d2b983a723d965a,general,Pizza Menu,Sweet,Kid at Heart,8,8,single,2026-10-08,görüntüden okundu
/listing/redds-pub/,https://reddspub.com/wp-content/uploads/2026/05/redds-pork-chop.jpg,75538e89c378c87886ad789bcafaba37957dd0547f3d9efdf777029cd8b449cc,menü değil,,,,,,,2026-10-08,görüntüden okundu
/listing/redds-pub/,https://reddspub.com/wp-content/uploads/2026/05/redd-hoagy.jpg,dc7fa94eb86577b9e617e99b2002d90bcff191d8d8d0e59f835b9840d4f59524,menü değil,,,,,,,2026-10-08,görüntüden okundu
/listing/redds-pub/,https://reddspub.com/wp-content/uploads/2026/05/redds-shrimp-blue.jpg,380fa803c250e96673ce3ae4c953cf881216733b3a6d4e220d1e8f2f6ec311d7,menü değil,,,,,,,2026-10-08,görüntüden okundu
/listing/redds-pub/,https://reddspub.com/wp-content/uploads/2026/03/redds-dessert.jpg,9b4781052005d34b975076b61482cb70d9676c79d2101a2192069cdac8a826b4,menü değil,,,,,,,2026-10-08,görüntüden okundu
/listing/redds-pub/,https://reddspub.com/wp-content/uploads/2025/04/redd-group-46953_n.jpg,7388050fd2ec6547bbc585ef2712ce62c4ab9b490e72f6c932e436d62aa57f8c,menü değil,,,,,,,2026-10-08,görüntüden okundu
/listing/redds-pub/,https://reddspub.com/wp-content/uploads/2024/12/redds-potini-2000.jpg,4537c58d043c9611cab4952616741756629bd1628b911f0fe13006f7767549a2,menü değil,,,,,,,2026-10-08,görüntüden okundu
/listing/surfing-deer/,https://surfingdeer.com/wp-content/uploads/2024/04/surfing-deer-white-shadow-logo-04-1-1024x737.png,ba29d1cb5e0ab7db30a1cef0749e04a822647977c43a674e2599dc2f1308c7d9,menü değil,,,,,,,2026-10-08,görüntüden okundu
/listing/the-daytrader-tiki-bar-restaurant/,"https://static.wixstatic.com/media/e0392e_24e015c7fdcd483a8981bb490dc9db7e~mv2.png/v1/fill/w_939,h_689,al_c,q_90,usm_0.66_1.00_0.01,enc_avif,quality_auto/Official%20Menu.png",122565a7027f103966ba23215db89cda402397f3ed4bbb8d3635637429a2be35,general,Food menu,Snacks,Boiled Peanuts,7,7,single,2026-10-08,görüntüden okundu
/listing/the-daytrader-tiki-bar-restaurant/,"https://static.wixstatic.com/media/e0392e_24e015c7fdcd483a8981bb490dc9db7e~mv2.png/v1/fill/w_939,h_689,al_c,q_90,usm_0.66_1.00_0.01,enc_avif,quality_auto/Official%20Menu.png",122565a7027f103966ba23215db89cda402397f3ed4bbb8d3635637429a2be35,general,Food menu,Snacks,Crispy Fried Lumpia,17,17,single,2026-10-08,görüntüden okundu
/listing/the-daytrader-tiki-bar-restaurant/,"https://static.wixstatic.com/media/e0392e_24e015c7fdcd483a8981bb490dc9db7e~mv2.png/v1/fill/w_939,h_689,al_c,q_90,usm_0.66_1.00_0.01,enc_avif,quality_auto/Official%20Menu.png",122565a7027f103966ba23215db89cda402397f3ed4bbb8d3635637429a2be35,general,Food menu,Snacks,Maui Fries,14,14,single,2026-10-08,görüntüden okundu
/listing/the-daytrader-tiki-bar-restaurant/,"https://static.wixstatic.com/media/e0392e_24e015c7fdcd483a8981bb490dc9db7e~mv2.png/v1/fill/w_939,h_689,al_c,q_90,usm_0.66_1.00_0.01,enc_avif,quality_auto/Official%20Menu.png",122565a7027f103966ba23215db89cda402397f3ed4bbb8d3635637429a2be35,general,Food menu,Snacks,Spam Musubi,12,12,single,2026-10-08,görüntüden okundu
/listing/the-daytrader-tiki-bar-restaurant/,"https://static.wixstatic.com/media/e0392e_24e015c7fdcd483a8981bb490dc9db7e~mv2.png/v1/fill/w_939,h_689,al_c,q_90,usm_0.66_1.00_0.01,enc_avif,quality_auto/Official%20Menu.png",122565a7027f103966ba23215db89cda402397f3ed4bbb8d3635637429a2be35,general,Food menu,Snacks,SoWal Sticky Wings,17,17,single,2026-10-08,görüntüden okundu
/listing/the-daytrader-tiki-bar-restaurant/,"https://static.wixstatic.com/media/e0392e_24e015c7fdcd483a8981bb490dc9db7e~mv2.png/v1/fill/w_939,h_689,al_c,q_90,usm_0.66_1.00_0.01,enc_avif,quality_auto/Official%20Menu.png",122565a7027f103966ba23215db89cda402397f3ed4bbb8d3635637429a2be35,general,Food menu,Snacks,Haleakala Volcano Shrimp,16,16,single,2026-10-08,görüntüden okundu
/listing/the-daytrader-tiki-bar-restaurant/,"https://static.wixstatic.com/media/e0392e_24e015c7fdcd483a8981bb490dc9db7e~mv2.png/v1/fill/w_939,h_689,al_c,q_90,usm_0.66_1.00_0.01,enc_avif,quality_auto/Official%20Menu.png",122565a7027f103966ba23215db89cda402397f3ed4bbb8d3635637429a2be35,general,Food menu,Snacks,Tuna Crispy Rice,19,19,single,2026-10-08,görüntüden okundu
/listing/the-daytrader-tiki-bar-restaurant/,"https://static.wixstatic.com/media/e0392e_24e015c7fdcd483a8981bb490dc9db7e~mv2.png/v1/fill/w_939,h_689,al_c,q_90,usm_0.66_1.00_0.01,enc_avif,quality_auto/Official%20Menu.png",122565a7027f103966ba23215db89cda402397f3ed4bbb8d3635637429a2be35,general,Food menu,Snacks,Lobster Spring Roll,26,26,single,2026-10-08,görüntüden okundu
/listing/the-daytrader-tiki-bar-restaurant/,"https://static.wixstatic.com/media/e0392e_24e015c7fdcd483a8981bb490dc9db7e~mv2.png/v1/fill/w_939,h_689,al_c,q_90,usm_0.66_1.00_0.01,enc_avif,quality_auto/Official%20Menu.png",122565a7027f103966ba23215db89cda402397f3ed4bbb8d3635637429a2be35,general,Food menu,Salads,Sesame Crusted Ahi Tuna,26,26,single,2026-10-08,görüntüden okundu
/listing/the-daytrader-tiki-bar-restaurant/,"https://static.wixstatic.com/media/e0392e_24e015c7fdcd483a8981bb490dc9db7e~mv2.png/v1/fill/w_939,h_689,al_c,q_90,usm_0.66_1.00_0.01,enc_avif,quality_auto/Official%20Menu.png",122565a7027f103966ba23215db89cda402397f3ed4bbb8d3635637429a2be35,general,Food menu,Salads,Thai Melon Salad,17,17,single,2026-10-08,görüntüden okundu
/listing/the-daytrader-tiki-bar-restaurant/,"https://static.wixstatic.com/media/e0392e_24e015c7fdcd483a8981bb490dc9db7e~mv2.png/v1/fill/w_939,h_689,al_c,q_90,usm_0.66_1.00_0.01,enc_avif,quality_auto/Official%20Menu.png",122565a7027f103966ba23215db89cda402397f3ed4bbb8d3635637429a2be35,general,Food menu,Salads,Farm Salad,14,14,single,2026-10-08,görüntüden okundu
/listing/the-daytrader-tiki-bar-restaurant/,"https://static.wixstatic.com/media/e0392e_24e015c7fdcd483a8981bb490dc9db7e~mv2.png/v1/fill/w_939,h_689,al_c,q_90,usm_0.66_1.00_0.01,enc_avif,quality_auto/Official%20Menu.png",122565a7027f103966ba23215db89cda402397f3ed4bbb8d3635637429a2be35,general,Food menu,Handhelds,Smash Burger,22,22,single,2026-10-08,görüntüden okundu
/listing/the-daytrader-tiki-bar-restaurant/,"https://static.wixstatic.com/media/e0392e_24e015c7fdcd483a8981bb490dc9db7e~mv2.png/v1/fill/w_939,h_689,al_c,q_90,usm_0.66_1.00_0.01,enc_avif,quality_auto/Official%20Menu.png",122565a7027f103966ba23215db89cda402397f3ed4bbb8d3635637429a2be35,general,Food menu,Handhelds,Gulf Fish Sandwich,MKT,,market,2026-10-08,görüntüden okundu
/listing/the-daytrader-tiki-bar-restaurant/,"https://static.wixstatic.com/media/e0392e_24e015c7fdcd483a8981bb490dc9db7e~mv2.png/v1/fill/w_939,h_689,al_c,q_90,usm_0.66_1.00_0.01,enc_avif,quality_auto/Official%20Menu.png",122565a7027f103966ba23215db89cda402397f3ed4bbb8d3635637429a2be35,general,Food menu,Handhelds,Maui Smash Burger,23,23,single,2026-10-08,görüntüden okundu
/listing/the-daytrader-tiki-bar-restaurant/,"https://static.wixstatic.com/media/e0392e_24e015c7fdcd483a8981bb490dc9db7e~mv2.png/v1/fill/w_939,h_689,al_c,q_90,usm_0.66_1.00_0.01,enc_avif,quality_auto/Official%20Menu.png",122565a7027f103966ba23215db89cda402397f3ed4bbb8d3635637429a2be35,general,Food menu,Handhelds,Sloppy Koa,21,21,single,2026-10-08,görüntüden okundu
/listing/the-daytrader-tiki-bar-restaurant/,"https://static.wixstatic.com/media/e0392e_24e015c7fdcd483a8981bb490dc9db7e~mv2.png/v1/fill/w_939,h_689,al_c,q_90,usm_0.66_1.00_0.01,enc_avif,quality_auto/Official%20Menu.png",122565a7027f103966ba23215db89cda402397f3ed4bbb8d3635637429a2be35,general,Food menu,Handhelds,Lobster Poboy,MKT,,market,2026-10-08,görüntüden okundu
/listing/the-daytrader-tiki-bar-restaurant/,"https://static.wixstatic.com/media/e0392e_24e015c7fdcd483a8981bb490dc9db7e~mv2.png/v1/fill/w_939,h_689,al_c,q_90,usm_0.66_1.00_0.01,enc_avif,quality_auto/Official%20Menu.png",122565a7027f103966ba23215db89cda402397f3ed4bbb8d3635637429a2be35,general,Food menu,Rice Bowls,Crab and Tuna Poke Bowl,35,35,single,2026-10-08,görüntüden okundu
/listing/the-daytrader-tiki-bar-restaurant/,"https://static.wixstatic.com/media/e0392e_24e015c7fdcd483a8981bb490dc9db7e~mv2.png/v1/fill/w_939,h_689,al_c,q_90,usm_0.66_1.00_0.01,enc_avif,quality_auto/Official%20Menu.png",122565a7027f103966ba23215db89cda402397f3ed4bbb8d3635637429a2be35,general,Food menu,Rice Bowls,Shrimp Teriyaki Bowl,26,26,single,2026-10-08,görüntüden okundu
/listing/the-daytrader-tiki-bar-restaurant/,"https://static.wixstatic.com/media/e0392e_24e015c7fdcd483a8981bb490dc9db7e~mv2.png/v1/fill/w_939,h_689,al_c,q_90,usm_0.66_1.00_0.01,enc_avif,quality_auto/Official%20Menu.png",122565a7027f103966ba23215db89cda402397f3ed4bbb8d3635637429a2be35,general,Food menu,Rice Bowls,Spicy Tuna Poke Bowl,27,27,single,2026-10-08,görüntüden okundu
/listing/the-daytrader-tiki-bar-restaurant/,"https://static.wixstatic.com/media/e0392e_24e015c7fdcd483a8981bb490dc9db7e~mv2.png/v1/fill/w_939,h_689,al_c,q_90,usm_0.66_1.00_0.01,enc_avif,quality_auto/Official%20Menu.png",122565a7027f103966ba23215db89cda402397f3ed4bbb8d3635637429a2be35,general,Food menu,Rice Bowls,Beef Bulgogi Bowl,34,34,single,2026-10-08,görüntüden okundu
/listing/the-daytrader-tiki-bar-restaurant/,"https://static.wixstatic.com/media/e0392e_24e015c7fdcd483a8981bb490dc9db7e~mv2.png/v1/fill/w_939,h_689,al_c,q_90,usm_0.66_1.00_0.01,enc_avif,quality_auto/Official%20Menu.png",122565a7027f103966ba23215db89cda402397f3ed4bbb8d3635637429a2be35,general,Food menu,Entrees - From the Sea,Pan Seared Gulf Fish,MKT,,market,2026-10-08,görüntüden okundu
/listing/the-daytrader-tiki-bar-restaurant/,"https://static.wixstatic.com/media/e0392e_24e015c7fdcd483a8981bb490dc9db7e~mv2.png/v1/fill/w_939,h_689,al_c,q_90,usm_0.66_1.00_0.01,enc_avif,quality_auto/Official%20Menu.png",122565a7027f103966ba23215db89cda402397f3ed4bbb8d3635637429a2be35,general,Food menu,Entrees - From the Sea,Macadamia Crusted Cobia,39,39,single,2026-10-08,görüntüden okundu
/listing/the-daytrader-tiki-bar-restaurant/,"https://static.wixstatic.com/media/e0392e_24e015c7fdcd483a8981bb490dc9db7e~mv2.png/v1/fill/w_939,h_689,al_c,q_90,usm_0.66_1.00_0.01,enc_avif,quality_auto/Official%20Menu.png",122565a7027f103966ba23215db89cda402397f3ed4bbb8d3635637429a2be35,general,Food menu,Entrees - From the Sea,Wok Fried Grouper,42,42,single,2026-10-08,görüntüden okundu
/listing/the-daytrader-tiki-bar-restaurant/,"https://static.wixstatic.com/media/e0392e_24e015c7fdcd483a8981bb490dc9db7e~mv2.png/v1/fill/w_939,h_689,al_c,q_90,usm_0.66_1.00_0.01,enc_avif,quality_auto/Official%20Menu.png",122565a7027f103966ba23215db89cda402397f3ed4bbb8d3635637429a2be35,general,Food menu,Entrees - From the Sea,Lobster Noodles,MKT,,market,2026-10-08,görüntüden okundu
/listing/the-daytrader-tiki-bar-restaurant/,"https://static.wixstatic.com/media/e0392e_24e015c7fdcd483a8981bb490dc9db7e~mv2.png/v1/fill/w_939,h_689,al_c,q_90,usm_0.66_1.00_0.01,enc_avif,quality_auto/Official%20Menu.png",122565a7027f103966ba23215db89cda402397f3ed4bbb8d3635637429a2be35,general,Food menu,Entrees - From the Sea,Thai Seafood Green Curry,27,27,single,2026-10-08,görüntüden okundu
/listing/the-daytrader-tiki-bar-restaurant/,"https://static.wixstatic.com/media/e0392e_24e015c7fdcd483a8981bb490dc9db7e~mv2.png/v1/fill/w_939,h_689,al_c,q_90,usm_0.66_1.00_0.01,enc_avif,quality_auto/Official%20Menu.png",122565a7027f103966ba23215db89cda402397f3ed4bbb8d3635637429a2be35,general,Food menu,Entrees - From the Land,Pork Loco Moco,27,27,single,2026-10-08,görüntüden okundu
/listing/the-daytrader-tiki-bar-restaurant/,"https://static.wixstatic.com/media/e0392e_24e015c7fdcd483a8981bb490dc9db7e~mv2.png/v1/fill/w_939,h_689,al_c,q_90,usm_0.66_1.00_0.01,enc_avif,quality_auto/Official%20Menu.png",122565a7027f103966ba23215db89cda402397f3ed4bbb8d3635637429a2be35,general,Food menu,Entrees - From the Land,Huli Huli Chicken,26,26,single,2026-10-08,görüntüden okundu
/listing/the-daytrader-tiki-bar-restaurant/,"https://static.wixstatic.com/media/e0392e_24e015c7fdcd483a8981bb490dc9db7e~mv2.png/v1/fill/w_939,h_689,al_c,q_90,usm_0.66_1.00_0.01,enc_avif,quality_auto/Official%20Menu.png",122565a7027f103966ba23215db89cda402397f3ed4bbb8d3635637429a2be35,general,Food menu,Entrees - From the Land,Korean Fried Chicken,36,36,single,2026-10-08,görüntüden okundu
/listing/the-daytrader-tiki-bar-restaurant/,"https://static.wixstatic.com/media/e0392e_24e015c7fdcd483a8981bb490dc9db7e~mv2.png/v1/fill/w_939,h_689,al_c,q_90,usm_0.66_1.00_0.01,enc_avif,quality_auto/Official%20Menu.png",122565a7027f103966ba23215db89cda402397f3ed4bbb8d3635637429a2be35,general,Food menu,Entrees - From the Land,Mongolian Beef,37,37,single,2026-10-08,görüntüden okundu
/listing/the-daytrader-tiki-bar-restaurant/,"https://static.wixstatic.com/media/e0392e_24e015c7fdcd483a8981bb490dc9db7e~mv2.png/v1/fill/w_939,h_689,al_c,q_90,usm_0.66_1.00_0.01,enc_avif,quality_auto/Official%20Menu.png",122565a7027f103966ba23215db89cda402397f3ed4bbb8d3635637429a2be35,general,Food menu,Entrees - From the Land,Charred Cauliflower Steak,24,24,single,2026-10-08,görüntüden okundu
/listing/the-daytrader-tiki-bar-restaurant/,"https://static.wixstatic.com/media/e0392e_24e015c7fdcd483a8981bb490dc9db7e~mv2.png/v1/fill/w_939,h_689,al_c,q_90,usm_0.66_1.00_0.01,enc_avif,quality_auto/Official%20Menu.png",122565a7027f103966ba23215db89cda402397f3ed4bbb8d3635637429a2be35,general,Food menu,Kids (12 and under),Popcorn Shrimp,12,12,single,2026-10-08,görüntüden okundu
/listing/the-daytrader-tiki-bar-restaurant/,"https://static.wixstatic.com/media/e0392e_24e015c7fdcd483a8981bb490dc9db7e~mv2.png/v1/fill/w_939,h_689,al_c,q_90,usm_0.66_1.00_0.01,enc_avif,quality_auto/Official%20Menu.png",122565a7027f103966ba23215db89cda402397f3ed4bbb8d3635637429a2be35,general,Food menu,Kids (12 and under),Cheeseburger,13,13,single,2026-10-08,görüntüden okundu
/listing/the-daytrader-tiki-bar-restaurant/,"https://static.wixstatic.com/media/e0392e_24e015c7fdcd483a8981bb490dc9db7e~mv2.png/v1/fill/w_939,h_689,al_c,q_90,usm_0.66_1.00_0.01,enc_avif,quality_auto/Official%20Menu.png",122565a7027f103966ba23215db89cda402397f3ed4bbb8d3635637429a2be35,general,Food menu,Kids (12 and under),Hamburger,12,12,single,2026-10-08,görüntüden okundu
/listing/the-daytrader-tiki-bar-restaurant/,"https://static.wixstatic.com/media/e0392e_24e015c7fdcd483a8981bb490dc9db7e~mv2.png/v1/fill/w_939,h_689,al_c,q_90,usm_0.66_1.00_0.01,enc_avif,quality_auto/Official%20Menu.png",122565a7027f103966ba23215db89cda402397f3ed4bbb8d3635637429a2be35,general,Food menu,Kids (12 and under),Grilled Cheese,11,11,single,2026-10-08,görüntüden okundu
/listing/the-daytrader-tiki-bar-restaurant/,"https://static.wixstatic.com/media/e0392e_24e015c7fdcd483a8981bb490dc9db7e~mv2.png/v1/fill/w_939,h_689,al_c,q_90,usm_0.66_1.00_0.01,enc_avif,quality_auto/Official%20Menu.png",122565a7027f103966ba23215db89cda402397f3ed4bbb8d3635637429a2be35,general,Food menu,Kids (12 and under),Sauteed Shrimp,13,13,single,2026-10-08,görüntüden okundu
/listing/the-daytrader-tiki-bar-restaurant/,"https://static.wixstatic.com/media/e0392e_24e015c7fdcd483a8981bb490dc9db7e~mv2.png/v1/fill/w_939,h_689,al_c,q_90,usm_0.66_1.00_0.01,enc_avif,quality_auto/Official%20Menu.png",122565a7027f103966ba23215db89cda402397f3ed4bbb8d3635637429a2be35,general,Food menu,Kids (12 and under),Chicken Fingers,12,12,single,2026-10-08,görüntüden okundu
/listing/the-daytrader-tiki-bar-restaurant/,"https://static.wixstatic.com/media/e0392e_24e015c7fdcd483a8981bb490dc9db7e~mv2.png/v1/fill/w_939,h_689,al_c,q_90,usm_0.66_1.00_0.01,enc_avif,quality_auto/Official%20Menu.png",122565a7027f103966ba23215db89cda402397f3ed4bbb8d3635637429a2be35,general,Food menu,Kids (12 and under),Grilled Chicken,13,13,single,2026-10-08,görüntüden okundu
/listing/the-daytrader-tiki-bar-restaurant/,"https://static.wixstatic.com/media/e0392e_3c7eeef7a2b74a5f8bedbfc03c316a3d~mv2.png/v1/fill/w_939,h_689,al_c,q_90,usm_0.66_1.00_0.01,enc_avif,quality_auto/Official%20Menu%20Back.png",35e53173cd644caba5fd7379983094e179db5e0e91b26c77d9b5ed866f7d2645,drinks,Cocktails,Specialty Cocktails,Margarita O'Clock,17,17,single,2026-10-08,görüntüden okundu
/listing/the-daytrader-tiki-bar-restaurant/,"https://static.wixstatic.com/media/e0392e_3c7eeef7a2b74a5f8bedbfc03c316a3d~mv2.png/v1/fill/w_939,h_689,al_c,q_90,usm_0.66_1.00_0.01,enc_avif,quality_auto/Official%20Menu%20Back.png",35e53173cd644caba5fd7379983094e179db5e0e91b26c77d9b5ed866f7d2645,drinks,Cocktails,Specialty Cocktails,Summer Camp Mojito,18,18,single,2026-10-08,görüntüden okundu
/listing/the-daytrader-tiki-bar-restaurant/,"https://static.wixstatic.com/media/e0392e_3c7eeef7a2b74a5f8bedbfc03c316a3d~mv2.png/v1/fill/w_939,h_689,al_c,q_90,usm_0.66_1.00_0.01,enc_avif,quality_auto/Official%20Menu%20Back.png",35e53173cd644caba5fd7379983094e179db5e0e91b26c77d9b5ed866f7d2645,drinks,Cocktails,Specialty Cocktails,Don't Call Me Old Fashioned,22,22,single,2026-10-08,görüntüden okundu
/listing/the-daytrader-tiki-bar-restaurant/,"https://static.wixstatic.com/media/e0392e_3c7eeef7a2b74a5f8bedbfc03c316a3d~mv2.png/v1/fill/w_939,h_689,al_c,q_90,usm_0.66_1.00_0.01,enc_avif,quality_auto/Official%20Menu%20Back.png",35e53173cd644caba5fd7379983094e179db5e0e91b26c77d9b5ed866f7d2645,drinks,Cocktails,Specialty Cocktails,Rumpanion,22,22,single,2026-10-08,görüntüden okundu
/listing/the-daytrader-tiki-bar-restaurant/,"https://static.wixstatic.com/media/e0392e_3c7eeef7a2b74a5f8bedbfc03c316a3d~mv2.png/v1/fill/w_939,h_689,al_c,q_90,usm_0.66_1.00_0.01,enc_avif,quality_auto/Official%20Menu%20Back.png",35e53173cd644caba5fd7379983094e179db5e0e91b26c77d9b5ed866f7d2645,drinks,Cocktails,Specialty Cocktails,So Fresh and So Clean,16,16,single,2026-10-08,görüntüden okundu
/listing/the-daytrader-tiki-bar-restaurant/,"https://static.wixstatic.com/media/e0392e_3c7eeef7a2b74a5f8bedbfc03c316a3d~mv2.png/v1/fill/w_939,h_689,al_c,q_90,usm_0.66_1.00_0.01,enc_avif,quality_auto/Official%20Menu%20Back.png",35e53173cd644caba5fd7379983094e179db5e0e91b26c77d9b5ed866f7d2645,drinks,Cocktails,Specialty Cocktails,Tiki It Easy,17,17,single,2026-10-08,görüntüden okundu
/listing/the-daytrader-tiki-bar-restaurant/,"https://static.wixstatic.com/media/e0392e_3c7eeef7a2b74a5f8bedbfc03c316a3d~mv2.png/v1/fill/w_939,h_689,al_c,q_90,usm_0.66_1.00_0.01,enc_avif,quality_auto/Official%20Menu%20Back.png",35e53173cd644caba5fd7379983094e179db5e0e91b26c77d9b5ed866f7d2645,drinks,Cocktails,Specialty Cocktails,Pretty in Pink,20,20,single,2026-10-08,görüntüden okundu
/listing/the-daytrader-tiki-bar-restaurant/,"https://static.wixstatic.com/media/e0392e_3c7eeef7a2b74a5f8bedbfc03c316a3d~mv2.png/v1/fill/w_939,h_689,al_c,q_90,usm_0.66_1.00_0.01,enc_avif,quality_auto/Official%20Menu%20Back.png",35e53173cd644caba5fd7379983094e179db5e0e91b26c77d9b5ed866f7d2645,drinks,Cocktails,Specialty Cocktails,Hot in Here,19,19,single,2026-10-08,görüntüden okundu
/listing/the-daytrader-tiki-bar-restaurant/,"https://static.wixstatic.com/media/e0392e_3c7eeef7a2b74a5f8bedbfc03c316a3d~mv2.png/v1/fill/w_939,h_689,al_c,q_90,usm_0.66_1.00_0.01,enc_avif,quality_auto/Official%20Menu%20Back.png",35e53173cd644caba5fd7379983094e179db5e0e91b26c77d9b5ed866f7d2645,drinks,Cocktails,Specialty Cocktails,The Spicy Garden-Rita,17,17,single,2026-10-08,görüntüden okundu
/listing/the-daytrader-tiki-bar-restaurant/,"https://static.wixstatic.com/media/e0392e_3c7eeef7a2b74a5f8bedbfc03c316a3d~mv2.png/v1/fill/w_939,h_689,al_c,q_90,usm_0.66_1.00_0.01,enc_avif,quality_auto/Official%20Menu%20Back.png",35e53173cd644caba5fd7379983094e179db5e0e91b26c77d9b5ed866f7d2645,drinks,Cocktails,Specialty Cocktails,Napa Sour,16,16,single,2026-10-08,görüntüden okundu
/listing/the-daytrader-tiki-bar-restaurant/,"https://static.wixstatic.com/media/e0392e_3c7eeef7a2b74a5f8bedbfc03c316a3d~mv2.png/v1/fill/w_939,h_689,al_c,q_90,usm_0.66_1.00_0.01,enc_avif,quality_auto/Official%20Menu%20Back.png",35e53173cd644caba5fd7379983094e179db5e0e91b26c77d9b5ed866f7d2645,drinks,Cocktails,Specialty Cocktails,Lady Killer Paloma,17,17,single,2026-10-08,görüntüden okundu
/listing/the-daytrader-tiki-bar-restaurant/,"https://static.wixstatic.com/media/e0392e_3c7eeef7a2b74a5f8bedbfc03c316a3d~mv2.png/v1/fill/w_939,h_689,al_c,q_90,usm_0.66_1.00_0.01,enc_avif,quality_auto/Official%20Menu%20Back.png",35e53173cd644caba5fd7379983094e179db5e0e91b26c77d9b5ed866f7d2645,drinks,Cocktails,Specialty Cocktails,Sun-Kissed Sangria,18,18,single,2026-10-08,görüntüden okundu
/listing/the-daytrader-tiki-bar-restaurant/,"https://static.wixstatic.com/media/e0392e_3c7eeef7a2b74a5f8bedbfc03c316a3d~mv2.png/v1/fill/w_939,h_689,al_c,q_90,usm_0.66_1.00_0.01,enc_avif,quality_auto/Official%20Menu%20Back.png",35e53173cd644caba5fd7379983094e179db5e0e91b26c77d9b5ed866f7d2645,drinks,Cocktails,Specialty Cocktails,The Gingermelon Can-Can,17,17,single,2026-10-08,görüntüden okundu
/listing/the-daytrader-tiki-bar-restaurant/,"https://static.wixstatic.com/media/e0392e_3c7eeef7a2b74a5f8bedbfc03c316a3d~mv2.png/v1/fill/w_939,h_689,al_c,q_90,usm_0.66_1.00_0.01,enc_avif,quality_auto/Official%20Menu%20Back.png",35e53173cd644caba5fd7379983094e179db5e0e91b26c77d9b5ed866f7d2645,drinks,Cocktails,Prohibitionist (Non-Alcoholic),Beach Butterfly Mocktail,16,16,single,2026-10-08,görüntüden okundu
/listing/the-daytrader-tiki-bar-restaurant/,"https://static.wixstatic.com/media/e0392e_3c7eeef7a2b74a5f8bedbfc03c316a3d~mv2.png/v1/fill/w_939,h_689,al_c,q_90,usm_0.66_1.00_0.01,enc_avif,quality_auto/Official%20Menu%20Back.png",35e53173cd644caba5fd7379983094e179db5e0e91b26c77d9b5ed866f7d2645,drinks,Cocktails,Prohibitionist (Non-Alcoholic),Great Pretender Mocktail,16,16,single,2026-10-08,görüntüden okundu
/listing/the-daytrader-tiki-bar-restaurant/,"https://static.wixstatic.com/media/e0392e_3c7eeef7a2b74a5f8bedbfc03c316a3d~mv2.png/v1/fill/w_939,h_689,al_c,q_90,usm_0.66_1.00_0.01,enc_avif,quality_auto/Official%20Menu%20Back.png",35e53173cd644caba5fd7379983094e179db5e0e91b26c77d9b5ed866f7d2645,drinks,Cocktails,Prohibitionist (Non-Alcoholic),Fresh Thai Coconut Water,16,16,single,2026-10-08,görüntüden okundu
/listing/the-daytrader-tiki-bar-restaurant/,"https://static.wixstatic.com/media/e0392e_3c7eeef7a2b74a5f8bedbfc03c316a3d~mv2.png/v1/fill/w_939,h_689,al_c,q_90,usm_0.66_1.00_0.01,enc_avif,quality_auto/Official%20Menu%20Back.png",35e53173cd644caba5fd7379983094e179db5e0e91b26c77d9b5ed866f7d2645,drinks,Cocktails,Frozen,Cookie Colada,18,18,single,2026-10-08,görüntüden okundu
/listing/the-daytrader-tiki-bar-restaurant/,"https://static.wixstatic.com/media/e0392e_3c7eeef7a2b74a5f8bedbfc03c316a3d~mv2.png/v1/fill/w_939,h_689,al_c,q_90,usm_0.66_1.00_0.01,enc_avif,quality_auto/Official%20Menu%20Back.png",35e53173cd644caba5fd7379983094e179db5e0e91b26c77d9b5ed866f7d2645,drinks,Cocktails,Frozen,Genevere Dragon,18,18,single,2026-10-08,görüntüden okundu
/listing/the-daytrader-tiki-bar-restaurant/,"https://static.wixstatic.com/media/e0392e_3c7eeef7a2b74a5f8bedbfc03c316a3d~mv2.png/v1/fill/w_939,h_689,al_c,q_90,usm_0.66_1.00_0.01,enc_avif,quality_auto/Official%20Menu%20Back.png",35e53173cd644caba5fd7379983094e179db5e0e91b26c77d9b5ed866f7d2645,drinks,Cocktails,Frozen,Cat Five Chiller,17,17,single,2026-10-08,görüntüden okundu
/listing/the-daytrader-tiki-bar-restaurant/,"https://static.wixstatic.com/media/e0392e_3c7eeef7a2b74a5f8bedbfc03c316a3d~mv2.png/v1/fill/w_939,h_689,al_c,q_90,usm_0.66_1.00_0.01,enc_avif,quality_auto/Official%20Menu%20Back.png",35e53173cd644caba5fd7379983094e179db5e0e91b26c77d9b5ed866f7d2645,drinks,Cocktails,Frozen,Margarita Fria,17,17,single,2026-10-08,görüntüden okundu
/listing/the-daytrader-tiki-bar-restaurant/,"https://static.wixstatic.com/media/e0392e_3c7eeef7a2b74a5f8bedbfc03c316a3d~mv2.png/v1/fill/w_939,h_689,al_c,q_90,usm_0.66_1.00_0.01,enc_avif,quality_auto/Official%20Menu%20Back.png",35e53173cd644caba5fd7379983094e179db5e0e91b26c77d9b5ed866f7d2645,drinks,Cocktails,Large Format (serves 2 or more),Swinging Tally,39,39,single,2026-10-08,görüntüden okundu
/listing/the-daytrader-tiki-bar-restaurant/,"https://static.wixstatic.com/media/e0392e_3c7eeef7a2b74a5f8bedbfc03c316a3d~mv2.png/v1/fill/w_939,h_689,al_c,q_90,usm_0.66_1.00_0.01,enc_avif,quality_auto/Official%20Menu%20Back.png",35e53173cd644caba5fd7379983094e179db5e0e91b26c77d9b5ed866f7d2645,drinks,Cocktails,Large Format (serves 2 or more),Half Shell in Hawaii,32,32,single,2026-10-08,görüntüden okundu
/listing/the-daytrader-tiki-bar-restaurant/,"https://static.wixstatic.com/media/e0392e_3c7eeef7a2b74a5f8bedbfc03c316a3d~mv2.png/v1/fill/w_939,h_689,al_c,q_90,usm_0.66_1.00_0.01,enc_avif,quality_auto/Official%20Menu%20Back.png",35e53173cd644caba5fd7379983094e179db5e0e91b26c77d9b5ed866f7d2645,drinks,Cocktails,Large Format (serves 2 or more),Daytrader's Remedy (Medical Mai Tai),38,38,single,2026-10-08,görüntüden okundu
/listing/the-meltdown-30a/,https://cdn.prod.website-files.com/5b5220f0ff2e00fb6bc0ecc5/6a217fbb42043716b3f0da30_meltdown_8.5x11_menu_5.2026.png,fb87f730ad6ed0567c793b4991692c1620199872e115f0f7dab7264b28fc4e5c,general,Gotta Have Grilled Cheese,Gotta Have Grilled Cheese,All-American Grilled Cheese,$8.50,8.5,single,2026-10-08,görüntüden okundu
/listing/the-meltdown-30a/,https://cdn.prod.website-files.com/5b5220f0ff2e00fb6bc0ecc5/6a217fbb42043716b3f0da30_meltdown_8.5x11_menu_5.2026.png,fb87f730ad6ed0567c793b4991692c1620199872e115f0f7dab7264b28fc4e5c,general,Gotta Have Grilled Cheese,Gotta Have Grilled Cheese,5-Cheese Bomb,$9,9,single,2026-10-08,görüntüden okundu
/listing/the-meltdown-30a/,https://cdn.prod.website-files.com/5b5220f0ff2e00fb6bc0ecc5/6a217fbb42043716b3f0da30_meltdown_8.5x11_menu_5.2026.png,fb87f730ad6ed0567c793b4991692c1620199872e115f0f7dab7264b28fc4e5c,general,Gotta Have Grilled Cheese,Gotta Have Grilled Cheese,The Augusta,$9,9,single,2026-10-08,görüntüden okundu
/listing/the-meltdown-30a/,https://cdn.prod.website-files.com/5b5220f0ff2e00fb6bc0ecc5/6a217fbb42043716b3f0da30_meltdown_8.5x11_menu_5.2026.png,fb87f730ad6ed0567c793b4991692c1620199872e115f0f7dab7264b28fc4e5c,general,Gotta Have Grilled Cheese,Gotta Have Grilled Cheese,The Truffled,$12,12,single,2026-10-08,görüntüden okundu
/listing/the-meltdown-30a/,https://cdn.prod.website-files.com/5b5220f0ff2e00fb6bc0ecc5/6a217fbb42043716b3f0da30_meltdown_8.5x11_menu_5.2026.png,fb87f730ad6ed0567c793b4991692c1620199872e115f0f7dab7264b28fc4e5c,general,Gotta Have Grilled Cheese,Gotta Have Grilled Cheese,Smokin' Turkey,$12,12,single,2026-10-08,görüntüden okundu
/listing/the-meltdown-30a/,https://cdn.prod.website-files.com/5b5220f0ff2e00fb6bc0ecc5/6a217fbb42043716b3f0da30_meltdown_8.5x11_menu_5.2026.png,fb87f730ad6ed0567c793b4991692c1620199872e115f0f7dab7264b28fc4e5c,general,Gotta Have Grilled Cheese,Gotta Have Grilled Cheese,Strawberry Goat Forever,$12,12,single,2026-10-08,görüntüden okundu
/listing/the-meltdown-30a/,https://cdn.prod.website-files.com/5b5220f0ff2e00fb6bc0ecc5/6a217fbb42043716b3f0da30_meltdown_8.5x11_menu_5.2026.png,fb87f730ad6ed0567c793b4991692c1620199872e115f0f7dab7264b28fc4e5c,general,Gotta Have Grilled Cheese,Gotta Have Grilled Cheese,Cuban McConnell,$12,12,single,2026-10-08,görüntüden okundu
/listing/the-meltdown-30a/,https://cdn.prod.website-files.com/5b5220f0ff2e00fb6bc0ecc5/6a217fbb42043716b3f0da30_meltdown_8.5x11_menu_5.2026.png,fb87f730ad6ed0567c793b4991692c1620199872e115f0f7dab7264b28fc4e5c,general,Gotta Have Grilled Cheese,Gotta Have Grilled Cheese,Caprese,$10,10,single,2026-10-08,görüntüden okundu
/listing/the-meltdown-30a/,https://cdn.prod.website-files.com/5b5220f0ff2e00fb6bc0ecc5/6a217fbb42043716b3f0da30_meltdown_8.5x11_menu_5.2026.png,fb87f730ad6ed0567c793b4991692c1620199872e115f0f7dab7264b28fc4e5c,general,Gotta Have Grilled Cheese,Gotta Have Grilled Cheese,French Onion Is My Jam,$12,12,single,2026-10-08,görüntüden okundu
/listing/the-meltdown-30a/,https://cdn.prod.website-files.com/5b5220f0ff2e00fb6bc0ecc5/6a217fbb42043716b3f0da30_meltdown_8.5x11_menu_5.2026.png,fb87f730ad6ed0567c793b4991692c1620199872e115f0f7dab7264b28fc4e5c,general,Gotta Have Grilled Cheese,Soup & Chips,Roasted Tomato Soup,$4,4,single,2026-10-08,görüntüden okundu
/listing/the-meltdown-30a/,https://cdn.prod.website-files.com/5b5220f0ff2e00fb6bc0ecc5/6a217fbb42043716b3f0da30_meltdown_8.5x11_menu_5.2026.png,fb87f730ad6ed0567c793b4991692c1620199872e115f0f7dab7264b28fc4e5c,general,Gotta Have Grilled Cheese,Soup & Chips,Route 11 Chips,$3,3,single,2026-10-08,görüntüden okundu
/listing/the-meltdown-30a/,https://cdn.prod.website-files.com/5b5220f0ff2e00fb6bc0ecc5/6a217fbb42043716b3f0da30_meltdown_8.5x11_menu_5.2026.png,fb87f730ad6ed0567c793b4991692c1620199872e115f0f7dab7264b28fc4e5c,general,Gotta Have Grilled Cheese,Beverages,30A Beach Blond on Draft,$7,7,single,2026-10-08,görüntüden okundu
/listing/the-meltdown-30a/,https://cdn.prod.website-files.com/5b5220f0ff2e00fb6bc0ecc5/6a217fbb42043716b3f0da30_meltdown_8.5x11_menu_5.2026.png,fb87f730ad6ed0567c793b4991692c1620199872e115f0f7dab7264b28fc4e5c,general,Gotta Have Grilled Cheese,Beverages,Palm Folly Hard Seltzer on Tap,$7,7,single,2026-10-08,görüntüden okundu
/listing/the-meltdown-30a/,https://cdn.prod.website-files.com/5b5220f0ff2e00fb6bc0ecc5/6a217fbb42043716b3f0da30_meltdown_8.5x11_menu_5.2026.png,fb87f730ad6ed0567c793b4991692c1620199872e115f0f7dab7264b28fc4e5c,general,Gotta Have Grilled Cheese,Beverages,Local Beer,$7,7,single,2026-10-08,görüntüden okundu
/listing/the-meltdown-30a/,https://cdn.prod.website-files.com/5b5220f0ff2e00fb6bc0ecc5/6a217fbb42043716b3f0da30_meltdown_8.5x11_menu_5.2026.png,fb87f730ad6ed0567c793b4991692c1620199872e115f0f7dab7264b28fc4e5c,general,Gotta Have Grilled Cheese,Beverages,Michelob Ultra,$6,6,single,2026-10-08,görüntüden okundu
/listing/the-meltdown-30a/,https://cdn.prod.website-files.com/5b5220f0ff2e00fb6bc0ecc5/6a217fbb42043716b3f0da30_meltdown_8.5x11_menu_5.2026.png,fb87f730ad6ed0567c793b4991692c1620199872e115f0f7dab7264b28fc4e5c,general,Gotta Have Grilled Cheese,Beverages,"""Open Water"" Bottled Water",$3,3,single,2026-10-08,görüntüden okundu
/listing/the-meltdown-30a/,https://cdn.prod.website-files.com/5b5220f0ff2e00fb6bc0ecc5/6a217fbb42043716b3f0da30_meltdown_8.5x11_menu_5.2026.png,fb87f730ad6ed0567c793b4991692c1620199872e115f0f7dab7264b28fc4e5c,general,Gotta Have Grilled Cheese,Beverages,Ice Water,$1,1,single,2026-10-08,görüntüden okundu
/listing/the-meltdown-30a/,https://cdn.prod.website-files.com/5b5220f0ff2e00fb6bc0ecc5/6a217fbb42043716b3f0da30_meltdown_8.5x11_menu_5.2026.png,fb87f730ad6ed0567c793b4991692c1620199872e115f0f7dab7264b28fc4e5c,general,Gotta Have Grilled Cheese,Beverages,Fountain Drinks,$4,4,single,2026-10-08,görüntüden okundu
/listing/bud-alleys-restaurant-480/,https://www.budandalleys.com/wp-content/uploads/2025/08/Menu_Table-1536x1018.jpg,1e711e2a7b3922b3e37ac9326e834a259a74720175b58d007a9a2e5253796573,menü değil,,,,,,,2026-10-08,görüntüden okundu
/listing/big-bad-breakfast/,https://bigbadbreakfast.com/wp-content/uploads/2026/10/BBB-fall-drinks-834x1030.jpg,6363650ffe1109caabc92a6c16fe59bb1fd92df0ff11f9a6758b48cb15da7d47,menü değil,,,,,,,2026-10-08,görüntüden okundu
/listing/pescado/,https://www.rooftop30a.com/dinner-menu,bdfee7cfb14ae3594c34670f3ec440dcaa58a9c4c38292ae16964f32a19cacb4,dinner,Dinner Menu,Small Bites,ROASTED CHESAPEAKE BAY SCALLOPS,$ 29,29,single,2026-10-09,elle okundu
/listing/pescado/,https://www.rooftop30a.com/dinner-menu,bdfee7cfb14ae3594c34670f3ec440dcaa58a9c4c38292ae16964f32a19cacb4,dinner,Dinner Menu,Small Bites,OCTOPUS,$ 23,23,single,2026-10-09,elle okundu
/listing/pescado/,https://www.rooftop30a.com/dinner-menu,bdfee7cfb14ae3594c34670f3ec440dcaa58a9c4c38292ae16964f32a19cacb4,dinner,Dinner Menu,Small Bites,ROASTED CRAB CAKE,$ 29,29,single,2026-10-09,elle okundu
/listing/pescado/,https://www.rooftop30a.com/dinner-menu,bdfee7cfb14ae3594c34670f3ec440dcaa58a9c4c38292ae16964f32a19cacb4,dinner,Dinner Menu,Small Bites,ROASTED PRAWNS,$ 25,25,single,2026-10-09,elle okundu
/listing/pescado/,https://www.rooftop30a.com/dinner-menu,bdfee7cfb14ae3594c34670f3ec440dcaa58a9c4c38292ae16964f32a19cacb4,dinner,Dinner Menu,Small Bites,CAESAR SALAD,$ 15,15,single,2026-10-09,elle okundu
/listing/pescado/,https://www.rooftop30a.com/dinner-menu,bdfee7cfb14ae3594c34670f3ec440dcaa58a9c4c38292ae16964f32a19cacb4,dinner,Dinner Menu,Small Bites,GOAT CHEESE CANELE,$ 18,18,single,2026-10-09,elle okundu
/listing/pescado/,https://www.rooftop30a.com/dinner-menu,bdfee7cfb14ae3594c34670f3ec440dcaa58a9c4c38292ae16964f32a19cacb4,dinner,Dinner Menu,Small Bites,BOURBON BRAISED DUROC PORK BELLY,$ 18,18,single,2026-10-09,elle okundu
/listing/pescado/,https://www.rooftop30a.com/dinner-menu,bdfee7cfb14ae3594c34670f3ec440dcaa58a9c4c38292ae16964f32a19cacb4,dinner,Dinner Menu,Small Bites,MUSSELS MARINIERE,$ 21,21,single,2026-10-09,elle okundu
/listing/pescado/,https://www.rooftop30a.com/dinner-menu,bdfee7cfb14ae3594c34670f3ec440dcaa58a9c4c38292ae16964f32a19cacb4,dinner,Dinner Menu,Small Bites,ARUGULA SALAD,$ 17,17,single,2026-10-09,elle okundu
/listing/pescado/,https://www.rooftop30a.com/dinner-menu,bdfee7cfb14ae3594c34670f3ec440dcaa58a9c4c38292ae16964f32a19cacb4,dinner,Dinner Menu,Entrées,FISH OF THE DAY,MKT,,market,2026-10-09,elle okundu
/listing/pescado/,https://www.rooftop30a.com/dinner-menu,bdfee7cfb14ae3594c34670f3ec440dcaa58a9c4c38292ae16964f32a19cacb4,dinner,Dinner Menu,Entrées,FILET,$ 62,62,single,2026-10-09,elle okundu
/listing/pescado/,https://www.rooftop30a.com/dinner-menu,bdfee7cfb14ae3594c34670f3ec440dcaa58a9c4c38292ae16964f32a19cacb4,dinner,Dinner Menu,Entrées,LOBSTER CAMPANELLE,$ 49,49,single,2026-10-09,elle okundu
/listing/pescado/,https://www.rooftop30a.com/dinner-menu,bdfee7cfb14ae3594c34670f3ec440dcaa58a9c4c38292ae16964f32a19cacb4,dinner,Dinner Menu,Entrées,HALF ROASTED CHICKEN,$ 42,42,single,2026-10-09,elle okundu
/listing/pescado/,https://www.rooftop30a.com/dinner-menu,bdfee7cfb14ae3594c34670f3ec440dcaa58a9c4c38292ae16964f32a19cacb4,dinner,Dinner Menu,Shareables,ROASTED PESCADO,MKT,,market,2026-10-09,elle okundu
/listing/pescado/,https://www.rooftop30a.com/dinner-menu,bdfee7cfb14ae3594c34670f3ec440dcaa58a9c4c38292ae16964f32a19cacb4,dinner,Dinner Menu,Shareables,32 OUNCE PRIME BONE-IN RIBEYE,$ 155,155,single,2026-10-09,elle okundu
/listing/pescado/,https://www.rooftop30a.com/dinner-menu,bdfee7cfb14ae3594c34670f3ec440dcaa58a9c4c38292ae16964f32a19cacb4,dinner,Dinner Menu,Shareables,WHOLE LOBSTER,MKT,,market,2026-10-09,elle okundu
/listing/pescado/,https://www.rooftop30a.com/dinner-menu,bdfee7cfb14ae3594c34670f3ec440dcaa58a9c4c38292ae16964f32a19cacb4,dinner,Dinner Menu,Shareables,PAELLA SOCARRAT,$ 80,80,single,2026-10-09,elle okundu
/listing/the-courtyard-pescado/,https://www.rooftop30a.com/dinner-menu,bdfee7cfb14ae3594c34670f3ec440dcaa58a9c4c38292ae16964f32a19cacb4,dinner,Dinner Menu,Small Bites,ROASTED CHESAPEAKE BAY SCALLOPS,$ 29,29,single,2026-10-09,elle okundu
/listing/the-courtyard-pescado/,https://www.rooftop30a.com/dinner-menu,bdfee7cfb14ae3594c34670f3ec440dcaa58a9c4c38292ae16964f32a19cacb4,dinner,Dinner Menu,Small Bites,OCTOPUS,$ 23,23,single,2026-10-09,elle okundu
/listing/the-courtyard-pescado/,https://www.rooftop30a.com/dinner-menu,bdfee7cfb14ae3594c34670f3ec440dcaa58a9c4c38292ae16964f32a19cacb4,dinner,Dinner Menu,Small Bites,ROASTED CRAB CAKE,$ 29,29,single,2026-10-09,elle okundu
/listing/the-courtyard-pescado/,https://www.rooftop30a.com/dinner-menu,bdfee7cfb14ae3594c34670f3ec440dcaa58a9c4c38292ae16964f32a19cacb4,dinner,Dinner Menu,Small Bites,ROASTED PRAWNS,$ 25,25,single,2026-10-09,elle okundu
/listing/the-courtyard-pescado/,https://www.rooftop30a.com/dinner-menu,bdfee7cfb14ae3594c34670f3ec440dcaa58a9c4c38292ae16964f32a19cacb4,dinner,Dinner Menu,Small Bites,CAESAR SALAD,$ 15,15,single,2026-10-09,elle okundu
/listing/the-courtyard-pescado/,https://www.rooftop30a.com/dinner-menu,bdfee7cfb14ae3594c34670f3ec440dcaa58a9c4c38292ae16964f32a19cacb4,dinner,Dinner Menu,Small Bites,GOAT CHEESE CANELE,$ 18,18,single,2026-10-09,elle okundu
/listing/the-courtyard-pescado/,https://www.rooftop30a.com/dinner-menu,bdfee7cfb14ae3594c34670f3ec440dcaa58a9c4c38292ae16964f32a19cacb4,dinner,Dinner Menu,Small Bites,BOURBON BRAISED DUROC PORK BELLY,$ 18,18,single,2026-10-09,elle okundu
/listing/the-courtyard-pescado/,https://www.rooftop30a.com/dinner-menu,bdfee7cfb14ae3594c34670f3ec440dcaa58a9c4c38292ae16964f32a19cacb4,dinner,Dinner Menu,Small Bites,MUSSELS MARINIERE,$ 21,21,single,2026-10-09,elle okundu
/listing/the-courtyard-pescado/,https://www.rooftop30a.com/dinner-menu,bdfee7cfb14ae3594c34670f3ec440dcaa58a9c4c38292ae16964f32a19cacb4,dinner,Dinner Menu,Small Bites,ARUGULA SALAD,$ 17,17,single,2026-10-09,elle okundu
/listing/the-courtyard-pescado/,https://www.rooftop30a.com/dinner-menu,bdfee7cfb14ae3594c34670f3ec440dcaa58a9c4c38292ae16964f32a19cacb4,dinner,Dinner Menu,Entrées,FISH OF THE DAY,MKT,,market,2026-10-09,elle okundu
/listing/the-courtyard-pescado/,https://www.rooftop30a.com/dinner-menu,bdfee7cfb14ae3594c34670f3ec440dcaa58a9c4c38292ae16964f32a19cacb4,dinner,Dinner Menu,Entrées,FILET,$ 62,62,single,2026-10-09,elle okundu
/listing/the-courtyard-pescado/,https://www.rooftop30a.com/dinner-menu,bdfee7cfb14ae3594c34670f3ec440dcaa58a9c4c38292ae16964f32a19cacb4,dinner,Dinner Menu,Entrées,LOBSTER CAMPANELLE,$ 49,49,single,2026-10-09,elle okundu
/listing/the-courtyard-pescado/,https://www.rooftop30a.com/dinner-menu,bdfee7cfb14ae3594c34670f3ec440dcaa58a9c4c38292ae16964f32a19cacb4,dinner,Dinner Menu,Entrées,HALF ROASTED CHICKEN,$ 42,42,single,2026-10-09,elle okundu
/listing/the-courtyard-pescado/,https://www.rooftop30a.com/dinner-menu,bdfee7cfb14ae3594c34670f3ec440dcaa58a9c4c38292ae16964f32a19cacb4,dinner,Dinner Menu,Shareables,ROASTED PESCADO,MKT,,market,2026-10-09,elle okundu
/listing/the-courtyard-pescado/,https://www.rooftop30a.com/dinner-menu,bdfee7cfb14ae3594c34670f3ec440dcaa58a9c4c38292ae16964f32a19cacb4,dinner,Dinner Menu,Shareables,32 OUNCE PRIME BONE-IN RIBEYE,$ 155,155,single,2026-10-09,elle okundu
/listing/the-courtyard-pescado/,https://www.rooftop30a.com/dinner-menu,bdfee7cfb14ae3594c34670f3ec440dcaa58a9c4c38292ae16964f32a19cacb4,dinner,Dinner Menu,Shareables,WHOLE LOBSTER,MKT,,market,2026-10-09,elle okundu
/listing/the-courtyard-pescado/,https://www.rooftop30a.com/dinner-menu,bdfee7cfb14ae3594c34670f3ec440dcaa58a9c4c38292ae16964f32a19cacb4,dinner,Dinner Menu,Shareables,PAELLA SOCARRAT,$ 80,80,single,2026-10-09,elle okundu
/listing/3-sons-bbq/,https://ohbz.com/design/7f1d45e8-f7d0-4456-a755-2c0f512efbd5,bbc9834ca4493d1e4a030b4a008747e3b8fb30e3ca2757f05c4de48044942d4c,general,Best of 3Sons 8.5x14,PLATE,Brisket,$23,23,single,2026-10-09,elle okundu
/listing/3-sons-bbq/,https://ohbz.com/design/7f1d45e8-f7d0-4456-a755-2c0f512efbd5,bbc9834ca4493d1e4a030b4a008747e3b8fb30e3ca2757f05c4de48044942d4c,general,Best of 3Sons 8.5x14,PLATE,Ribs,$26,26,single,2026-10-09,elle okundu
/listing/3-sons-bbq/,https://ohbz.com/design/7f1d45e8-f7d0-4456-a755-2c0f512efbd5,bbc9834ca4493d1e4a030b4a008747e3b8fb30e3ca2757f05c4de48044942d4c,general,Best of 3Sons 8.5x14,PLATE,Pork,$16,16,single,2026-10-09,elle okundu
/listing/3-sons-bbq/,https://ohbz.com/design/7f1d45e8-f7d0-4456-a755-2c0f512efbd5,bbc9834ca4493d1e4a030b4a008747e3b8fb30e3ca2757f05c4de48044942d4c,general,Best of 3Sons 8.5x14,PLATE,Pulled Chicken,$18,18,single,2026-10-09,elle okundu
/listing/3-sons-bbq/,https://ohbz.com/design/7f1d45e8-f7d0-4456-a755-2c0f512efbd5,bbc9834ca4493d1e4a030b4a008747e3b8fb30e3ca2757f05c4de48044942d4c,general,Best of 3Sons 8.5x14,PLATE,Sausage,$16,16,single,2026-10-09,elle okundu
/listing/3-sons-bbq/,https://ohbz.com/design/7f1d45e8-f7d0-4456-a755-2c0f512efbd5,bbc9834ca4493d1e4a030b4a008747e3b8fb30e3ca2757f05c4de48044942d4c,general,Best of 3Sons 8.5x14,PLATE,Turkey,$18,18,single,2026-10-09,elle okundu
/listing/3-sons-bbq/,https://ohbz.com/design/7f1d45e8-f7d0-4456-a755-2c0f512efbd5,bbc9834ca4493d1e4a030b4a008747e3b8fb30e3ca2757f05c4de48044942d4c,general,Best of 3Sons 8.5x14,SANDWICH,Brisket,$21,21,single,2026-10-09,elle okundu
/listing/3-sons-bbq/,https://ohbz.com/design/7f1d45e8-f7d0-4456-a755-2c0f512efbd5,bbc9834ca4493d1e4a030b4a008747e3b8fb30e3ca2757f05c4de48044942d4c,general,Best of 3Sons 8.5x14,SANDWICH,Pork,$14,14,single,2026-10-09,elle okundu
/listing/3-sons-bbq/,https://ohbz.com/design/7f1d45e8-f7d0-4456-a755-2c0f512efbd5,bbc9834ca4493d1e4a030b4a008747e3b8fb30e3ca2757f05c4de48044942d4c,general,Best of 3Sons 8.5x14,SANDWICH,Pulled Chicken,$16,16,single,2026-10-09,elle okundu
/listing/3-sons-bbq/,https://ohbz.com/design/7f1d45e8-f7d0-4456-a755-2c0f512efbd5,bbc9834ca4493d1e4a030b4a008747e3b8fb30e3ca2757f05c4de48044942d4c,general,Best of 3Sons 8.5x14,SANDWICH,Sausage,$14,14,single,2026-10-09,elle okundu
/listing/3-sons-bbq/,https://ohbz.com/design/7f1d45e8-f7d0-4456-a755-2c0f512efbd5,bbc9834ca4493d1e4a030b4a008747e3b8fb30e3ca2757f05c4de48044942d4c,general,Best of 3Sons 8.5x14,SANDWICH,Turkey,$16,16,single,2026-10-09,elle okundu
/listing/3-sons-bbq/,https://ohbz.com/design/7f1d45e8-f7d0-4456-a755-2c0f512efbd5,bbc9834ca4493d1e4a030b4a008747e3b8fb30e3ca2757f05c4de48044942d4c,general,Best of 3Sons 8.5x14,BBQ CLASSICS,2-MEAT PLATE,$27,27,single,2026-10-09,elle okundu
/listing/3-sons-bbq/,https://ohbz.com/design/7f1d45e8-f7d0-4456-a755-2c0f512efbd5,bbc9834ca4493d1e4a030b4a008747e3b8fb30e3ca2757f05c4de48044942d4c,general,Best of 3Sons 8.5x14,BBQ CLASSICS,3-MEAT PLATE,$35,35,single,2026-10-09,elle okundu
/listing/3-sons-bbq/,https://ohbz.com/design/7f1d45e8-f7d0-4456-a755-2c0f512efbd5,bbc9834ca4493d1e4a030b4a008747e3b8fb30e3ca2757f05c4de48044942d4c,general,Best of 3Sons 8.5x14,SPECIALTIES,NO SLEEP 'TIL BRISKET BURGER,$24,24,single,2026-10-09,elle okundu
/listing/3-sons-bbq/,https://ohbz.com/design/7f1d45e8-f7d0-4456-a755-2c0f512efbd5,bbc9834ca4493d1e4a030b4a008747e3b8fb30e3ca2757f05c4de48044942d4c,general,Best of 3Sons 8.5x14,SPECIALTIES,TRAILER TACOS,$17,17,single,2026-10-09,elle okundu
/listing/3-sons-bbq/,https://ohbz.com/design/7f1d45e8-f7d0-4456-a755-2c0f512efbd5,bbc9834ca4493d1e4a030b4a008747e3b8fb30e3ca2757f05c4de48044942d4c,general,Best of 3Sons 8.5x14,SPECIALTIES,SLAB WRAP,$17,17,single,2026-10-09,elle okundu
/listing/3-sons-bbq/,https://ohbz.com/design/7f1d45e8-f7d0-4456-a755-2c0f512efbd5,bbc9834ca4493d1e4a030b4a008747e3b8fb30e3ca2757f05c4de48044942d4c,general,Best of 3Sons 8.5x14,SPECIALTIES,ZAPPS VOODOO BOWL,$16,16,single,2026-10-09,elle okundu
/listing/farm-fire/,https://ohbz.com/design/efc78591-e914-4864-95ab-8d589e4ecf61?embed=true,29e650d234800f14a0cb48a76e1354230dc106f5ae70631aa72be31ca773988b,dinner,Master Dinner Menu 2026,SUSHI,Dr. Feel Good,19,19,single,2026-10-09,elle okundu
/listing/farm-fire/,https://ohbz.com/design/efc78591-e914-4864-95ab-8d589e4ecf61?embed=true,29e650d234800f14a0cb48a76e1354230dc106f5ae70631aa72be31ca773988b,dinner,Master Dinner Menu 2026,SUSHI,Elodie,18,18,single,2026-10-09,elle okundu
/listing/farm-fire/,https://ohbz.com/design/efc78591-e914-4864-95ab-8d589e4ecf61?embed=true,29e650d234800f14a0cb48a76e1354230dc106f5ae70631aa72be31ca773988b,dinner,Master Dinner Menu 2026,SUSHI,The Steele Fox,15,15,single,2026-10-09,elle okundu
/listing/farm-fire/,https://ohbz.com/design/efc78591-e914-4864-95ab-8d589e4ecf61?embed=true,29e650d234800f14a0cb48a76e1354230dc106f5ae70631aa72be31ca773988b,dinner,Master Dinner Menu 2026,SUSHI,Veggie Roll,12,12,single,2026-10-09,elle okundu
/listing/farm-fire/,https://ohbz.com/design/efc78591-e914-4864-95ab-8d589e4ecf61?embed=true,29e650d234800f14a0cb48a76e1354230dc106f5ae70631aa72be31ca773988b,dinner,Master Dinner Menu 2026,SUSHI,California,13,13,single,2026-10-09,elle okundu
/listing/farm-fire/,https://ohbz.com/design/efc78591-e914-4864-95ab-8d589e4ecf61?embed=true,29e650d234800f14a0cb48a76e1354230dc106f5ae70631aa72be31ca773988b,dinner,Master Dinner Menu 2026,SUSHI,The Big Cat,22,22,single,2026-10-09,elle okundu
/listing/farm-fire/,https://ohbz.com/design/efc78591-e914-4864-95ab-8d589e4ecf61?embed=true,29e650d234800f14a0cb48a76e1354230dc106f5ae70631aa72be31ca773988b,dinner,Master Dinner Menu 2026,SUSHI,Crunchy Munchies,24,24,single,2026-10-09,elle okundu
/listing/farm-fire/,https://ohbz.com/design/efc78591-e914-4864-95ab-8d589e4ecf61?embed=true,29e650d234800f14a0cb48a76e1354230dc106f5ae70631aa72be31ca773988b,dinner,Master Dinner Menu 2026,SUSHI,Philly,16,16,single,2026-10-09,elle okundu
/listing/farm-fire/,https://ohbz.com/design/efc78591-e914-4864-95ab-8d589e4ecf61?embed=true,29e650d234800f14a0cb48a76e1354230dc106f5ae70631aa72be31ca773988b,dinner,Master Dinner Menu 2026,SUSHI,Spicy Tuna,15,15,single,2026-10-09,elle okundu
/listing/farm-fire/,https://ohbz.com/design/efc78591-e914-4864-95ab-8d589e4ecf61?embed=true,29e650d234800f14a0cb48a76e1354230dc106f5ae70631aa72be31ca773988b,dinner,Master Dinner Menu 2026,SUSHI,Tombstone Roll,18,18,single,2026-10-09,elle okundu
/listing/farm-fire/,https://ohbz.com/design/efc78591-e914-4864-95ab-8d589e4ecf61?embed=true,29e650d234800f14a0cb48a76e1354230dc106f5ae70631aa72be31ca773988b,dinner,Master Dinner Menu 2026,SUSHI,Spicy Salmon,15,15,single,2026-10-09,elle okundu
/listing/farm-fire/,https://ohbz.com/design/efc78591-e914-4864-95ab-8d589e4ecf61?embed=true,29e650d234800f14a0cb48a76e1354230dc106f5ae70631aa72be31ca773988b,dinner,Master Dinner Menu 2026,SUSHI,Kodiak Roll,18,18,single,2026-10-09,elle okundu
/listing/farm-fire/,https://ohbz.com/design/efc78591-e914-4864-95ab-8d589e4ecf61?embed=true,29e650d234800f14a0cb48a76e1354230dc106f5ae70631aa72be31ca773988b,dinner,Master Dinner Menu 2026,SUSHI,Crunchy Tuna Roll,15,15,single,2026-10-09,elle okundu
/listing/farm-fire/,https://ohbz.com/design/efc78591-e914-4864-95ab-8d589e4ecf61?embed=true,29e650d234800f14a0cb48a76e1354230dc106f5ae70631aa72be31ca773988b,dinner,Master Dinner Menu 2026,SUSHI,Sweep the Leg,24,24,single,2026-10-09,elle okundu
/listing/farm-fire/,https://ohbz.com/design/efc78591-e914-4864-95ab-8d589e4ecf61?embed=true,29e650d234800f14a0cb48a76e1354230dc106f5ae70631aa72be31ca773988b,dinner,Master Dinner Menu 2026,SUSHI,We Came by Boat,20,20,single,2026-10-09,elle okundu
/listing/farm-fire/,https://ohbz.com/design/efc78591-e914-4864-95ab-8d589e4ecf61?embed=true,29e650d234800f14a0cb48a76e1354230dc106f5ae70631aa72be31ca773988b,dinner,Master Dinner Menu 2026,SUSHI,Tuna Poke,25,25,single,2026-10-09,elle okundu
/listing/farm-fire/,https://ohbz.com/design/efc78591-e914-4864-95ab-8d589e4ecf61?embed=true,29e650d234800f14a0cb48a76e1354230dc106f5ae70631aa72be31ca773988b,dinner,Master Dinner Menu 2026,FRESH BAKED PIZZA,Prosciutto & Arugula,24,24,single,2026-10-09,elle okundu
/listing/farm-fire/,https://ohbz.com/design/efc78591-e914-4864-95ab-8d589e4ecf61?embed=true,29e650d234800f14a0cb48a76e1354230dc106f5ae70631aa72be31ca773988b,dinner,Master Dinner Menu 2026,FRESH BAKED PIZZA,Margherita,20,20,single,2026-10-09,elle okundu
/listing/farm-fire/,https://ohbz.com/design/efc78591-e914-4864-95ab-8d589e4ecf61?embed=true,29e650d234800f14a0cb48a76e1354230dc106f5ae70631aa72be31ca773988b,dinner,Master Dinner Menu 2026,FRESH BAKED PIZZA,White,20,20,single,2026-10-09,elle okundu
/listing/farm-fire/,https://ohbz.com/design/efc78591-e914-4864-95ab-8d589e4ecf61?embed=true,29e650d234800f14a0cb48a76e1354230dc106f5ae70631aa72be31ca773988b,dinner,Master Dinner Menu 2026,FRESH BAKED PIZZA,Traditional,17,17,single,2026-10-09,elle okundu
/listing/farm-fire/,https://ohbz.com/design/efc78591-e914-4864-95ab-8d589e4ecf61?embed=true,29e650d234800f14a0cb48a76e1354230dc106f5ae70631aa72be31ca773988b,dinner,Master Dinner Menu 2026,SHARABLES,Handmade Meatballs,16,16,single,2026-10-09,elle okundu
/listing/farm-fire/,https://ohbz.com/design/efc78591-e914-4864-95ab-8d589e4ecf61?embed=true,29e650d234800f14a0cb48a76e1354230dc106f5ae70631aa72be31ca773988b,dinner,Master Dinner Menu 2026,SHARABLES,Handmade Pork Dumplings,16,16,single,2026-10-09,elle okundu
/listing/farm-fire/,https://ohbz.com/design/efc78591-e914-4864-95ab-8d589e4ecf61?embed=true,29e650d234800f14a0cb48a76e1354230dc106f5ae70631aa72be31ca773988b,dinner,Master Dinner Menu 2026,SHARABLES,Hot Crab & Artichoke Dip,22,22,single,2026-10-09,elle okundu
/listing/farm-fire/,https://ohbz.com/design/efc78591-e914-4864-95ab-8d589e4ecf61?embed=true,29e650d234800f14a0cb48a76e1354230dc106f5ae70631aa72be31ca773988b,dinner,Master Dinner Menu 2026,SHARABLES,Korean Pork Bites,17,17,single,2026-10-09,elle okundu
/listing/farm-fire/,https://ohbz.com/design/efc78591-e914-4864-95ab-8d589e4ecf61?embed=true,29e650d234800f14a0cb48a76e1354230dc106f5ae70631aa72be31ca773988b,dinner,Master Dinner Menu 2026,SHARABLES,Roasted Wings (8),16,16,single,2026-10-09,elle okundu
/listing/farm-fire/,https://ohbz.com/design/efc78591-e914-4864-95ab-8d589e4ecf61?embed=true,29e650d234800f14a0cb48a76e1354230dc106f5ae70631aa72be31ca773988b,dinner,Master Dinner Menu 2026,SHARABLES,Edamame,8,8,single,2026-10-09,elle okundu
/listing/farm-fire/,https://ohbz.com/design/efc78591-e914-4864-95ab-8d589e4ecf61?embed=true,29e650d234800f14a0cb48a76e1354230dc106f5ae70631aa72be31ca773988b,dinner,Master Dinner Menu 2026,FARM,Ginger Salad,11,11,single,2026-10-09,elle okundu
/listing/farm-fire/,https://ohbz.com/design/efc78591-e914-4864-95ab-8d589e4ecf61?embed=true,29e650d234800f14a0cb48a76e1354230dc106f5ae70631aa72be31ca773988b,dinner,Master Dinner Menu 2026,FARM,Wedge Salad,16,16,single,2026-10-09,elle okundu
/listing/farm-fire/,https://ohbz.com/design/efc78591-e914-4864-95ab-8d589e4ecf61?embed=true,29e650d234800f14a0cb48a76e1354230dc106f5ae70631aa72be31ca773988b,dinner,Master Dinner Menu 2026,FARM,Burrata Salad,18,18,single,2026-10-09,elle okundu
/listing/farm-fire/,https://ohbz.com/design/efc78591-e914-4864-95ab-8d589e4ecf61?embed=true,29e650d234800f14a0cb48a76e1354230dc106f5ae70631aa72be31ca773988b,dinner,Master Dinner Menu 2026,FIRE CUTS / A LA FLAME,Gulf Grouper,35,35,single,2026-10-09,elle okundu
/listing/farm-fire/,https://ohbz.com/design/efc78591-e914-4864-95ab-8d589e4ecf61?embed=true,29e650d234800f14a0cb48a76e1354230dc106f5ae70631aa72be31ca773988b,dinner,Master Dinner Menu 2026,FIRE CUTS / A LA FLAME,Jumbo Gulf Shrimp,22,22,single,2026-10-09,elle okundu
/listing/farm-fire/,https://ohbz.com/design/efc78591-e914-4864-95ab-8d589e4ecf61?embed=true,29e650d234800f14a0cb48a76e1354230dc106f5ae70631aa72be31ca773988b,dinner,Master Dinner Menu 2026,FIRE CUTS / A LA FLAME,Pork Ribeye,25,25,single,2026-10-09,elle okundu
/listing/farm-fire/,https://ohbz.com/design/efc78591-e914-4864-95ab-8d589e4ecf61?embed=true,29e650d234800f14a0cb48a76e1354230dc106f5ae70631aa72be31ca773988b,dinner,Master Dinner Menu 2026,FIRE CUTS / A LA FLAME,Airline Chicken Breast,27,27,single,2026-10-09,elle okundu
/listing/farm-fire/,https://ohbz.com/design/efc78591-e914-4864-95ab-8d589e4ecf61?embed=true,29e650d234800f14a0cb48a76e1354230dc106f5ae70631aa72be31ca773988b,dinner,Master Dinner Menu 2026,FIRE CUTS / A LA FLAME,Center Cut Filet,48,48,single,2026-10-09,elle okundu
/listing/farm-fire/,https://ohbz.com/design/efc78591-e914-4864-95ab-8d589e4ecf61?embed=true,29e650d234800f14a0cb48a76e1354230dc106f5ae70631aa72be31ca773988b,dinner,Master Dinner Menu 2026,FIRE CUTS / A LA FLAME,Prime NY Strip,48,48,single,2026-10-09,elle okundu
/listing/farm-fire/,https://ohbz.com/design/efc78591-e914-4864-95ab-8d589e4ecf61?embed=true,29e650d234800f14a0cb48a76e1354230dc106f5ae70631aa72be31ca773988b,dinner,Master Dinner Menu 2026,FIRE CUTS / A LA FLAME,Ribeye,48,48,single,2026-10-09,elle okundu
/listing/farm-fire/,https://ohbz.com/design/efc78591-e914-4864-95ab-8d589e4ecf61?embed=true,29e650d234800f14a0cb48a76e1354230dc106f5ae70631aa72be31ca773988b,dinner,Master Dinner Menu 2026,CRAFTED BURGER,Wagyu Burger,$25,25,single,2026-10-09,elle okundu
/listing/farm-fire/,https://ohbz.com/design/efc78591-e914-4864-95ab-8d589e4ecf61?embed=true,29e650d234800f14a0cb48a76e1354230dc106f5ae70631aa72be31ca773988b,dinner,Master Dinner Menu 2026,PASTA,Smoked Chicken & Prosciutto,$26,26,single,2026-10-09,elle okundu
/listing/farm-fire/,https://ohbz.com/design/efc78591-e914-4864-95ab-8d589e4ecf61?embed=true,29e650d234800f14a0cb48a76e1354230dc106f5ae70631aa72be31ca773988b,dinner,Master Dinner Menu 2026,PASTA,Pappardelle Bolognese,$28,28,single,2026-10-09,elle okundu
/listing/the-citizen/,https://citizenalys.com/wp-content/uploads/2026/05/DINNER_4.3.26.pdf,1f52fa90a163a8a5bee2e386cf41216722ab16c19753b084da81bb6c9354df33,dinner,DINNER,LAND,HOT FRIED CHICKEN BREAST,38,38,single,2026-10-09,elle okundu
/listing/the-citizen/,https://citizenalys.com/wp-content/uploads/2026/05/DINNER_4.3.26.pdf,1f52fa90a163a8a5bee2e386cf41216722ab16c19753b084da81bb6c9354df33,dinner,DINNER,LAND,BLACK ANGUS FILET MIGNON,65,65,single,2026-10-09,elle okundu
/listing/the-citizen/,https://citizenalys.com/wp-content/uploads/2026/05/DINNER_4.3.26.pdf,1f52fa90a163a8a5bee2e386cf41216722ab16c19753b084da81bb6c9354df33,dinner,DINNER,LAND,HEARTH BRAISED BEEF SHORT RIB,49,49,single,2026-10-09,elle okundu
/listing/the-citizen/,https://citizenalys.com/wp-content/uploads/2026/05/DINNER_4.3.26.pdf,1f52fa90a163a8a5bee2e386cf41216722ab16c19753b084da81bb6c9354df33,dinner,DINNER,LAND,CTZN PORK SCHNITZEL,39,39,single,2026-10-09,elle okundu
/listing/the-citizen/,https://citizenalys.com/wp-content/uploads/2026/05/DINNER_4.3.26.pdf,1f52fa90a163a8a5bee2e386cf41216722ab16c19753b084da81bb6c9354df33,dinner,DINNER,SEA,WILD GULF FISH,45,45,single,2026-10-09,elle okundu
/listing/the-citizen/,https://citizenalys.com/wp-content/uploads/2026/05/DINNER_4.3.26.pdf,1f52fa90a163a8a5bee2e386cf41216722ab16c19753b084da81bb6c9354df33,dinner,DINNER,SEA,PALM SUGAR SEARED TUNA,52,52,single,2026-10-09,elle okundu
/listing/the-citizen/,https://citizenalys.com/wp-content/uploads/2026/05/DINNER_4.3.26.pdf,1f52fa90a163a8a5bee2e386cf41216722ab16c19753b084da81bb6c9354df33,dinner,DINNER,SEA,GRILLED LOBSTER TAIL,79,79,single,2026-10-09,elle okundu
/listing/the-citizen/,https://citizenalys.com/wp-content/uploads/2026/05/DINNER_4.3.26.pdf,1f52fa90a163a8a5bee2e386cf41216722ab16c19753b084da81bb6c9354df33,dinner,DINNER,SEA,FISHERMAN’S GRITS,43,43,single,2026-10-09,elle okundu
/listing/the-citizen/,https://citizenalys.com/wp-content/uploads/2026/05/DINNER_4.3.26.pdf,1f52fa90a163a8a5bee2e386cf41216722ab16c19753b084da81bb6c9354df33,dinner,DINNER,PASTA,RADIATORI,39,39,single,2026-10-09,elle okundu
/listing/bud-alleys-restaurant-480/,https://www.budandalleys.com/wp-content/uploads/2025/07/BA_DinnerMenu_17x11_F1.pdf,5dd0af2a656b4bbde1ac6d4f8278dd162763f8ff51b50520ac6f57e07dd250b6,dinner,Dinner Menu,ENTRÉES,Grilled Grouper,43,43,single,2026-10-09,elle okundu
/listing/bud-alleys-restaurant-480/,https://www.budandalleys.com/wp-content/uploads/2025/07/BA_DinnerMenu_17x11_F1.pdf,5dd0af2a656b4bbde1ac6d4f8278dd162763f8ff51b50520ac6f57e07dd250b6,dinner,Dinner Menu,ENTRÉES,Bud & Alley’s Crab Cakes,49,49,single,2026-10-09,elle okundu
/listing/bud-alleys-restaurant-480/,https://www.budandalleys.com/wp-content/uploads/2025/07/BA_DinnerMenu_17x11_F1.pdf,5dd0af2a656b4bbde1ac6d4f8278dd162763f8ff51b50520ac6f57e07dd250b6,dinner,Dinner Menu,ENTRÉES,Whole Fish of the Day,44,44,single,2026-10-09,elle okundu
/listing/bud-alleys-restaurant-480/,https://www.budandalleys.com/wp-content/uploads/2025/07/BA_DinnerMenu_17x11_F1.pdf,5dd0af2a656b4bbde1ac6d4f8278dd162763f8ff51b50520ac6f57e07dd250b6,dinner,Dinner Menu,ENTRÉES,Roasted Salmon,34,34,single,2026-10-09,elle okundu
/listing/bud-alleys-restaurant-480/,https://www.budandalleys.com/wp-content/uploads/2025/07/BA_DinnerMenu_17x11_F1.pdf,5dd0af2a656b4bbde1ac6d4f8278dd162763f8ff51b50520ac6f57e07dd250b6,dinner,Dinner Menu,ENTRÉES,Seared Diver Scallops,48,48,single,2026-10-09,elle okundu
/listing/bud-alleys-restaurant-480/,https://www.budandalleys.com/wp-content/uploads/2025/07/BA_DinnerMenu_17x11_F1.pdf,5dd0af2a656b4bbde1ac6d4f8278dd162763f8ff51b50520ac6f57e07dd250b6,dinner,Dinner Menu,ENTRÉES,8oz Filet Mignon,58,58,single,2026-10-09,elle okundu
/listing/bud-alleys-restaurant-480/,https://www.budandalleys.com/wp-content/uploads/2025/07/BA_DinnerMenu_17x11_F1.pdf,5dd0af2a656b4bbde1ac6d4f8278dd162763f8ff51b50520ac6f57e07dd250b6,dinner,Dinner Menu,ENTRÉES,Pan-Seared Airline Chicken Breast,33,33,single,2026-10-09,elle okundu
/listing/bud-alleys-restaurant-480/,https://www.budandalleys.com/wp-content/uploads/2025/07/BA_DinnerMenu_17x11_F1.pdf,5dd0af2a656b4bbde1ac6d4f8278dd162763f8ff51b50520ac6f57e07dd250b6,dinner,Dinner Menu,ENTRÉES,Seaside Shrimp Scampi,37,37,single,2026-10-09,elle okundu
/listing/cajun-corner-sports-bar-grill/,https://img1.wsimg.com/isteam/ip/626b1694-1bc7-4d47-8dee-1c888c539a04/IMG_5590.jpeg,c3c0bff8472c9eee20bb08db1803094fd73f3d6dbc078149856ac2ba5625f8a2,general,Cajun Corner Sports Bar & Grill,APPETIZERS,FRIED PICKLES,7.95,7.95,single,2026-10-09,görüntüden okundu
/listing/cajun-corner-sports-bar-grill/,https://img1.wsimg.com/isteam/ip/626b1694-1bc7-4d47-8dee-1c888c539a04/IMG_5590.jpeg,c3c0bff8472c9eee20bb08db1803094fd73f3d6dbc078149856ac2ba5625f8a2,general,Cajun Corner Sports Bar & Grill,APPETIZERS,LOADED FRIES,9.95,9.95,single,2026-10-09,görüntüden okundu
/listing/cajun-corner-sports-bar-grill/,https://img1.wsimg.com/isteam/ip/626b1694-1bc7-4d47-8dee-1c888c539a04/IMG_5590.jpeg,c3c0bff8472c9eee20bb08db1803094fd73f3d6dbc078149856ac2ba5625f8a2,general,Cajun Corner Sports Bar & Grill,APPETIZERS,BOUDIN BALLS (3),11.95,11.95,single,2026-10-09,görüntüden okundu
/listing/cajun-corner-sports-bar-grill/,https://img1.wsimg.com/isteam/ip/626b1694-1bc7-4d47-8dee-1c888c539a04/IMG_5590.jpeg,c3c0bff8472c9eee20bb08db1803094fd73f3d6dbc078149856ac2ba5625f8a2,general,Cajun Corner Sports Bar & Grill,APPETIZERS,FIRECRACKER SHRIMP,12.95,12.95,single,2026-10-09,görüntüden okundu
/listing/cajun-corner-sports-bar-grill/,https://img1.wsimg.com/isteam/ip/626b1694-1bc7-4d47-8dee-1c888c539a04/IMG_5590.jpeg,c3c0bff8472c9eee20bb08db1803094fd73f3d6dbc078149856ac2ba5625f8a2,general,Cajun Corner Sports Bar & Grill,APPETIZERS,MOZZARELLA STICKS,8.95,8.95,single,2026-10-09,görüntüden okundu
/listing/cajun-corner-sports-bar-grill/,https://img1.wsimg.com/isteam/ip/626b1694-1bc7-4d47-8dee-1c888c539a04/IMG_5590.jpeg,c3c0bff8472c9eee20bb08db1803094fd73f3d6dbc078149856ac2ba5625f8a2,general,Cajun Corner Sports Bar & Grill,APPETIZERS,ONION RINGS,7.95,7.95,single,2026-10-09,görüntüden okundu
/listing/cajun-corner-sports-bar-grill/,https://img1.wsimg.com/isteam/ip/626b1694-1bc7-4d47-8dee-1c888c539a04/IMG_5590.jpeg,c3c0bff8472c9eee20bb08db1803094fd73f3d6dbc078149856ac2ba5625f8a2,general,Cajun Corner Sports Bar & Grill,APPETIZERS,CHIPS AND SALSA,7.95,7.95,single,2026-10-09,görüntüden okundu
/listing/cajun-corner-sports-bar-grill/,https://img1.wsimg.com/isteam/ip/626b1694-1bc7-4d47-8dee-1c888c539a04/IMG_5590.jpeg,c3c0bff8472c9eee20bb08db1803094fd73f3d6dbc078149856ac2ba5625f8a2,general,Cajun Corner Sports Bar & Grill,APPETIZERS,CHIPS AND QUESO,9.95,9.95,single,2026-10-09,görüntüden okundu
/listing/cajun-corner-sports-bar-grill/,https://img1.wsimg.com/isteam/ip/626b1694-1bc7-4d47-8dee-1c888c539a04/IMG_5590.jpeg,c3c0bff8472c9eee20bb08db1803094fd73f3d6dbc078149856ac2ba5625f8a2,general,Cajun Corner Sports Bar & Grill,APPETIZERS,MINI MEAT PIES,9.95,9.95,single,2026-10-09,görüntüden okundu
/listing/cajun-corner-sports-bar-grill/,https://img1.wsimg.com/isteam/ip/626b1694-1bc7-4d47-8dee-1c888c539a04/IMG_5590.jpeg,c3c0bff8472c9eee20bb08db1803094fd73f3d6dbc078149856ac2ba5625f8a2,general,Cajun Corner Sports Bar & Grill,APPETIZERS,BONE-IN WINGS,6 for 11.95 | 8 for 14.95 | 10 for 16.95,11.95,lowest,2026-10-09,görüntüden okundu
/listing/cajun-corner-sports-bar-grill/,https://img1.wsimg.com/isteam/ip/626b1694-1bc7-4d47-8dee-1c888c539a04/IMG_5590.jpeg,c3c0bff8472c9eee20bb08db1803094fd73f3d6dbc078149856ac2ba5625f8a2,general,Cajun Corner Sports Bar & Grill,APPETIZERS,BONELESS WINGS,6 for 9.95 | 8 for 12.95 | 10 for 14.95,9.95,lowest,2026-10-09,görüntüden okundu
/listing/cajun-corner-sports-bar-grill/,https://img1.wsimg.com/isteam/ip/626b1694-1bc7-4d47-8dee-1c888c539a04/IMG_5590.jpeg,c3c0bff8472c9eee20bb08db1803094fd73f3d6dbc078149856ac2ba5625f8a2,general,Cajun Corner Sports Bar & Grill,APPETIZERS,FRIED GATOR BITES,15.95,15.95,single,2026-10-09,görüntüden okundu
/listing/cajun-corner-sports-bar-grill/,https://img1.wsimg.com/isteam/ip/626b1694-1bc7-4d47-8dee-1c888c539a04/IMG_5590.jpeg,c3c0bff8472c9eee20bb08db1803094fd73f3d6dbc078149856ac2ba5625f8a2,general,Cajun Corner Sports Bar & Grill,APPETIZERS,CAJUN NACHOS,15.95,15.95,single,2026-10-09,görüntüden okundu
/listing/cajun-corner-sports-bar-grill/,https://img1.wsimg.com/isteam/ip/626b1694-1bc7-4d47-8dee-1c888c539a04/IMG_5590.jpeg,c3c0bff8472c9eee20bb08db1803094fd73f3d6dbc078149856ac2ba5625f8a2,general,Cajun Corner Sports Bar & Grill,SOUP + SALADS,CHICKEN AND SAUSAGE GUMBO,Cup 7.95 | Bowl 13.95,7.95,lowest,2026-10-09,görüntüden okundu
/listing/cajun-corner-sports-bar-grill/,https://img1.wsimg.com/isteam/ip/626b1694-1bc7-4d47-8dee-1c888c539a04/IMG_5590.jpeg,c3c0bff8472c9eee20bb08db1803094fd73f3d6dbc078149856ac2ba5625f8a2,general,Cajun Corner Sports Bar & Grill,SOUP + SALADS,HOUSE SALAD,10.95,10.95,single,2026-10-09,görüntüden okundu
/listing/cajun-corner-sports-bar-grill/,https://img1.wsimg.com/isteam/ip/626b1694-1bc7-4d47-8dee-1c888c539a04/IMG_5590.jpeg,c3c0bff8472c9eee20bb08db1803094fd73f3d6dbc078149856ac2ba5625f8a2,general,Cajun Corner Sports Bar & Grill,SOUP + SALADS,CAESAR SALAD,11.95,11.95,single,2026-10-09,görüntüden okundu
/listing/cajun-corner-sports-bar-grill/,https://img1.wsimg.com/isteam/ip/626b1694-1bc7-4d47-8dee-1c888c539a04/IMG_5590.jpeg,c3c0bff8472c9eee20bb08db1803094fd73f3d6dbc078149856ac2ba5625f8a2,general,Cajun Corner Sports Bar & Grill,HANDHELDS,BUFFALO GATOR TACOS (3),18.95,18.95,single,2026-10-09,görüntüden okundu
/listing/cajun-corner-sports-bar-grill/,https://img1.wsimg.com/isteam/ip/626b1694-1bc7-4d47-8dee-1c888c539a04/IMG_5590.jpeg,c3c0bff8472c9eee20bb08db1803094fd73f3d6dbc078149856ac2ba5625f8a2,general,Cajun Corner Sports Bar & Grill,HANDHELDS,FIRECRACKER SHRIMP TACOS (3),16.95,16.95,single,2026-10-09,görüntüden okundu
/listing/cajun-corner-sports-bar-grill/,https://img1.wsimg.com/isteam/ip/626b1694-1bc7-4d47-8dee-1c888c539a04/IMG_5590.jpeg,c3c0bff8472c9eee20bb08db1803094fd73f3d6dbc078149856ac2ba5625f8a2,general,Cajun Corner Sports Bar & Grill,HANDHELDS,FISH TACOS (3),17.95,17.95,single,2026-10-09,görüntüden okundu
/listing/cajun-corner-sports-bar-grill/,https://img1.wsimg.com/isteam/ip/626b1694-1bc7-4d47-8dee-1c888c539a04/IMG_5590.jpeg,c3c0bff8472c9eee20bb08db1803094fd73f3d6dbc078149856ac2ba5625f8a2,general,Cajun Corner Sports Bar & Grill,HANDHELDS,FRIED SHRIMP TACOS (3),15.95,15.95,single,2026-10-09,görüntüden okundu
/listing/cajun-corner-sports-bar-grill/,https://img1.wsimg.com/isteam/ip/626b1694-1bc7-4d47-8dee-1c888c539a04/IMG_5590.jpeg,c3c0bff8472c9eee20bb08db1803094fd73f3d6dbc078149856ac2ba5625f8a2,general,Cajun Corner Sports Bar & Grill,HANDHELDS,BUFFALO CHICKEN WRAP,15.95,15.95,single,2026-10-09,görüntüden okundu
/listing/cajun-corner-sports-bar-grill/,https://img1.wsimg.com/isteam/ip/626b1694-1bc7-4d47-8dee-1c888c539a04/IMG_5590.jpeg,c3c0bff8472c9eee20bb08db1803094fd73f3d6dbc078149856ac2ba5625f8a2,general,Cajun Corner Sports Bar & Grill,HANDHELDS,CHICKEN WRAP,14.95,14.95,single,2026-10-09,görüntüden okundu
/listing/cajun-corner-sports-bar-grill/,https://img1.wsimg.com/isteam/ip/626b1694-1bc7-4d47-8dee-1c888c539a04/IMG_5590.jpeg,c3c0bff8472c9eee20bb08db1803094fd73f3d6dbc078149856ac2ba5625f8a2,general,Cajun Corner Sports Bar & Grill,HANDHELDS,BUFFALO CHICKEN SANDWICH,14.95,14.95,single,2026-10-09,görüntüden okundu
/listing/cajun-corner-sports-bar-grill/,https://img1.wsimg.com/isteam/ip/626b1694-1bc7-4d47-8dee-1c888c539a04/IMG_5590.jpeg,c3c0bff8472c9eee20bb08db1803094fd73f3d6dbc078149856ac2ba5625f8a2,general,Cajun Corner Sports Bar & Grill,HANDHELDS,GRILLED CHICKEN SANDWICH,14.95,14.95,single,2026-10-09,görüntüden okundu
/listing/cajun-corner-sports-bar-grill/,https://img1.wsimg.com/isteam/ip/626b1694-1bc7-4d47-8dee-1c888c539a04/IMG_5590.jpeg,c3c0bff8472c9eee20bb08db1803094fd73f3d6dbc078149856ac2ba5625f8a2,general,Cajun Corner Sports Bar & Grill,HANDHELDS,CHICKEN TENDERS,15.95,15.95,single,2026-10-09,görüntüden okundu
/listing/cajun-corner-sports-bar-grill/,https://img1.wsimg.com/isteam/ip/626b1694-1bc7-4d47-8dee-1c888c539a04/IMG_5590.jpeg,c3c0bff8472c9eee20bb08db1803094fd73f3d6dbc078149856ac2ba5625f8a2,general,Cajun Corner Sports Bar & Grill,HAND-PATTIED BURGERS,PAST TIME BURGER,14.95,14.95,single,2026-10-09,görüntüden okundu
/listing/cajun-corner-sports-bar-grill/,https://img1.wsimg.com/isteam/ip/626b1694-1bc7-4d47-8dee-1c888c539a04/IMG_5590.jpeg,c3c0bff8472c9eee20bb08db1803094fd73f3d6dbc078149856ac2ba5625f8a2,general,Cajun Corner Sports Bar & Grill,HAND-PATTIED BURGERS,BBQ BURGER,15.95,15.95,single,2026-10-09,görüntüden okundu
/listing/cajun-corner-sports-bar-grill/,https://img1.wsimg.com/isteam/ip/626b1694-1bc7-4d47-8dee-1c888c539a04/IMG_5590.jpeg,c3c0bff8472c9eee20bb08db1803094fd73f3d6dbc078149856ac2ba5625f8a2,general,Cajun Corner Sports Bar & Grill,HAND-PATTIED BURGERS,SPICY CAJUN BURGER,15.95,15.95,single,2026-10-09,görüntüden okundu
/listing/cajun-corner-sports-bar-grill/,https://img1.wsimg.com/isteam/ip/626b1694-1bc7-4d47-8dee-1c888c539a04/IMG_5590.jpeg,c3c0bff8472c9eee20bb08db1803094fd73f3d6dbc078149856ac2ba5625f8a2,general,Cajun Corner Sports Bar & Grill,PO'BOYS,FRIED SHRIMP PO BOY,17.95,17.95,single,2026-10-09,görüntüden okundu
/listing/cajun-corner-sports-bar-grill/,https://img1.wsimg.com/isteam/ip/626b1694-1bc7-4d47-8dee-1c888c539a04/IMG_5590.jpeg,c3c0bff8472c9eee20bb08db1803094fd73f3d6dbc078149856ac2ba5625f8a2,general,Cajun Corner Sports Bar & Grill,PO'BOYS,FIRECRACKER SHRIMP PO BOY,17.95,17.95,single,2026-10-09,görüntüden okundu
/listing/cajun-corner-sports-bar-grill/,https://img1.wsimg.com/isteam/ip/626b1694-1bc7-4d47-8dee-1c888c539a04/IMG_5590.jpeg,c3c0bff8472c9eee20bb08db1803094fd73f3d6dbc078149856ac2ba5625f8a2,general,Cajun Corner Sports Bar & Grill,PO'BOYS,FRIED CATFISH PO BOY,16.95,16.95,single,2026-10-09,görüntüden okundu
/listing/cajun-corner-sports-bar-grill/,https://img1.wsimg.com/isteam/ip/626b1694-1bc7-4d47-8dee-1c888c539a04/IMG_5591.jpeg,f74a99896f4bc5f1979b998a28ad231612d5f622c34e5a8319d4ec5fbacfa3b2,general,Cajun Corner Sports Bar & Grill,BOILS,CRAWFISH,Market Price,,market,2026-10-09,görüntüden okundu
/listing/cajun-corner-sports-bar-grill/,https://img1.wsimg.com/isteam/ip/626b1694-1bc7-4d47-8dee-1c888c539a04/IMG_5591.jpeg,f74a99896f4bc5f1979b998a28ad231612d5f622c34e5a8319d4ec5fbacfa3b2,general,Cajun Corner Sports Bar & Grill,BOILS,CRAB,Market Price,,market,2026-10-09,görüntüden okundu
/listing/cajun-corner-sports-bar-grill/,https://img1.wsimg.com/isteam/ip/626b1694-1bc7-4d47-8dee-1c888c539a04/IMG_5591.jpeg,f74a99896f4bc5f1979b998a28ad231612d5f622c34e5a8319d4ec5fbacfa3b2,general,Cajun Corner Sports Bar & Grill,BOILS,COMBO,Market Price,,market,2026-10-09,görüntüden okundu
/listing/cajun-corner-sports-bar-grill/,https://img1.wsimg.com/isteam/ip/626b1694-1bc7-4d47-8dee-1c888c539a04/IMG_5591.jpeg,f74a99896f4bc5f1979b998a28ad231612d5f622c34e5a8319d4ec5fbacfa3b2,general,Cajun Corner Sports Bar & Grill,BOILS,SHRIMP,Market Price,,market,2026-10-09,görüntüden okundu
/listing/cajun-corner-sports-bar-grill/,https://img1.wsimg.com/isteam/ip/626b1694-1bc7-4d47-8dee-1c888c539a04/IMG_5591.jpeg,f74a99896f4bc5f1979b998a28ad231612d5f622c34e5a8319d4ec5fbacfa3b2,general,Cajun Corner Sports Bar & Grill,CHEF SPECIALTIES,CRAWFISH ETOUFFEE,Cup 14.95 • Bowl 22.95,14.95,lowest,2026-10-09,görüntüden okundu
/listing/cajun-corner-sports-bar-grill/,https://img1.wsimg.com/isteam/ip/626b1694-1bc7-4d47-8dee-1c888c539a04/IMG_5591.jpeg,f74a99896f4bc5f1979b998a28ad231612d5f622c34e5a8319d4ec5fbacfa3b2,general,Cajun Corner Sports Bar & Grill,CHEF SPECIALTIES,CATFISH ATCHAFALAYA,27.95,27.95,single,2026-10-09,görüntüden okundu
/listing/cajun-corner-sports-bar-grill/,https://img1.wsimg.com/isteam/ip/626b1694-1bc7-4d47-8dee-1c888c539a04/IMG_5591.jpeg,f74a99896f4bc5f1979b998a28ad231612d5f622c34e5a8319d4ec5fbacfa3b2,general,Cajun Corner Sports Bar & Grill,CHEF SPECIALTIES,FRIED CATFISH PLATE,24.95,24.95,single,2026-10-09,görüntüden okundu
/listing/cajun-corner-sports-bar-grill/,https://img1.wsimg.com/isteam/ip/626b1694-1bc7-4d47-8dee-1c888c539a04/IMG_5591.jpeg,f74a99896f4bc5f1979b998a28ad231612d5f622c34e5a8319d4ec5fbacfa3b2,general,Cajun Corner Sports Bar & Grill,CHEF SPECIALTIES,FRIED SHRIMP PLATE,27.95,27.95,single,2026-10-09,görüntüden okundu
/listing/cajun-corner-sports-bar-grill/,https://img1.wsimg.com/isteam/ip/626b1694-1bc7-4d47-8dee-1c888c539a04/IMG_5591.jpeg,f74a99896f4bc5f1979b998a28ad231612d5f622c34e5a8319d4ec5fbacfa3b2,general,Cajun Corner Sports Bar & Grill,CHEF SPECIALTIES,BAYOU PLATE,35.95,35.95,single,2026-10-09,görüntüden okundu
/listing/cajun-corner-sports-bar-grill/,https://img1.wsimg.com/isteam/ip/626b1694-1bc7-4d47-8dee-1c888c539a04/IMG_5591.jpeg,f74a99896f4bc5f1979b998a28ad231612d5f622c34e5a8319d4ec5fbacfa3b2,general,Cajun Corner Sports Bar & Grill,CHEF SPECIALTIES,REDFISH PONTCHARTRAIN,Market Price,,market,2026-10-09,görüntüden okundu
/listing/cajun-corner-sports-bar-grill/,https://img1.wsimg.com/isteam/ip/626b1694-1bc7-4d47-8dee-1c888c539a04/IMG_5591.jpeg,f74a99896f4bc5f1979b998a28ad231612d5f622c34e5a8319d4ec5fbacfa3b2,general,Cajun Corner Sports Bar & Grill,CHEF SPECIALTIES,RED BEANS AND RICE,Cup 8.95 • Bowl 13.95,8.95,lowest,2026-10-09,görüntüden okundu
/listing/cajun-corner-sports-bar-grill/,https://img1.wsimg.com/isteam/ip/626b1694-1bc7-4d47-8dee-1c888c539a04/IMG_5591.jpeg,f74a99896f4bc5f1979b998a28ad231612d5f622c34e5a8319d4ec5fbacfa3b2,general,Cajun Corner Sports Bar & Grill,CHEF SPECIALTIES,SHRIMP AND GRITS,Cup 15.95 • Bowl 23.95,15.95,lowest,2026-10-09,görüntüden okundu
/listing/cajun-corner-sports-bar-grill/,https://img1.wsimg.com/isteam/ip/626b1694-1bc7-4d47-8dee-1c888c539a04/IMG_5591.jpeg,f74a99896f4bc5f1979b998a28ad231612d5f622c34e5a8319d4ec5fbacfa3b2,general,Cajun Corner Sports Bar & Grill,SIDES,FRIES,3.95,3.95,single,2026-10-09,görüntüden okundu
/listing/cajun-corner-sports-bar-grill/,https://img1.wsimg.com/isteam/ip/626b1694-1bc7-4d47-8dee-1c888c539a04/IMG_5591.jpeg,f74a99896f4bc5f1979b998a28ad231612d5f622c34e5a8319d4ec5fbacfa3b2,general,Cajun Corner Sports Bar & Grill,SIDES,SWEET POTATO FRIES,4.95,4.95,single,2026-10-09,görüntüden okundu
/listing/cajun-corner-sports-bar-grill/,https://img1.wsimg.com/isteam/ip/626b1694-1bc7-4d47-8dee-1c888c539a04/IMG_5591.jpeg,f74a99896f4bc5f1979b998a28ad231612d5f622c34e5a8319d4ec5fbacfa3b2,general,Cajun Corner Sports Bar & Grill,SIDES,ONION RINGS,5.95,5.95,single,2026-10-09,görüntüden okundu
/listing/cajun-corner-sports-bar-grill/,https://img1.wsimg.com/isteam/ip/626b1694-1bc7-4d47-8dee-1c888c539a04/IMG_5591.jpeg,f74a99896f4bc5f1979b998a28ad231612d5f622c34e5a8319d4ec5fbacfa3b2,general,Cajun Corner Sports Bar & Grill,SIDES,STEAMED BROCCOLI,4.95,4.95,single,2026-10-09,görüntüden okundu
/listing/cajun-corner-sports-bar-grill/,https://img1.wsimg.com/isteam/ip/626b1694-1bc7-4d47-8dee-1c888c539a04/IMG_5591.jpeg,f74a99896f4bc5f1979b998a28ad231612d5f622c34e5a8319d4ec5fbacfa3b2,general,Cajun Corner Sports Bar & Grill,SIDES,SEASONED GREEN BEANS,4.95,4.95,single,2026-10-09,görüntüden okundu
/listing/cajun-corner-sports-bar-grill/,https://img1.wsimg.com/isteam/ip/626b1694-1bc7-4d47-8dee-1c888c539a04/IMG_5591.jpeg,f74a99896f4bc5f1979b998a28ad231612d5f622c34e5a8319d4ec5fbacfa3b2,general,Cajun Corner Sports Bar & Grill,SIDES,SEASONED RICE,4.95,4.95,single,2026-10-09,görüntüden okundu
/listing/cajun-corner-sports-bar-grill/,https://img1.wsimg.com/isteam/ip/626b1694-1bc7-4d47-8dee-1c888c539a04/IMG_5591.jpeg,f74a99896f4bc5f1979b998a28ad231612d5f622c34e5a8319d4ec5fbacfa3b2,general,Cajun Corner Sports Bar & Grill,SIDES,CHEESE GRITS,4.95,4.95,single,2026-10-09,görüntüden okundu
/listing/cajun-corner-sports-bar-grill/,https://img1.wsimg.com/isteam/ip/626b1694-1bc7-4d47-8dee-1c888c539a04/IMG_5591.jpeg,f74a99896f4bc5f1979b998a28ad231612d5f622c34e5a8319d4ec5fbacfa3b2,general,Cajun Corner Sports Bar & Grill,SIDES,MAC N CHEESE,4.95,4.95,single,2026-10-09,görüntüden okundu
/listing/cajun-corner-sports-bar-grill/,https://img1.wsimg.com/isteam/ip/626b1694-1bc7-4d47-8dee-1c888c539a04/IMG_5591.jpeg,f74a99896f4bc5f1979b998a28ad231612d5f622c34e5a8319d4ec5fbacfa3b2,general,Cajun Corner Sports Bar & Grill,SIDES,SIDE SALAD,4.95,4.95,single,2026-10-09,görüntüden okundu
/listing/cajun-corner-sports-bar-grill/,https://img1.wsimg.com/isteam/ip/626b1694-1bc7-4d47-8dee-1c888c539a04/IMG_5591.jpeg,f74a99896f4bc5f1979b998a28ad231612d5f622c34e5a8319d4ec5fbacfa3b2,general,Cajun Corner Sports Bar & Grill,KIDS MENU,CHICKEN TENDERS,9.95,9.95,single,2026-10-09,görüntüden okundu
/listing/cajun-corner-sports-bar-grill/,https://img1.wsimg.com/isteam/ip/626b1694-1bc7-4d47-8dee-1c888c539a04/IMG_5591.jpeg,f74a99896f4bc5f1979b998a28ad231612d5f622c34e5a8319d4ec5fbacfa3b2,general,Cajun Corner Sports Bar & Grill,KIDS MENU,CORN DOG,5.95,5.95,single,2026-10-09,görüntüden okundu
/listing/cajun-corner-sports-bar-grill/,https://img1.wsimg.com/isteam/ip/626b1694-1bc7-4d47-8dee-1c888c539a04/IMG_5591.jpeg,f74a99896f4bc5f1979b998a28ad231612d5f622c34e5a8319d4ec5fbacfa3b2,general,Cajun Corner Sports Bar & Grill,KIDS MENU,MAC N CHEESE,7.95,7.95,single,2026-10-09,görüntüden okundu
/listing/cajun-corner-sports-bar-grill/,https://img1.wsimg.com/isteam/ip/626b1694-1bc7-4d47-8dee-1c888c539a04/IMG_5591.jpeg,f74a99896f4bc5f1979b998a28ad231612d5f622c34e5a8319d4ec5fbacfa3b2,general,Cajun Corner Sports Bar & Grill,KIDS MENU,GRILLED CHEESE,6.95,6.95,single,2026-10-09,görüntüden okundu
/listing/cajun-corner-sports-bar-grill/,https://img1.wsimg.com/isteam/ip/626b1694-1bc7-4d47-8dee-1c888c539a04/IMG_5591.jpeg,f74a99896f4bc5f1979b998a28ad231612d5f622c34e5a8319d4ec5fbacfa3b2,general,Cajun Corner Sports Bar & Grill,DESSERTS,CAJUN CRUNCH CAKE,9.95,9.95,single,2026-10-09,görüntüden okundu
/listing/cajun-corner-sports-bar-grill/,https://img1.wsimg.com/isteam/ip/626b1694-1bc7-4d47-8dee-1c888c539a04/IMG_5591.jpeg,f74a99896f4bc5f1979b998a28ad231612d5f622c34e5a8319d4ec5fbacfa3b2,general,Cajun Corner Sports Bar & Grill,DESSERTS,BREAD PUDDING,9.95,9.95,single,2026-10-09,görüntüden okundu
/listing/cajun-corner-sports-bar-grill/,https://img1.wsimg.com/isteam/ip/626b1694-1bc7-4d47-8dee-1c888c539a04/IMG_5591.jpeg,f74a99896f4bc5f1979b998a28ad231612d5f622c34e5a8319d4ec5fbacfa3b2,general,Cajun Corner Sports Bar & Grill,DESSERTS,CHOCOLATE MOLTEN CAKE,9.95,9.95,single,2026-10-09,görüntüden okundu
/listing/cajun-corner-sports-bar-grill/,https://img1.wsimg.com/isteam/ip/626b1694-1bc7-4d47-8dee-1c888c539a04/IMG_5591.jpeg,f74a99896f4bc5f1979b998a28ad231612d5f622c34e5a8319d4ec5fbacfa3b2,general,Cajun Corner Sports Bar & Grill,DESSERTS,ICE CREAM,5.95,5.95,single,2026-10-09,görüntüden okundu
/listing/cajun-corner-sports-bar-grill/,https://img1.wsimg.com/isteam/ip/626b1694-1bc7-4d47-8dee-1c888c539a04/IMG_5591.jpeg,f74a99896f4bc5f1979b998a28ad231612d5f622c34e5a8319d4ec5fbacfa3b2,general,Cajun Corner Sports Bar & Grill,DESSERTS,CHEESECAKE OF THE WEEK,8.95,8.95,single,2026-10-09,görüntüden okundu
/listing/cajun-corner-sports-bar-grill/,https://img1.wsimg.com/isteam/ip/626b1694-1bc7-4d47-8dee-1c888c539a04/IMG_5591.jpeg,f74a99896f4bc5f1979b998a28ad231612d5f622c34e5a8319d4ec5fbacfa3b2,general,Cajun Corner Sports Bar & Grill,DESSERTS,KEY LIME PIE,8.95,8.95,single,2026-10-09,görüntüden okundu
/listing/the-wine-bar-watercolor/,https://images.squarespace-cdn.com/content/v1/563a1edce4b07ea997620e9d/6af8a541-1d1a-455c-b687-a64acbb452ec/Menu_Watercolor_01_02_252.jpg,4e7341aeb9aa3869ab960672e9d701bc33a8b85188d837be82fc5a16d1003f69,dinner,DINNER (after 5pm),Soups,Soup of the Day,"Cup 5, Bowl 9",5,lowest,2026-10-09,görüntüden okundu
/listing/the-wine-bar-watercolor/,https://images.squarespace-cdn.com/content/v1/563a1edce4b07ea997620e9d/6af8a541-1d1a-455c-b687-a64acbb452ec/Menu_Watercolor_01_02_252.jpg,4e7341aeb9aa3869ab960672e9d701bc33a8b85188d837be82fc5a16d1003f69,dinner,DINNER (after 5pm),Soups,Roasted Corn & Crab Bisque,"Cup 7, Bowl 11",7,lowest,2026-10-09,görüntüden okundu
/listing/the-wine-bar-watercolor/,https://images.squarespace-cdn.com/content/v1/563a1edce4b07ea997620e9d/6af8a541-1d1a-455c-b687-a64acbb452ec/Menu_Watercolor_01_02_252.jpg,4e7341aeb9aa3869ab960672e9d701bc33a8b85188d837be82fc5a16d1003f69,dinner,DINNER (after 5pm),Small Plates,Smoked Snapper Dip,19,19,single,2026-10-09,görüntüden okundu
/listing/the-wine-bar-watercolor/,https://images.squarespace-cdn.com/content/v1/563a1edce4b07ea997620e9d/6af8a541-1d1a-455c-b687-a64acbb452ec/Menu_Watercolor_01_02_252.jpg,4e7341aeb9aa3869ab960672e9d701bc33a8b85188d837be82fc5a16d1003f69,dinner,DINNER (after 5pm),Small Plates,Tuscan Hummus,14,14,single,2026-10-09,görüntüden okundu
/listing/the-wine-bar-watercolor/,https://images.squarespace-cdn.com/content/v1/563a1edce4b07ea997620e9d/6af8a541-1d1a-455c-b687-a64acbb452ec/Menu_Watercolor_01_02_252.jpg,4e7341aeb9aa3869ab960672e9d701bc33a8b85188d837be82fc5a16d1003f69,dinner,DINNER (after 5pm),Small Plates,Roasted Brussels Sprouts,16,16,single,2026-10-09,görüntüden okundu
/listing/the-wine-bar-watercolor/,https://images.squarespace-cdn.com/content/v1/563a1edce4b07ea997620e9d/6af8a541-1d1a-455c-b687-a64acbb452ec/Menu_Watercolor_01_02_252.jpg,4e7341aeb9aa3869ab960672e9d701bc33a8b85188d837be82fc5a16d1003f69,dinner,DINNER (after 5pm),Small Plates,Moroccan Roasted Cauliflower,15,15,single,2026-10-09,görüntüden okundu
/listing/the-wine-bar-watercolor/,https://images.squarespace-cdn.com/content/v1/563a1edce4b07ea997620e9d/6af8a541-1d1a-455c-b687-a64acbb452ec/Menu_Watercolor_01_02_252.jpg,4e7341aeb9aa3869ab960672e9d701bc33a8b85188d837be82fc5a16d1003f69,dinner,DINNER (after 5pm),Small Plates,Smoked Salmon Tea Sandwiches,14,14,single,2026-10-09,görüntüden okundu
/listing/the-wine-bar-watercolor/,https://images.squarespace-cdn.com/content/v1/563a1edce4b07ea997620e9d/6af8a541-1d1a-455c-b687-a64acbb452ec/Menu_Watercolor_01_02_252.jpg,4e7341aeb9aa3869ab960672e9d701bc33a8b85188d837be82fc5a16d1003f69,dinner,DINNER (after 5pm),Small Plates,Blackened Ahi Tuna,17,17,single,2026-10-09,görüntüden okundu
/listing/the-wine-bar-watercolor/,https://images.squarespace-cdn.com/content/v1/563a1edce4b07ea997620e9d/6af8a541-1d1a-455c-b687-a64acbb452ec/Menu_Watercolor_01_02_252.jpg,4e7341aeb9aa3869ab960672e9d701bc33a8b85188d837be82fc5a16d1003f69,dinner,DINNER (after 5pm),Small Plates,Whipped Feta Dip,14,14,single,2026-10-09,görüntüden okundu
/listing/the-wine-bar-watercolor/,https://images.squarespace-cdn.com/content/v1/563a1edce4b07ea997620e9d/6af8a541-1d1a-455c-b687-a64acbb452ec/Menu_Watercolor_01_02_252.jpg,4e7341aeb9aa3869ab960672e9d701bc33a8b85188d837be82fc5a16d1003f69,dinner,DINNER (after 5pm),Entrees,Wine Bar Filet,55,55,single,2026-10-09,görüntüden okundu
/listing/the-wine-bar-watercolor/,https://images.squarespace-cdn.com/content/v1/563a1edce4b07ea997620e9d/6af8a541-1d1a-455c-b687-a64acbb452ec/Menu_Watercolor_01_02_252.jpg,4e7341aeb9aa3869ab960672e9d701bc33a8b85188d837be82fc5a16d1003f69,dinner,DINNER (after 5pm),Entrees,Grouper Piccata,MKT,,market,2026-10-09,görüntüden okundu
/listing/the-wine-bar-watercolor/,https://images.squarespace-cdn.com/content/v1/563a1edce4b07ea997620e9d/6af8a541-1d1a-455c-b687-a64acbb452ec/Menu_Watercolor_01_02_252.jpg,4e7341aeb9aa3869ab960672e9d701bc33a8b85188d837be82fc5a16d1003f69,dinner,DINNER (after 5pm),Entrees,Cioppino,36,36,single,2026-10-09,görüntüden okundu
/listing/the-wine-bar-watercolor/,https://images.squarespace-cdn.com/content/v1/563a1edce4b07ea997620e9d/6af8a541-1d1a-455c-b687-a64acbb452ec/Menu_Watercolor_01_02_252.jpg,4e7341aeb9aa3869ab960672e9d701bc33a8b85188d837be82fc5a16d1003f69,dinner,DINNER (after 5pm),Entrees,Greek Salmon,36,36,single,2026-10-09,görüntüden okundu
/listing/the-wine-bar-watercolor/,https://images.squarespace-cdn.com/content/v1/563a1edce4b07ea997620e9d/6af8a541-1d1a-455c-b687-a64acbb452ec/Menu_Watercolor_01_02_252.jpg,4e7341aeb9aa3869ab960672e9d701bc33a8b85188d837be82fc5a16d1003f69,dinner,DINNER (after 5pm),Fire Roasted Pizzas From Our Brick Oven,Classic Margherita,18,18,single,2026-10-09,görüntüden okundu
/listing/the-wine-bar-watercolor/,https://images.squarespace-cdn.com/content/v1/563a1edce4b07ea997620e9d/6af8a541-1d1a-455c-b687-a64acbb452ec/Menu_Watercolor_01_02_252.jpg,4e7341aeb9aa3869ab960672e9d701bc33a8b85188d837be82fc5a16d1003f69,dinner,DINNER (after 5pm),Fire Roasted Pizzas From Our Brick Oven,Bistro,24,24,single,2026-10-09,görüntüden okundu
/listing/the-wine-bar-watercolor/,https://images.squarespace-cdn.com/content/v1/563a1edce4b07ea997620e9d/6af8a541-1d1a-455c-b687-a64acbb452ec/Menu_Watercolor_01_02_252.jpg,4e7341aeb9aa3869ab960672e9d701bc33a8b85188d837be82fc5a16d1003f69,dinner,DINNER (after 5pm),Fire Roasted Pizzas From Our Brick Oven,Pizza Supreme,21,21,single,2026-10-09,görüntüden okundu
/listing/the-wine-bar-watercolor/,https://images.squarespace-cdn.com/content/v1/563a1edce4b07ea997620e9d/6af8a541-1d1a-455c-b687-a64acbb452ec/Menu_Watercolor_01_02_252.jpg,4e7341aeb9aa3869ab960672e9d701bc33a8b85188d837be82fc5a16d1003f69,dinner,DINNER (after 5pm),Fire Roasted Pizzas From Our Brick Oven,Quatro Fromage,19,19,single,2026-10-09,görüntüden okundu
/listing/the-wine-bar-watercolor/,https://images.squarespace-cdn.com/content/v1/563a1edce4b07ea997620e9d/6af8a541-1d1a-455c-b687-a64acbb452ec/Menu_Watercolor_01_02_252.jpg,4e7341aeb9aa3869ab960672e9d701bc33a8b85188d837be82fc5a16d1003f69,dinner,DINNER (after 5pm),Fire Roasted Pizzas From Our Brick Oven,Pepperoni,19,19,single,2026-10-09,görüntüden okundu
/listing/the-wine-bar-watercolor/,https://images.squarespace-cdn.com/content/v1/563a1edce4b07ea997620e9d/6af8a541-1d1a-455c-b687-a64acbb452ec/Menu_Watercolor_01_02_252.jpg,4e7341aeb9aa3869ab960672e9d701bc33a8b85188d837be82fc5a16d1003f69,dinner,DINNER (after 5pm),Fire Roasted Pizzas From Our Brick Oven,Chicken Pesto,22,22,single,2026-10-09,görüntüden okundu
/listing/the-wine-bar-watercolor/,https://images.squarespace-cdn.com/content/v1/563a1edce4b07ea997620e9d/6af8a541-1d1a-455c-b687-a64acbb452ec/Menu_Watercolor_01_02_252.jpg,4e7341aeb9aa3869ab960672e9d701bc33a8b85188d837be82fc5a16d1003f69,dinner,DINNER (after 5pm),Salads,Wine Bar Chicken Salad,15,15,single,2026-10-09,görüntüden okundu
/listing/the-wine-bar-watercolor/,https://images.squarespace-cdn.com/content/v1/563a1edce4b07ea997620e9d/6af8a541-1d1a-455c-b687-a64acbb452ec/Menu_Watercolor_01_02_252.jpg,4e7341aeb9aa3869ab960672e9d701bc33a8b85188d837be82fc5a16d1003f69,dinner,DINNER (after 5pm),Salads,Wine Bar Salad,Regular 12 Small 9,9,lowest,2026-10-09,görüntüden okundu
/listing/the-wine-bar-watercolor/,https://images.squarespace-cdn.com/content/v1/563a1edce4b07ea997620e9d/6af8a541-1d1a-455c-b687-a64acbb452ec/Menu_Watercolor_01_02_252.jpg,4e7341aeb9aa3869ab960672e9d701bc33a8b85188d837be82fc5a16d1003f69,dinner,DINNER (after 5pm),Salads,Beach Caesar,Regular 14 Small 11,11,lowest,2026-10-09,görüntüden okundu
/listing/the-wine-bar-watercolor/,https://images.squarespace-cdn.com/content/v1/563a1edce4b07ea997620e9d/6af8a541-1d1a-455c-b687-a64acbb452ec/Menu_Watercolor_01_02_252.jpg,4e7341aeb9aa3869ab960672e9d701bc33a8b85188d837be82fc5a16d1003f69,dinner,DINNER (after 5pm),Salads,Pear Blue Cheese Salad,18,18,single,2026-10-09,görüntüden okundu
/listing/the-wine-bar-watercolor/,https://images.squarespace-cdn.com/content/v1/563a1edce4b07ea997620e9d/6af8a541-1d1a-455c-b687-a64acbb452ec/Menu_Watercolor_01_02_252.jpg,4e7341aeb9aa3869ab960672e9d701bc33a8b85188d837be82fc5a16d1003f69,dinner,DINNER (after 5pm),Salads,Beet Caprese Salad,16,16,single,2026-10-09,görüntüden okundu
/listing/the-wine-bar-watercolor/,https://images.squarespace-cdn.com/content/v1/563a1edce4b07ea997620e9d/6af8a541-1d1a-455c-b687-a64acbb452ec/Menu_Watercolor_01_02_252.jpg,4e7341aeb9aa3869ab960672e9d701bc33a8b85188d837be82fc5a16d1003f69,dinner,DINNER (after 5pm),Salads,Wedge Salad,14,14,single,2026-10-09,görüntüden okundu
/listing/the-wine-bar-watercolor/,https://images.squarespace-cdn.com/content/v1/563a1edce4b07ea997620e9d/6af8a541-1d1a-455c-b687-a64acbb452ec/Menu_Watercolor_01_02_252.jpg,4e7341aeb9aa3869ab960672e9d701bc33a8b85188d837be82fc5a16d1003f69,dinner,DINNER (after 5pm),Sandwiches,Cuban Sandwich,17,17,single,2026-10-09,görüntüden okundu
/listing/the-wine-bar-watercolor/,https://images.squarespace-cdn.com/content/v1/563a1edce4b07ea997620e9d/6af8a541-1d1a-455c-b687-a64acbb452ec/Menu_Watercolor_01_02_252.jpg,4e7341aeb9aa3869ab960672e9d701bc33a8b85188d837be82fc5a16d1003f69,dinner,DINNER (after 5pm),Sandwiches,Italian Hero Sandwich,16,16,single,2026-10-09,görüntüden okundu
/listing/blue-mountain-bakery/,https://images.squarespace-cdn.com/content/v1/5d798c2a34a6d2714f197b56/d5e46eda-f496-4066-808c-bc18603017ed/BMB+Trifold+Menu+NEW+.png,4782f93ba36a57431146cfbd00b6afef5ae4c4fc4d810c0a52d4182b85bc18d1,general,BMB Trifold Menu,BREAKFAST,BREAKFAST BURRITO,$11,11,single,2026-10-09,görüntüden okundu
/listing/blue-mountain-bakery/,https://images.squarespace-cdn.com/content/v1/5d798c2a34a6d2714f197b56/d5e46eda-f496-4066-808c-bc18603017ed/BMB+Trifold+Menu+NEW+.png,4782f93ba36a57431146cfbd00b6afef5ae4c4fc4d810c0a52d4182b85bc18d1,general,BMB Trifold Menu,BREAKFAST,BREAKFAST BOWL,$11,11,single,2026-10-09,görüntüden okundu
/listing/blue-mountain-bakery/,https://images.squarespace-cdn.com/content/v1/5d798c2a34a6d2714f197b56/d5e46eda-f496-4066-808c-bc18603017ed/BMB+Trifold+Menu+NEW+.png,4782f93ba36a57431146cfbd00b6afef5ae4c4fc4d810c0a52d4182b85bc18d1,general,BMB Trifold Menu,BREAKFAST,BREAKFAST SANDWICH,$7,7,single,2026-10-09,görüntüden okundu
/listing/blue-mountain-bakery/,https://images.squarespace-cdn.com/content/v1/5d798c2a34a6d2714f197b56/d5e46eda-f496-4066-808c-bc18603017ed/BMB+Trifold+Menu+NEW+.png,4782f93ba36a57431146cfbd00b6afef5ae4c4fc4d810c0a52d4182b85bc18d1,general,BMB Trifold Menu,BREAKFAST,SAUSAGE ROLL,$7,7,single,2026-10-09,görüntüden okundu
/listing/blue-mountain-bakery/,https://images.squarespace-cdn.com/content/v1/5d798c2a34a6d2714f197b56/d5e46eda-f496-4066-808c-bc18603017ed/BMB+Trifold+Menu+NEW+.png,4782f93ba36a57431146cfbd00b6afef5ae4c4fc4d810c0a52d4182b85bc18d1,general,BMB Trifold Menu,BREAKFAST,AVOCADO TOAST,$10,10,single,2026-10-09,görüntüden okundu
/listing/blue-mountain-bakery/,https://images.squarespace-cdn.com/content/v1/5d798c2a34a6d2714f197b56/d5e46eda-f496-4066-808c-bc18603017ed/BMB+Trifold+Menu+NEW+.png,4782f93ba36a57431146cfbd00b6afef5ae4c4fc4d810c0a52d4182b85bc18d1,general,BMB Trifold Menu,BREAKFAST,YOGURT GRANOLA BOWL,$10,10,single,2026-10-09,görüntüden okundu
/listing/blue-mountain-bakery/,https://images.squarespace-cdn.com/content/v1/5d798c2a34a6d2714f197b56/d5e46eda-f496-4066-808c-bc18603017ed/BMB+Trifold+Menu+NEW+.png,4782f93ba36a57431146cfbd00b6afef5ae4c4fc4d810c0a52d4182b85bc18d1,general,BMB Trifold Menu,KIDS MENU,GRILLED CHEESE,$10,10,single,2026-10-09,görüntüden okundu
/listing/blue-mountain-bakery/,https://images.squarespace-cdn.com/content/v1/5d798c2a34a6d2714f197b56/d5e46eda-f496-4066-808c-bc18603017ed/BMB+Trifold+Menu+NEW+.png,4782f93ba36a57431146cfbd00b6afef5ae4c4fc4d810c0a52d4182b85bc18d1,general,BMB Trifold Menu,KIDS MENU,TURKEY & CHEESE,$10,10,single,2026-10-09,görüntüden okundu
/listing/blue-mountain-bakery/,https://images.squarespace-cdn.com/content/v1/5d798c2a34a6d2714f197b56/d5e46eda-f496-4066-808c-bc18603017ed/BMB+Trifold+Menu+NEW+.png,4782f93ba36a57431146cfbd00b6afef5ae4c4fc4d810c0a52d4182b85bc18d1,general,BMB Trifold Menu,DRINKS,Hot Roasted Coffee,16 oz $4,4,single,2026-10-09,görüntüden okundu
/listing/blue-mountain-bakery/,https://images.squarespace-cdn.com/content/v1/5d798c2a34a6d2714f197b56/d5e46eda-f496-4066-808c-bc18603017ed/BMB+Trifold+Menu+NEW+.png,4782f93ba36a57431146cfbd00b6afef5ae4c4fc4d810c0a52d4182b85bc18d1,general,BMB Trifold Menu,DRINKS,Cold Brew,16 oz $5 \ 24 oz $8,5,lowest,2026-10-09,görüntüden okundu
/listing/blue-mountain-bakery/,https://images.squarespace-cdn.com/content/v1/5d798c2a34a6d2714f197b56/d5e46eda-f496-4066-808c-bc18603017ed/BMB+Trifold+Menu+NEW+.png,4782f93ba36a57431146cfbd00b6afef5ae4c4fc4d810c0a52d4182b85bc18d1,general,BMB Trifold Menu,DRINKS,Orange Juice,$4,4,single,2026-10-09,görüntüden okundu
/listing/blue-mountain-bakery/,https://images.squarespace-cdn.com/content/v1/5d798c2a34a6d2714f197b56/d5e46eda-f496-4066-808c-bc18603017ed/BMB+Trifold+Menu+NEW+.png,4782f93ba36a57431146cfbd00b6afef5ae4c4fc4d810c0a52d4182b85bc18d1,general,BMB Trifold Menu,DRINKS,Lemonade,$4,4,single,2026-10-09,görüntüden okundu
/listing/blue-mountain-bakery/,https://images.squarespace-cdn.com/content/v1/5d798c2a34a6d2714f197b56/d5e46eda-f496-4066-808c-bc18603017ed/BMB+Trifold+Menu+NEW+.png,4782f93ba36a57431146cfbd00b6afef5ae4c4fc4d810c0a52d4182b85bc18d1,general,BMB Trifold Menu,DRINKS,Apple Juice,$4,4,single,2026-10-09,görüntüden okundu
/listing/blue-mountain-bakery/,https://images.squarespace-cdn.com/content/v1/5d798c2a34a6d2714f197b56/d5e46eda-f496-4066-808c-bc18603017ed/BMB+Trifold+Menu+NEW+.png,4782f93ba36a57431146cfbd00b6afef5ae4c4fc4d810c0a52d4182b85bc18d1,general,BMB Trifold Menu,DRINKS,Organic Milk,$4,4,single,2026-10-09,görüntüden okundu
/listing/blue-mountain-bakery/,https://images.squarespace-cdn.com/content/v1/5d798c2a34a6d2714f197b56/d5e46eda-f496-4066-808c-bc18603017ed/BMB+Trifold+Menu+NEW+.png,4782f93ba36a57431146cfbd00b6afef5ae4c4fc4d810c0a52d4182b85bc18d1,general,BMB Trifold Menu,DRINKS,Sweet Tea,$4,4,single,2026-10-09,görüntüden okundu
/listing/blue-mountain-bakery/,https://images.squarespace-cdn.com/content/v1/5d798c2a34a6d2714f197b56/d5e46eda-f496-4066-808c-bc18603017ed/BMB+Trifold+Menu+NEW+.png,4782f93ba36a57431146cfbd00b6afef5ae4c4fc4d810c0a52d4182b85bc18d1,general,BMB Trifold Menu,DRINKS,Red Bull,$4,4,single,2026-10-09,görüntüden okundu
/listing/blue-mountain-bakery/,https://images.squarespace-cdn.com/content/v1/5d798c2a34a6d2714f197b56/d5e46eda-f496-4066-808c-bc18603017ed/BMB+Trifold+Menu+NEW+.png,4782f93ba36a57431146cfbd00b6afef5ae4c4fc4d810c0a52d4182b85bc18d1,general,BMB Trifold Menu,DRINKS,Canned Soda,$4,4,single,2026-10-09,görüntüden okundu
/listing/blue-mountain-bakery/,https://images.squarespace-cdn.com/content/v1/5d798c2a34a6d2714f197b56/d5e46eda-f496-4066-808c-bc18603017ed/BMB+Trifold+Menu+NEW+.png,4782f93ba36a57431146cfbd00b6afef5ae4c4fc4d810c0a52d4182b85bc18d1,general,BMB Trifold Menu,DRINKS,Fountain Soda,$4,4,single,2026-10-09,görüntüden okundu
/listing/blue-mountain-bakery/,https://images.squarespace-cdn.com/content/v1/5d798c2a34a6d2714f197b56/d5e46eda-f496-4066-808c-bc18603017ed/BMB+Trifold+Menu+NEW+.png,4782f93ba36a57431146cfbd00b6afef5ae4c4fc4d810c0a52d4182b85bc18d1,general,BMB Trifold Menu,DRINKS,Bottled Water,$2,2,single,2026-10-09,görüntüden okundu
/listing/blue-mountain-bakery/,https://images.squarespace-cdn.com/content/v1/5d798c2a34a6d2714f197b56/d5e46eda-f496-4066-808c-bc18603017ed/BMB+Trifold+Menu+NEW+.png,4782f93ba36a57431146cfbd00b6afef5ae4c4fc4d810c0a52d4182b85bc18d1,general,BMB Trifold Menu,LUNCH,CLASSIC BURRITO,$15,15,single,2026-10-09,görüntüden okundu
/listing/blue-mountain-bakery/,https://images.squarespace-cdn.com/content/v1/5d798c2a34a6d2714f197b56/d5e46eda-f496-4066-808c-bc18603017ed/BMB+Trifold+Menu+NEW+.png,4782f93ba36a57431146cfbd00b6afef5ae4c4fc4d810c0a52d4182b85bc18d1,general,BMB Trifold Menu,LUNCH,TURKEY WRAP,$14,14,single,2026-10-09,görüntüden okundu
/listing/blue-mountain-bakery/,https://images.squarespace-cdn.com/content/v1/5d798c2a34a6d2714f197b56/d5e46eda-f496-4066-808c-bc18603017ed/BMB+Trifold+Menu+NEW+.png,4782f93ba36a57431146cfbd00b6afef5ae4c4fc4d810c0a52d4182b85bc18d1,general,BMB Trifold Menu,LUNCH,TURKEY BACON RANCH WRAP,$15,15,single,2026-10-09,görüntüden okundu
/listing/blue-mountain-bakery/,https://images.squarespace-cdn.com/content/v1/5d798c2a34a6d2714f197b56/d5e46eda-f496-4066-808c-bc18603017ed/BMB+Trifold+Menu+NEW+.png,4782f93ba36a57431146cfbd00b6afef5ae4c4fc4d810c0a52d4182b85bc18d1,general,BMB Trifold Menu,LUNCH,CHICKEN BACON CAESAR,$14.50,14.5,single,2026-10-09,görüntüden okundu
/listing/blue-mountain-bakery/,https://images.squarespace-cdn.com/content/v1/5d798c2a34a6d2714f197b56/d5e46eda-f496-4066-808c-bc18603017ed/BMB+Trifold+Menu+NEW+.png,4782f93ba36a57431146cfbd00b6afef5ae4c4fc4d810c0a52d4182b85bc18d1,general,BMB Trifold Menu,LUNCH,CHICKEN BACON CAESAR (Salad),(Salad $11),11,single,2026-10-09,görüntüden okundu
/listing/blue-mountain-bakery/,https://images.squarespace-cdn.com/content/v1/5d798c2a34a6d2714f197b56/d5e46eda-f496-4066-808c-bc18603017ed/BMB+Trifold+Menu+NEW+.png,4782f93ba36a57431146cfbd00b6afef5ae4c4fc4d810c0a52d4182b85bc18d1,general,BMB Trifold Menu,LUNCH,HAWAIIAN WRAP,$12.50,12.5,single,2026-10-09,görüntüden okundu
/listing/blue-mountain-bakery/,https://images.squarespace-cdn.com/content/v1/5d798c2a34a6d2714f197b56/d5e46eda-f496-4066-808c-bc18603017ed/BMB+Trifold+Menu+NEW+.png,4782f93ba36a57431146cfbd00b6afef5ae4c4fc4d810c0a52d4182b85bc18d1,general,BMB Trifold Menu,LUNCH,VEGGIE BURRITO,$13,13,single,2026-10-09,görüntüden okundu
/listing/blue-mountain-bakery/,https://images.squarespace-cdn.com/content/v1/5d798c2a34a6d2714f197b56/d5e46eda-f496-4066-808c-bc18603017ed/BMB+Trifold+Menu+NEW+.png,4782f93ba36a57431146cfbd00b6afef5ae4c4fc4d810c0a52d4182b85bc18d1,general,BMB Trifold Menu,LUNCH,"BEANS, GREENS & RICE",$9,9,single,2026-10-09,görüntüden okundu
/listing/blue-mountain-bakery/,https://images.squarespace-cdn.com/content/v1/5d798c2a34a6d2714f197b56/d5e46eda-f496-4066-808c-bc18603017ed/BMB+Trifold+Menu+NEW+.png,4782f93ba36a57431146cfbd00b6afef5ae4c4fc4d810c0a52d4182b85bc18d1,general,BMB Trifold Menu,LUNCH,QUESADILLA,$14,14,single,2026-10-09,görüntüden okundu
/listing/blue-mountain-bakery/,https://images.squarespace-cdn.com/content/v1/5d798c2a34a6d2714f197b56/d5e46eda-f496-4066-808c-bc18603017ed/BMB+Trifold+Menu+NEW+.png,4782f93ba36a57431146cfbd00b6afef5ae4c4fc4d810c0a52d4182b85bc18d1,general,BMB Trifold Menu,LUNCH,POWER BOWL,$13,13,single,2026-10-09,görüntüden okundu
/listing/blue-mountain-bakery/,https://images.squarespace-cdn.com/content/v1/5d798c2a34a6d2714f197b56/d5e46eda-f496-4066-808c-bc18603017ed/BMB+Trifold+Menu+NEW+.png,4782f93ba36a57431146cfbd00b6afef5ae4c4fc4d810c0a52d4182b85bc18d1,general,BMB Trifold Menu,SIDES,Guac,$3,3,single,2026-10-09,görüntüden okundu
/listing/blue-mountain-bakery/,https://images.squarespace-cdn.com/content/v1/5d798c2a34a6d2714f197b56/d5e46eda-f496-4066-808c-bc18603017ed/BMB+Trifold+Menu+NEW+.png,4782f93ba36a57431146cfbd00b6afef5ae4c4fc4d810c0a52d4182b85bc18d1,general,BMB Trifold Menu,SIDES,Bacon,$3,3,single,2026-10-09,görüntüden okundu
/listing/blue-mountain-bakery/,https://images.squarespace-cdn.com/content/v1/5d798c2a34a6d2714f197b56/d5e46eda-f496-4066-808c-bc18603017ed/BMB+Trifold+Menu+NEW+.png,4782f93ba36a57431146cfbd00b6afef5ae4c4fc4d810c0a52d4182b85bc18d1,general,BMB Trifold Menu,SIDES,Biscuit Or Toast,$3,3,single,2026-10-09,görüntüden okundu
/listing/blue-mountain-bakery/,https://images.squarespace-cdn.com/content/v1/5d798c2a34a6d2714f197b56/d5e46eda-f496-4066-808c-bc18603017ed/BMB+Trifold+Menu+NEW+.png,4782f93ba36a57431146cfbd00b6afef5ae4c4fc4d810c0a52d4182b85bc18d1,general,BMB Trifold Menu,SIDES,Fried Egg,$3,3,single,2026-10-09,görüntüden okundu
/listing/blue-mountain-bakery/,https://images.squarespace-cdn.com/content/v1/5d798c2a34a6d2714f197b56/d5e46eda-f496-4066-808c-bc18603017ed/BMB+Trifold+Menu+NEW+.png,4782f93ba36a57431146cfbd00b6afef5ae4c4fc4d810c0a52d4182b85bc18d1,general,BMB Trifold Menu,SIDES,Scrambled Egg,$3,3,single,2026-10-09,görüntüden okundu
/listing/blue-mountain-bakery/,https://images.squarespace-cdn.com/content/v1/5d798c2a34a6d2714f197b56/d5e46eda-f496-4066-808c-bc18603017ed/BMB+Trifold+Menu+NEW+.png,4782f93ba36a57431146cfbd00b6afef5ae4c4fc4d810c0a52d4182b85bc18d1,general,BMB Trifold Menu,SIDES,Croissant,$4,4,single,2026-10-09,görüntüden okundu
/listing/blue-mountain-bakery/,https://images.squarespace-cdn.com/content/v1/5d798c2a34a6d2714f197b56/d5e46eda-f496-4066-808c-bc18603017ed/BMB+Trifold+Menu+NEW+.png,4782f93ba36a57431146cfbd00b6afef5ae4c4fc4d810c0a52d4182b85bc18d1,general,BMB Trifold Menu,SIDES,Fruit,$4,4,single,2026-10-09,görüntüden okundu
/listing/blue-mountain-bakery/,https://images.squarespace-cdn.com/content/v1/5d798c2a34a6d2714f197b56/d5e46eda-f496-4066-808c-bc18603017ed/BMB+Trifold+Menu+NEW+.png,4782f93ba36a57431146cfbd00b6afef5ae4c4fc4d810c0a52d4182b85bc18d1,general,BMB Trifold Menu,SIDES,Pico,$2,2,single,2026-10-09,görüntüden okundu
/listing/blue-mountain-bakery/,https://images.squarespace-cdn.com/content/v1/5d798c2a34a6d2714f197b56/d5e46eda-f496-4066-808c-bc18603017ed/BMB+Trifold+Menu+NEW+.png,4782f93ba36a57431146cfbd00b6afef5ae4c4fc4d810c0a52d4182b85bc18d1,general,BMB Trifold Menu,SIDES,Sausage Patty,$3,3,single,2026-10-09,görüntüden okundu
/listing/blue-mountain-bakery/,https://images.squarespace-cdn.com/content/v1/5d798c2a34a6d2714f197b56/d5e46eda-f496-4066-808c-bc18603017ed/BMB+Trifold+Menu+NEW+.png,4782f93ba36a57431146cfbd00b6afef5ae4c4fc4d810c0a52d4182b85bc18d1,general,BMB Trifold Menu,SIDES,Chicken Sausage,$3,3,single,2026-10-09,görüntüden okundu
