ay,mali_yil,vergi_bolgesi,tutar_usd,yuzde2_payi_usd,kaynak_sayfa,kaynak_url,erisim_tarihi,belge_sha256,not
1998-10,FY1999,South Walton,103724.92,103724.92,FY1999-2003 - 3% SW TDT,https://www.waltoncountyfltourism.com/userfiles/SW_TDT_Collections_History_with_Monthly_FYTD_Comparisons.xlsx,2026-10-07,0b191d85e519e1371b055e93937490120a2898e6d8358f60962fb16932b1cb03,"Ay, Clerk tablosundaki dönem ayıdır; aylık raporlar bu dönemi bir sonraki ay alınmış olarak veriyor (ör. June 2026, Received during July 2026). Tutar o dönemin vergi oranıyla toplam tahsilattır; yıllar arası karşılaştırma için yuzde2_payi_usd kullanılmalı."
1998-11,FY1999,South Walton,56869.82,56869.82,FY1999-2003 - 3% SW TDT,https://www.waltoncountyfltourism.com/userfiles/SW_TDT_Collections_History_with_Monthly_FYTD_Comparisons.xlsx,2026-10-07,0b191d85e519e1371b055e93937490120a2898e6d8358f60962fb16932b1cb03,"Ay, Clerk tablosundaki dönem ayıdır; aylık raporlar bu dönemi bir sonraki ay alınmış olarak veriyor (ör. June 2026, Received during July 2026). Tutar o dönemin vergi oranıyla toplam tahsilattır; yıllar arası karşılaştırma için yuzde2_payi_usd kullanılmalı."
1998-12,FY1999,South Walton,36211.50,36211.50,FY1999-2003 - 3% SW TDT,https://www.waltoncountyfltourism.com/userfiles/SW_TDT_Collections_History_with_Monthly_FYTD_Comparisons.xlsx,2026-10-07,0b191d85e519e1371b055e93937490120a2898e6d8358f60962fb16932b1cb03,"Ay, Clerk tablosundaki dönem ayıdır; aylık raporlar bu dönemi bir sonraki ay alınmış olarak veriyor (ör. June 2026, Received during July 2026). Tutar o dönemin vergi oranıyla toplam tahsilattır; yıllar arası karşılaştırma için yuzde2_payi_usd kullanılmalı."
1999-01,FY1999,South Walton,66801.10,66801.10,FY1999-2003 - 3% SW TDT,https://www.waltoncountyfltourism.com/userfiles/SW_TDT_Collections_History_with_Monthly_FYTD_Comparisons.xlsx,2026-10-07,0b191d85e519e1371b055e93937490120a2898e6d8358f60962fb16932b1cb03,"Ay, Clerk tablosundaki dönem ayıdır; aylık raporlar bu dönemi bir sonraki ay alınmış olarak veriyor (ör. June 2026, Received during July 2026). Tutar o dönemin vergi oranıyla toplam tahsilattır; yıllar arası karşılaştırma için yuzde2_payi_usd kullanılmalı."
1999-02,FY1999,South Walton,132810.90,89815.55,FY1999-2003 - 3% SW TDT,https://www.waltoncountyfltourism.com/userfiles/SW_TDT_Collections_History_with_Monthly_FYTD_Comparisons.xlsx,2026-10-07,0b191d85e519e1371b055e93937490120a2898e6d8358f60962fb16932b1cb03,"Ay, Clerk tablosundaki dönem ayıdır; aylık raporlar bu dönemi bir sonraki ay alınmış olarak veriyor (ör. June 2026, Received during July 2026). Tutar o dönemin vergi oranıyla toplam tahsilattır; yıllar arası karşılaştırma için yuzde2_payi_usd kullanılmalı."
1999-03,FY1999,South Walton,235187.49,156562.48,FY1999-2003 - 3% SW TDT,https://www.waltoncountyfltourism.com/userfiles/SW_TDT_Collections_History_with_Monthly_FYTD_Comparisons.xlsx,2026-10-07,0b191d85e519e1371b055e93937490120a2898e6d8358f60962fb16932b1cb03,"Ay, Clerk tablosundaki dönem ayıdır; aylık raporlar bu dönemi bir sonraki ay alınmış olarak veriyor (ör. June 2026, Received during July 2026). Tutar o dönemin vergi oranıyla toplam tahsilattır; yıllar arası karşılaştırma için yuzde2_payi_usd kullanılmalı."
1999-04,FY1999,South Walton,364866.24,243332.92,FY1999-2003 - 3% SW TDT,https://www.waltoncountyfltourism.com/userfiles/SW_TDT_Collections_History_with_Monthly_FYTD_Comparisons.xlsx,2026-10-07,0b191d85e519e1371b055e93937490120a2898e6d8358f60962fb16932b1cb03,"Ay, Clerk tablosundaki dönem ayıdır; aylık raporlar bu dönemi bir sonraki ay alınmış olarak veriyor (ör. June 2026, Received during July 2026). Tutar o dönemin vergi oranıyla toplam tahsilattır; yıllar arası karşılaştırma için yuzde2_payi_usd kullanılmalı."
1999-05,FY1999,South Walton,377618.45,253433.88,FY1999-2003 - 3% SW TDT,https://www.waltoncountyfltourism.com/userfiles/SW_TDT_Collections_History_with_Monthly_FYTD_Comparisons.xlsx,2026-10-07,0b191d85e519e1371b055e93937490120a2898e6d8358f60962fb16932b1cb03,"Ay, Clerk tablosundaki dönem ayıdır; aylık raporlar bu dönemi bir sonraki ay alınmış olarak veriyor (ör. June 2026, Received during July 2026). Tutar o dönemin vergi oranıyla toplam tahsilattır; yıllar arası karşılaştırma için yuzde2_payi_usd kullanılmalı."
1999-06,FY1999,South Walton,697399.40,464932.95,FY1999-2003 - 3% SW TDT,https://www.waltoncountyfltourism.com/userfiles/SW_TDT_Collections_History_with_Monthly_FYTD_Comparisons.xlsx,2026-10-07,0b191d85e519e1371b055e93937490120a2898e6d8358f60962fb16932b1cb03,"Ay, Clerk tablosundaki dönem ayıdır; aylık raporlar bu dönemi bir sonraki ay alınmış olarak veriyor (ör. June 2026, Received during July 2026). Tutar o dönemin vergi oranıyla toplam tahsilattır; yıllar arası karşılaştırma için yuzde2_payi_usd kullanılmalı."
1999-07,FY1999,South Walton,864937.20,576667.42,FY1999-2003 - 3% SW TDT,https://www.waltoncountyfltourism.com/userfiles/SW_TDT_Collections_History_with_Monthly_FYTD_Comparisons.xlsx,2026-10-07,0b191d85e519e1371b055e93937490120a2898e6d8358f60962fb16932b1cb03,"Ay, Clerk tablosundaki dönem ayıdır; aylık raporlar bu dönemi bir sonraki ay alınmış olarak veriyor (ör. June 2026, Received during July 2026). Tutar o dönemin vergi oranıyla toplam tahsilattır; yıllar arası karşılaştırma için yuzde2_payi_usd kullanılmalı."
1999-08,FY1999,South Walton,562974.11,376101.85,FY1999-2003 - 3% SW TDT,https://www.waltoncountyfltourism.com/userfiles/SW_TDT_Collections_History_with_Monthly_FYTD_Comparisons.xlsx,2026-10-07,0b191d85e519e1371b055e93937490120a2898e6d8358f60962fb16932b1cb03,"Ay, Clerk tablosundaki dönem ayıdır; aylık raporlar bu dönemi bir sonraki ay alınmış olarak veriyor (ör. June 2026, Received during July 2026). Tutar o dönemin vergi oranıyla toplam tahsilattır; yıllar arası karşılaştırma için yuzde2_payi_usd kullanılmalı."
1999-09,FY1999,South Walton,297888.45,198592.30,FY1999-2003 - 3% SW TDT,https://www.waltoncountyfltourism.com/userfiles/SW_TDT_Collections_History_with_Monthly_FYTD_Comparisons.xlsx,2026-10-07,0b191d85e519e1371b055e93937490120a2898e6d8358f60962fb16932b1cb03,"Ay, Clerk tablosundaki dönem ayıdır; aylık raporlar bu dönemi bir sonraki ay alınmış olarak veriyor (ör. June 2026, Received during July 2026). Tutar o dönemin vergi oranıyla toplam tahsilattır; yıllar arası karşılaştırma için yuzde2_payi_usd kullanılmalı."
1999-10,FY2000,South Walton,191677.68,128360.92,FY1999-2003 - 3% SW TDT,https://www.waltoncountyfltourism.com/userfiles/SW_TDT_Collections_History_with_Monthly_FYTD_Comparisons.xlsx,2026-10-07,0b191d85e519e1371b055e93937490120a2898e6d8358f60962fb16932b1cb03,"Ay, Clerk tablosundaki dönem ayıdır; aylık raporlar bu dönemi bir sonraki ay alınmış olarak veriyor (ör. June 2026, Received during July 2026). Tutar o dönemin vergi oranıyla toplam tahsilattır; yıllar arası karşılaştırma için yuzde2_payi_usd kullanılmalı."
1999-11,FY2000,South Walton,101363.95,67575.97,FY1999-2003 - 3% SW TDT,https://www.waltoncountyfltourism.com/userfiles/SW_TDT_Collections_History_with_Monthly_FYTD_Comparisons.xlsx,2026-10-07,0b191d85e519e1371b055e93937490120a2898e6d8358f60962fb16932b1cb03,"Ay, Clerk tablosundaki dönem ayıdır; aylık raporlar bu dönemi bir sonraki ay alınmış olarak veriyor (ör. June 2026, Received during July 2026). Tutar o dönemin vergi oranıyla toplam tahsilattır; yıllar arası karşılaştırma için yuzde2_payi_usd kullanılmalı."
1999-12,FY2000,South Walton,75144.99,50096.66,FY1999-2003 - 3% SW TDT,https://www.waltoncountyfltourism.com/userfiles/SW_TDT_Collections_History_with_Monthly_FYTD_Comparisons.xlsx,2026-10-07,0b191d85e519e1371b055e93937490120a2898e6d8358f60962fb16932b1cb03,"Ay, Clerk tablosundaki dönem ayıdır; aylık raporlar bu dönemi bir sonraki ay alınmış olarak veriyor (ör. June 2026, Received during July 2026). Tutar o dönemin vergi oranıyla toplam tahsilattır; yıllar arası karşılaştırma için yuzde2_payi_usd kullanılmalı."
2000-01,FY2000,South Walton,117926.48,78715.84,FY1999-2003 - 3% SW TDT,https://www.waltoncountyfltourism.com/userfiles/SW_TDT_Collections_History_with_Monthly_FYTD_Comparisons.xlsx,2026-10-07,0b191d85e519e1371b055e93937490120a2898e6d8358f60962fb16932b1cb03,"Ay, Clerk tablosundaki dönem ayıdır; aylık raporlar bu dönemi bir sonraki ay alınmış olarak veriyor (ör. June 2026, Received during July 2026). Tutar o dönemin vergi oranıyla toplam tahsilattır; yıllar arası karşılaştırma için yuzde2_payi_usd kullanılmalı."
2000-02,FY2000,South Walton,150904.60,100603.07,FY1999-2003 - 3% SW TDT,https://www.waltoncountyfltourism.com/userfiles/SW_TDT_Collections_History_with_Monthly_FYTD_Comparisons.xlsx,2026-10-07,0b191d85e519e1371b055e93937490120a2898e6d8358f60962fb16932b1cb03,"Ay, Clerk tablosundaki dönem ayıdır; aylık raporlar bu dönemi bir sonraki ay alınmış olarak veriyor (ör. June 2026, Received during July 2026). Tutar o dönemin vergi oranıyla toplam tahsilattır; yıllar arası karşılaştırma için yuzde2_payi_usd kullanılmalı."
2000-03,FY2000,South Walton,329270.47,219513.65,FY1999-2003 - 3% SW TDT,https://www.waltoncountyfltourism.com/userfiles/SW_TDT_Collections_History_with_Monthly_FYTD_Comparisons.xlsx,2026-10-07,0b191d85e519e1371b055e93937490120a2898e6d8358f60962fb16932b1cb03,"Ay, Clerk tablosundaki dönem ayıdır; aylık raporlar bu dönemi bir sonraki ay alınmış olarak veriyor (ör. June 2026, Received during July 2026). Tutar o dönemin vergi oranıyla toplam tahsilattır; yıllar arası karşılaştırma için yuzde2_payi_usd kullanılmalı."
2000-04,FY2000,South Walton,423433.31,283424.76,FY1999-2003 - 3% SW TDT,https://www.waltoncountyfltourism.com/userfiles/SW_TDT_Collections_History_with_Monthly_FYTD_Comparisons.xlsx,2026-10-07,0b191d85e519e1371b055e93937490120a2898e6d8358f60962fb16932b1cb03,"Ay, Clerk tablosundaki dönem ayıdır; aylık raporlar bu dönemi bir sonraki ay alınmış olarak veriyor (ör. June 2026, Received during July 2026). Tutar o dönemin vergi oranıyla toplam tahsilattır; yıllar arası karşılaştırma için yuzde2_payi_usd kullanılmalı."
2000-05,FY2000,South Walton,437419.13,291612.75,FY1999-2003 - 3% SW TDT,https://www.waltoncountyfltourism.com/userfiles/SW_TDT_Collections_History_with_Monthly_FYTD_Comparisons.xlsx,2026-10-07,0b191d85e519e1371b055e93937490120a2898e6d8358f60962fb16932b1cb03,"Ay, Clerk tablosundaki dönem ayıdır; aylık raporlar bu dönemi bir sonraki ay alınmış olarak veriyor (ör. June 2026, Received during July 2026). Tutar o dönemin vergi oranıyla toplam tahsilattır; yıllar arası karşılaştırma için yuzde2_payi_usd kullanılmalı."
2000-06,FY2000,South Walton,855613.67,570409.11,FY1999-2003 - 3% SW TDT,https://www.waltoncountyfltourism.com/userfiles/SW_TDT_Collections_History_with_Monthly_FYTD_Comparisons.xlsx,2026-10-07,0b191d85e519e1371b055e93937490120a2898e6d8358f60962fb16932b1cb03,"Ay, Clerk tablosundaki dönem ayıdır; aylık raporlar bu dönemi bir sonraki ay alınmış olarak veriyor (ör. June 2026, Received during July 2026). Tutar o dönemin vergi oranıyla toplam tahsilattır; yıllar arası karşılaştırma için yuzde2_payi_usd kullanılmalı."
2000-07,FY2000,South Walton,964990.91,643327.27,FY1999-2003 - 3% SW TDT,https://www.waltoncountyfltourism.com/userfiles/SW_TDT_Collections_History_with_Monthly_FYTD_Comparisons.xlsx,2026-10-07,0b191d85e519e1371b055e93937490120a2898e6d8358f60962fb16932b1cb03,"Ay, Clerk tablosundaki dönem ayıdır; aylık raporlar bu dönemi bir sonraki ay alınmış olarak veriyor (ör. June 2026, Received during July 2026). Tutar o dönemin vergi oranıyla toplam tahsilattır; yıllar arası karşılaştırma için yuzde2_payi_usd kullanılmalı."
2000-08,FY2000,South Walton,541350.21,360988.73,FY1999-2003 - 3% SW TDT,https://www.waltoncountyfltourism.com/userfiles/SW_TDT_Collections_History_with_Monthly_FYTD_Comparisons.xlsx,2026-10-07,0b191d85e519e1371b055e93937490120a2898e6d8358f60962fb16932b1cb03,"Ay, Clerk tablosundaki dönem ayıdır; aylık raporlar bu dönemi bir sonraki ay alınmış olarak veriyor (ör. June 2026, Received during July 2026). Tutar o dönemin vergi oranıyla toplam tahsilattır; yıllar arası karşılaştırma için yuzde2_payi_usd kullanılmalı."
2000-09,FY2000,South Walton,302806.97,201871.31,FY1999-2003 - 3% SW TDT,https://www.waltoncountyfltourism.com/userfiles/SW_TDT_Collections_History_with_Monthly_FYTD_Comparisons.xlsx,2026-10-07,0b191d85e519e1371b055e93937490120a2898e6d8358f60962fb16932b1cb03,"Ay, Clerk tablosundaki dönem ayıdır; aylık raporlar bu dönemi bir sonraki ay alınmış olarak veriyor (ör. June 2026, Received during July 2026). Tutar o dönemin vergi oranıyla toplam tahsilattır; yıllar arası karşılaştırma için yuzde2_payi_usd kullanılmalı."
2000-10,FY2001,South Walton,191260.17,127763.17,FY1999-2003 - 3% SW TDT,https://www.waltoncountyfltourism.com/userfiles/SW_TDT_Collections_History_with_Monthly_FYTD_Comparisons.xlsx,2026-10-07,0b191d85e519e1371b055e93937490120a2898e6d8358f60962fb16932b1cb03,"Ay, Clerk tablosundaki dönem ayıdır; aylık raporlar bu dönemi bir sonraki ay alınmış olarak veriyor (ör. June 2026, Received during July 2026). Tutar o dönemin vergi oranıyla toplam tahsilattır; yıllar arası karşılaştırma için yuzde2_payi_usd kullanılmalı."
2000-11,FY2001,South Walton,114510.93,76352.42,FY1999-2003 - 3% SW TDT,https://www.waltoncountyfltourism.com/userfiles/SW_TDT_Collections_History_with_Monthly_FYTD_Comparisons.xlsx,2026-10-07,0b191d85e519e1371b055e93937490120a2898e6d8358f60962fb16932b1cb03,"Ay, Clerk tablosundaki dönem ayıdır; aylık raporlar bu dönemi bir sonraki ay alınmış olarak veriyor (ör. June 2026, Received during July 2026). Tutar o dönemin vergi oranıyla toplam tahsilattır; yıllar arası karşılaştırma için yuzde2_payi_usd kullanılmalı."
2000-12,FY2001,South Walton,72304.00,48202.67,FY1999-2003 - 3% SW TDT,https://www.waltoncountyfltourism.com/userfiles/SW_TDT_Collections_History_with_Monthly_FYTD_Comparisons.xlsx,2026-10-07,0b191d85e519e1371b055e93937490120a2898e6d8358f60962fb16932b1cb03,"Ay, Clerk tablosundaki dönem ayıdır; aylık raporlar bu dönemi bir sonraki ay alınmış olarak veriyor (ör. June 2026, Received during July 2026). Tutar o dönemin vergi oranıyla toplam tahsilattır; yıllar arası karşılaştırma için yuzde2_payi_usd kullanılmalı."
2001-01,FY2001,South Walton,122900.04,81933.36,FY1999-2003 - 3% SW TDT,https://www.waltoncountyfltourism.com/userfiles/SW_TDT_Collections_History_with_Monthly_FYTD_Comparisons.xlsx,2026-10-07,0b191d85e519e1371b055e93937490120a2898e6d8358f60962fb16932b1cb03,"Ay, Clerk tablosundaki dönem ayıdır; aylık raporlar bu dönemi bir sonraki ay alınmış olarak veriyor (ör. June 2026, Received during July 2026). Tutar o dönemin vergi oranıyla toplam tahsilattır; yıllar arası karşılaştırma için yuzde2_payi_usd kullanılmalı."
2001-02,FY2001,South Walton,175692.52,117128.35,FY1999-2003 - 3% SW TDT,https://www.waltoncountyfltourism.com/userfiles/SW_TDT_Collections_History_with_Monthly_FYTD_Comparisons.xlsx,2026-10-07,0b191d85e519e1371b055e93937490120a2898e6d8358f60962fb16932b1cb03,"Ay, Clerk tablosundaki dönem ayıdır; aylık raporlar bu dönemi bir sonraki ay alınmış olarak veriyor (ör. June 2026, Received during July 2026). Tutar o dönemin vergi oranıyla toplam tahsilattır; yıllar arası karşılaştırma için yuzde2_payi_usd kullanılmalı."
2001-03,FY2001,South Walton,363789.53,242526.35,FY1999-2003 - 3% SW TDT,https://www.waltoncountyfltourism.com/userfiles/SW_TDT_Collections_History_with_Monthly_FYTD_Comparisons.xlsx,2026-10-07,0b191d85e519e1371b055e93937490120a2898e6d8358f60962fb16932b1cb03,"Ay, Clerk tablosundaki dönem ayıdır; aylık raporlar bu dönemi bir sonraki ay alınmış olarak veriyor (ör. June 2026, Received during July 2026). Tutar o dönemin vergi oranıyla toplam tahsilattır; yıllar arası karşılaştırma için yuzde2_payi_usd kullanılmalı."
2001-04,FY2001,South Walton,451545.23,301030.15,FY1999-2003 - 3% SW TDT,https://www.waltoncountyfltourism.com/userfiles/SW_TDT_Collections_History_with_Monthly_FYTD_Comparisons.xlsx,2026-10-07,0b191d85e519e1371b055e93937490120a2898e6d8358f60962fb16932b1cb03,"Ay, Clerk tablosundaki dönem ayıdır; aylık raporlar bu dönemi bir sonraki ay alınmış olarak veriyor (ör. June 2026, Received during July 2026). Tutar o dönemin vergi oranıyla toplam tahsilattır; yıllar arası karşılaştırma için yuzde2_payi_usd kullanılmalı."
2001-05,FY2001,South Walton,460887.27,307258.18,FY1999-2003 - 3% SW TDT,https://www.waltoncountyfltourism.com/userfiles/SW_TDT_Collections_History_with_Monthly_FYTD_Comparisons.xlsx,2026-10-07,0b191d85e519e1371b055e93937490120a2898e6d8358f60962fb16932b1cb03,"Ay, Clerk tablosundaki dönem ayıdır; aylık raporlar bu dönemi bir sonraki ay alınmış olarak veriyor (ör. June 2026, Received during July 2026). Tutar o dönemin vergi oranıyla toplam tahsilattır; yıllar arası karşılaştırma için yuzde2_payi_usd kullanılmalı."
2001-06,FY2001,South Walton,905393.70,603595.80,FY1999-2003 - 3% SW TDT,https://www.waltoncountyfltourism.com/userfiles/SW_TDT_Collections_History_with_Monthly_FYTD_Comparisons.xlsx,2026-10-07,0b191d85e519e1371b055e93937490120a2898e6d8358f60962fb16932b1cb03,"Ay, Clerk tablosundaki dönem ayıdır; aylık raporlar bu dönemi bir sonraki ay alınmış olarak veriyor (ör. June 2026, Received during July 2026). Tutar o dönemin vergi oranıyla toplam tahsilattır; yıllar arası karşılaştırma için yuzde2_payi_usd kullanılmalı."
2001-07,FY2001,South Walton,993278.77,662185.85,FY1999-2003 - 3% SW TDT,https://www.waltoncountyfltourism.com/userfiles/SW_TDT_Collections_History_with_Monthly_FYTD_Comparisons.xlsx,2026-10-07,0b191d85e519e1371b055e93937490120a2898e6d8358f60962fb16932b1cb03,"Ay, Clerk tablosundaki dönem ayıdır; aylık raporlar bu dönemi bir sonraki ay alınmış olarak veriyor (ör. June 2026, Received during July 2026). Tutar o dönemin vergi oranıyla toplam tahsilattır; yıllar arası karşılaştırma için yuzde2_payi_usd kullanılmalı."
2001-08,FY2001,South Walton,533467.95,355645.30,FY1999-2003 - 3% SW TDT,https://www.waltoncountyfltourism.com/userfiles/SW_TDT_Collections_History_with_Monthly_FYTD_Comparisons.xlsx,2026-10-07,0b191d85e519e1371b055e93937490120a2898e6d8358f60962fb16932b1cb03,"Ay, Clerk tablosundaki dönem ayıdır; aylık raporlar bu dönemi bir sonraki ay alınmış olarak veriyor (ör. June 2026, Received during July 2026). Tutar o dönemin vergi oranıyla toplam tahsilattır; yıllar arası karşılaştırma için yuzde2_payi_usd kullanılmalı."
2001-09,FY2001,South Walton,303668.84,202445.89,FY1999-2003 - 3% SW TDT,https://www.waltoncountyfltourism.com/userfiles/SW_TDT_Collections_History_with_Monthly_FYTD_Comparisons.xlsx,2026-10-07,0b191d85e519e1371b055e93937490120a2898e6d8358f60962fb16932b1cb03,"Ay, Clerk tablosundaki dönem ayıdır; aylık raporlar bu dönemi bir sonraki ay alınmış olarak veriyor (ör. June 2026, Received during July 2026). Tutar o dönemin vergi oranıyla toplam tahsilattır; yıllar arası karşılaştırma için yuzde2_payi_usd kullanılmalı."
2001-10,FY2002,South Walton,186734.60,124489.73,FY1999-2003 - 3% SW TDT,https://www.waltoncountyfltourism.com/userfiles/SW_TDT_Collections_History_with_Monthly_FYTD_Comparisons.xlsx,2026-10-07,0b191d85e519e1371b055e93937490120a2898e6d8358f60962fb16932b1cb03,"Ay, Clerk tablosundaki dönem ayıdır; aylık raporlar bu dönemi bir sonraki ay alınmış olarak veriyor (ör. June 2026, Received during July 2026). Tutar o dönemin vergi oranıyla toplam tahsilattır; yıllar arası karşılaştırma için yuzde2_payi_usd kullanılmalı."
2001-11,FY2002,South Walton,127176.79,84784.52,FY1999-2003 - 3% SW TDT,https://www.waltoncountyfltourism.com/userfiles/SW_TDT_Collections_History_with_Monthly_FYTD_Comparisons.xlsx,2026-10-07,0b191d85e519e1371b055e93937490120a2898e6d8358f60962fb16932b1cb03,"Ay, Clerk tablosundaki dönem ayıdır; aylık raporlar bu dönemi bir sonraki ay alınmış olarak veriyor (ör. June 2026, Received during July 2026). Tutar o dönemin vergi oranıyla toplam tahsilattır; yıllar arası karşılaştırma için yuzde2_payi_usd kullanılmalı."
2001-12,FY2002,South Walton,80778.28,53852.18,FY1999-2003 - 3% SW TDT,https://www.waltoncountyfltourism.com/userfiles/SW_TDT_Collections_History_with_Monthly_FYTD_Comparisons.xlsx,2026-10-07,0b191d85e519e1371b055e93937490120a2898e6d8358f60962fb16932b1cb03,"Ay, Clerk tablosundaki dönem ayıdır; aylık raporlar bu dönemi bir sonraki ay alınmış olarak veriyor (ör. June 2026, Received during July 2026). Tutar o dönemin vergi oranıyla toplam tahsilattır; yıllar arası karşılaştırma için yuzde2_payi_usd kullanılmalı."
2002-01,FY2002,South Walton,120395.01,80263.34,FY1999-2003 - 3% SW TDT,https://www.waltoncountyfltourism.com/userfiles/SW_TDT_Collections_History_with_Monthly_FYTD_Comparisons.xlsx,2026-10-07,0b191d85e519e1371b055e93937490120a2898e6d8358f60962fb16932b1cb03,"Ay, Clerk tablosundaki dönem ayıdır; aylık raporlar bu dönemi bir sonraki ay alınmış olarak veriyor (ör. June 2026, Received during July 2026). Tutar o dönemin vergi oranıyla toplam tahsilattır; yıllar arası karşılaştırma için yuzde2_payi_usd kullanılmalı."
2002-02,FY2002,South Walton,179590.50,119727.00,FY1999-2003 - 3% SW TDT,https://www.waltoncountyfltourism.com/userfiles/SW_TDT_Collections_History_with_Monthly_FYTD_Comparisons.xlsx,2026-10-07,0b191d85e519e1371b055e93937490120a2898e6d8358f60962fb16932b1cb03,"Ay, Clerk tablosundaki dönem ayıdır; aylık raporlar bu dönemi bir sonraki ay alınmış olarak veriyor (ör. June 2026, Received during July 2026). Tutar o dönemin vergi oranıyla toplam tahsilattır; yıllar arası karşılaştırma için yuzde2_payi_usd kullanılmalı."
2002-03,FY2002,South Walton,433477.34,288984.89,FY1999-2003 - 3% SW TDT,https://www.waltoncountyfltourism.com/userfiles/SW_TDT_Collections_History_with_Monthly_FYTD_Comparisons.xlsx,2026-10-07,0b191d85e519e1371b055e93937490120a2898e6d8358f60962fb16932b1cb03,"Ay, Clerk tablosundaki dönem ayıdır; aylık raporlar bu dönemi bir sonraki ay alınmış olarak veriyor (ör. June 2026, Received during July 2026). Tutar o dönemin vergi oranıyla toplam tahsilattır; yıllar arası karşılaştırma için yuzde2_payi_usd kullanılmalı."
2002-04,FY2002,South Walton,447660.77,298440.51,FY1999-2003 - 3% SW TDT,https://www.waltoncountyfltourism.com/userfiles/SW_TDT_Collections_History_with_Monthly_FYTD_Comparisons.xlsx,2026-10-07,0b191d85e519e1371b055e93937490120a2898e6d8358f60962fb16932b1cb03,"Ay, Clerk tablosundaki dönem ayıdır; aylık raporlar bu dönemi bir sonraki ay alınmış olarak veriyor (ör. June 2026, Received during July 2026). Tutar o dönemin vergi oranıyla toplam tahsilattır; yıllar arası karşılaştırma için yuzde2_payi_usd kullanılmalı."
2002-05,FY2002,South Walton,501893.81,334595.87,FY1999-2003 - 3% SW TDT,https://www.waltoncountyfltourism.com/userfiles/SW_TDT_Collections_History_with_Monthly_FYTD_Comparisons.xlsx,2026-10-07,0b191d85e519e1371b055e93937490120a2898e6d8358f60962fb16932b1cb03,"Ay, Clerk tablosundaki dönem ayıdır; aylık raporlar bu dönemi bir sonraki ay alınmış olarak veriyor (ör. June 2026, Received during July 2026). Tutar o dönemin vergi oranıyla toplam tahsilattır; yıllar arası karşılaştırma için yuzde2_payi_usd kullanılmalı."
2002-06,FY2002,South Walton,971775.06,647850.04,FY1999-2003 - 3% SW TDT,https://www.waltoncountyfltourism.com/userfiles/SW_TDT_Collections_History_with_Monthly_FYTD_Comparisons.xlsx,2026-10-07,0b191d85e519e1371b055e93937490120a2898e6d8358f60962fb16932b1cb03,"Ay, Clerk tablosundaki dönem ayıdır; aylık raporlar bu dönemi bir sonraki ay alınmış olarak veriyor (ör. June 2026, Received during July 2026). Tutar o dönemin vergi oranıyla toplam tahsilattır; yıllar arası karşılaştırma için yuzde2_payi_usd kullanılmalı."
2002-07,FY2002,South Walton,1095821.61,730547.74,FY1999-2003 - 3% SW TDT,https://www.waltoncountyfltourism.com/userfiles/SW_TDT_Collections_History_with_Monthly_FYTD_Comparisons.xlsx,2026-10-07,0b191d85e519e1371b055e93937490120a2898e6d8358f60962fb16932b1cb03,"Ay, Clerk tablosundaki dönem ayıdır; aylık raporlar bu dönemi bir sonraki ay alınmış olarak veriyor (ör. June 2026, Received during July 2026). Tutar o dönemin vergi oranıyla toplam tahsilattır; yıllar arası karşılaştırma için yuzde2_payi_usd kullanılmalı."
2002-08,FY2002,South Walton,642843.93,428562.62,FY1999-2003 - 3% SW TDT,https://www.waltoncountyfltourism.com/userfiles/SW_TDT_Collections_History_with_Monthly_FYTD_Comparisons.xlsx,2026-10-07,0b191d85e519e1371b055e93937490120a2898e6d8358f60962fb16932b1cb03,"Ay, Clerk tablosundaki dönem ayıdır; aylık raporlar bu dönemi bir sonraki ay alınmış olarak veriyor (ör. June 2026, Received during July 2026). Tutar o dönemin vergi oranıyla toplam tahsilattır; yıllar arası karşılaştırma için yuzde2_payi_usd kullanılmalı."
2002-09,FY2002,South Walton,382423.21,254948.81,FY1999-2003 - 3% SW TDT,https://www.waltoncountyfltourism.com/userfiles/SW_TDT_Collections_History_with_Monthly_FYTD_Comparisons.xlsx,2026-10-07,0b191d85e519e1371b055e93937490120a2898e6d8358f60962fb16932b1cb03,"Ay, Clerk tablosundaki dönem ayıdır; aylık raporlar bu dönemi bir sonraki ay alınmış olarak veriyor (ör. June 2026, Received during July 2026). Tutar o dönemin vergi oranıyla toplam tahsilattır; yıllar arası karşılaştırma için yuzde2_payi_usd kullanılmalı."
2002-10,FY2003,South Walton,234241.95,156161.30,FY1999-2003 - 3% SW TDT,https://www.waltoncountyfltourism.com/userfiles/SW_TDT_Collections_History_with_Monthly_FYTD_Comparisons.xlsx,2026-10-07,0b191d85e519e1371b055e93937490120a2898e6d8358f60962fb16932b1cb03,"Ay, Clerk tablosundaki dönem ayıdır; aylık raporlar bu dönemi bir sonraki ay alınmış olarak veriyor (ör. June 2026, Received during July 2026). Tutar o dönemin vergi oranıyla toplam tahsilattır; yıllar arası karşılaştırma için yuzde2_payi_usd kullanılmalı."
2002-11,FY2003,South Walton,132277.03,88184.69,FY1999-2003 - 3% SW TDT,https://www.waltoncountyfltourism.com/userfiles/SW_TDT_Collections_History_with_Monthly_FYTD_Comparisons.xlsx,2026-10-07,0b191d85e519e1371b055e93937490120a2898e6d8358f60962fb16932b1cb03,"Ay, Clerk tablosundaki dönem ayıdır; aylık raporlar bu dönemi bir sonraki ay alınmış olarak veriyor (ör. June 2026, Received during July 2026). Tutar o dönemin vergi oranıyla toplam tahsilattır; yıllar arası karşılaştırma için yuzde2_payi_usd kullanılmalı."
2002-12,FY2003,South Walton,102923.54,68615.69,FY1999-2003 - 3% SW TDT,https://www.waltoncountyfltourism.com/userfiles/SW_TDT_Collections_History_with_Monthly_FYTD_Comparisons.xlsx,2026-10-07,0b191d85e519e1371b055e93937490120a2898e6d8358f60962fb16932b1cb03,"Ay, Clerk tablosundaki dönem ayıdır; aylık raporlar bu dönemi bir sonraki ay alınmış olarak veriyor (ör. June 2026, Received during July 2026). Tutar o dönemin vergi oranıyla toplam tahsilattır; yıllar arası karşılaştırma için yuzde2_payi_usd kullanılmalı."
2003-01,FY2003,South Walton,121416.07,80944.05,FY1999-2003 - 3% SW TDT,https://www.waltoncountyfltourism.com/userfiles/SW_TDT_Collections_History_with_Monthly_FYTD_Comparisons.xlsx,2026-10-07,0b191d85e519e1371b055e93937490120a2898e6d8358f60962fb16932b1cb03,"Ay, Clerk tablosundaki dönem ayıdır; aylık raporlar bu dönemi bir sonraki ay alınmış olarak veriyor (ör. June 2026, Received during July 2026). Tutar o dönemin vergi oranıyla toplam tahsilattır; yıllar arası karşılaştırma için yuzde2_payi_usd kullanılmalı."
2003-02,FY2003,South Walton,193099.62,128733.08,FY1999-2003 - 3% SW TDT,https://www.waltoncountyfltourism.com/userfiles/SW_TDT_Collections_History_with_Monthly_FYTD_Comparisons.xlsx,2026-10-07,0b191d85e519e1371b055e93937490120a2898e6d8358f60962fb16932b1cb03,"Ay, Clerk tablosundaki dönem ayıdır; aylık raporlar bu dönemi bir sonraki ay alınmış olarak veriyor (ör. June 2026, Received during July 2026). Tutar o dönemin vergi oranıyla toplam tahsilattır; yıllar arası karşılaştırma için yuzde2_payi_usd kullanılmalı."
2003-03,FY2003,South Walton,403409.02,268939.35,FY1999-2003 - 3% SW TDT,https://www.waltoncountyfltourism.com/userfiles/SW_TDT_Collections_History_with_Monthly_FYTD_Comparisons.xlsx,2026-10-07,0b191d85e519e1371b055e93937490120a2898e6d8358f60962fb16932b1cb03,"Ay, Clerk tablosundaki dönem ayıdır; aylık raporlar bu dönemi bir sonraki ay alınmış olarak veriyor (ör. June 2026, Received during July 2026). Tutar o dönemin vergi oranıyla toplam tahsilattır; yıllar arası karşılaştırma için yuzde2_payi_usd kullanılmalı."
2003-04,FY2003,South Walton,571077.67,380718.45,FY1999-2003 - 3% SW TDT,https://www.waltoncountyfltourism.com/userfiles/SW_TDT_Collections_History_with_Monthly_FYTD_Comparisons.xlsx,2026-10-07,0b191d85e519e1371b055e93937490120a2898e6d8358f60962fb16932b1cb03,"Ay, Clerk tablosundaki dönem ayıdır; aylık raporlar bu dönemi bir sonraki ay alınmış olarak veriyor (ör. June 2026, Received during July 2026). Tutar o dönemin vergi oranıyla toplam tahsilattır; yıllar arası karşılaştırma için yuzde2_payi_usd kullanılmalı."
2003-05,FY2003,South Walton,583751.89,389167.93,FY1999-2003 - 3% SW TDT,https://www.waltoncountyfltourism.com/userfiles/SW_TDT_Collections_History_with_Monthly_FYTD_Comparisons.xlsx,2026-10-07,0b191d85e519e1371b055e93937490120a2898e6d8358f60962fb16932b1cb03,"Ay, Clerk tablosundaki dönem ayıdır; aylık raporlar bu dönemi bir sonraki ay alınmış olarak veriyor (ör. June 2026, Received during July 2026). Tutar o dönemin vergi oranıyla toplam tahsilattır; yıllar arası karşılaştırma için yuzde2_payi_usd kullanılmalı."
2003-06,FY2003,South Walton,1115152.97,743435.31,FY1999-2003 - 3% SW TDT,https://www.waltoncountyfltourism.com/userfiles/SW_TDT_Collections_History_with_Monthly_FYTD_Comparisons.xlsx,2026-10-07,0b191d85e519e1371b055e93937490120a2898e6d8358f60962fb16932b1cb03,"Ay, Clerk tablosundaki dönem ayıdır; aylık raporlar bu dönemi bir sonraki ay alınmış olarak veriyor (ör. June 2026, Received during July 2026). Tutar o dönemin vergi oranıyla toplam tahsilattır; yıllar arası karşılaştırma için yuzde2_payi_usd kullanılmalı."
2003-07,FY2003,South Walton,1141588.05,761058.70,FY1999-2003 - 3% SW TDT,https://www.waltoncountyfltourism.com/userfiles/SW_TDT_Collections_History_with_Monthly_FYTD_Comparisons.xlsx,2026-10-07,0b191d85e519e1371b055e93937490120a2898e6d8358f60962fb16932b1cb03,"Ay, Clerk tablosundaki dönem ayıdır; aylık raporlar bu dönemi bir sonraki ay alınmış olarak veriyor (ör. June 2026, Received during July 2026). Tutar o dönemin vergi oranıyla toplam tahsilattır; yıllar arası karşılaştırma için yuzde2_payi_usd kullanılmalı."
2003-08,FY2003,South Walton,728569.86,485713.24,FY1999-2003 - 3% SW TDT,https://www.waltoncountyfltourism.com/userfiles/SW_TDT_Collections_History_with_Monthly_FYTD_Comparisons.xlsx,2026-10-07,0b191d85e519e1371b055e93937490120a2898e6d8358f60962fb16932b1cb03,"Ay, Clerk tablosundaki dönem ayıdır; aylık raporlar bu dönemi bir sonraki ay alınmış olarak veriyor (ör. June 2026, Received during July 2026). Tutar o dönemin vergi oranıyla toplam tahsilattır; yıllar arası karşılaştırma için yuzde2_payi_usd kullanılmalı."
2003-09,FY2003,South Walton,432224.25,288149.50,FY1999-2003 - 3% SW TDT,https://www.waltoncountyfltourism.com/userfiles/SW_TDT_Collections_History_with_Monthly_FYTD_Comparisons.xlsx,2026-10-07,0b191d85e519e1371b055e93937490120a2898e6d8358f60962fb16932b1cb03,"Ay, Clerk tablosundaki dönem ayıdır; aylık raporlar bu dönemi bir sonraki ay alınmış olarak veriyor (ör. June 2026, Received during July 2026). Tutar o dönemin vergi oranıyla toplam tahsilattır; yıllar arası karşılaştırma için yuzde2_payi_usd kullanılmalı."
2003-10,FY2004,South Walton,289537.67,193025.11,FY2004-2009 - 4% SW TDT,https://www.waltoncountyfltourism.com/userfiles/SW_TDT_Collections_History_with_Monthly_FYTD_Comparisons.xlsx,2026-10-07,0b191d85e519e1371b055e93937490120a2898e6d8358f60962fb16932b1cb03,"Ay, Clerk tablosundaki dönem ayıdır; aylık raporlar bu dönemi bir sonraki ay alınmış olarak veriyor (ör. June 2026, Received during July 2026). Tutar o dönemin vergi oranıyla toplam tahsilattır; yıllar arası karşılaştırma için yuzde2_payi_usd kullanılmalı."
2003-11,FY2004,South Walton,153903.58,102602.39,FY2004-2009 - 4% SW TDT,https://www.waltoncountyfltourism.com/userfiles/SW_TDT_Collections_History_with_Monthly_FYTD_Comparisons.xlsx,2026-10-07,0b191d85e519e1371b055e93937490120a2898e6d8358f60962fb16932b1cb03,"Ay, Clerk tablosundaki dönem ayıdır; aylık raporlar bu dönemi bir sonraki ay alınmış olarak veriyor (ör. June 2026, Received during July 2026). Tutar o dönemin vergi oranıyla toplam tahsilattır; yıllar arası karşılaştırma için yuzde2_payi_usd kullanılmalı."
2003-12,FY2004,South Walton,110980.04,73986.69,FY2004-2009 - 4% SW TDT,https://www.waltoncountyfltourism.com/userfiles/SW_TDT_Collections_History_with_Monthly_FYTD_Comparisons.xlsx,2026-10-07,0b191d85e519e1371b055e93937490120a2898e6d8358f60962fb16932b1cb03,"Ay, Clerk tablosundaki dönem ayıdır; aylık raporlar bu dönemi bir sonraki ay alınmış olarak veriyor (ör. June 2026, Received during July 2026). Tutar o dönemin vergi oranıyla toplam tahsilattır; yıllar arası karşılaştırma için yuzde2_payi_usd kullanılmalı."
2004-01,FY2004,South Walton,160860.78,107240.52,FY2004-2009 - 4% SW TDT,https://www.waltoncountyfltourism.com/userfiles/SW_TDT_Collections_History_with_Monthly_FYTD_Comparisons.xlsx,2026-10-07,0b191d85e519e1371b055e93937490120a2898e6d8358f60962fb16932b1cb03,"Ay, Clerk tablosundaki dönem ayıdır; aylık raporlar bu dönemi bir sonraki ay alınmış olarak veriyor (ör. June 2026, Received during July 2026). Tutar o dönemin vergi oranıyla toplam tahsilattır; yıllar arası karşılaştırma için yuzde2_payi_usd kullanılmalı."
2004-02,FY2004,South Walton,196080.09,130704.27,FY2004-2009 - 4% SW TDT,https://www.waltoncountyfltourism.com/userfiles/SW_TDT_Collections_History_with_Monthly_FYTD_Comparisons.xlsx,2026-10-07,0b191d85e519e1371b055e93937490120a2898e6d8358f60962fb16932b1cb03,"Ay, Clerk tablosundaki dönem ayıdır; aylık raporlar bu dönemi bir sonraki ay alınmış olarak veriyor (ör. June 2026, Received during July 2026). Tutar o dönemin vergi oranıyla toplam tahsilattır; yıllar arası karşılaştırma için yuzde2_payi_usd kullanılmalı."
2004-03,FY2004,South Walton,462202.58,308135.05,FY2004-2009 - 4% SW TDT,https://www.waltoncountyfltourism.com/userfiles/SW_TDT_Collections_History_with_Monthly_FYTD_Comparisons.xlsx,2026-10-07,0b191d85e519e1371b055e93937490120a2898e6d8358f60962fb16932b1cb03,"Ay, Clerk tablosundaki dönem ayıdır; aylık raporlar bu dönemi bir sonraki ay alınmış olarak veriyor (ör. June 2026, Received during July 2026). Tutar o dönemin vergi oranıyla toplam tahsilattır; yıllar arası karşılaştırma için yuzde2_payi_usd kullanılmalı."
2004-04,FY2004,South Walton,618397.41,412264.94,FY2004-2009 - 4% SW TDT,https://www.waltoncountyfltourism.com/userfiles/SW_TDT_Collections_History_with_Monthly_FYTD_Comparisons.xlsx,2026-10-07,0b191d85e519e1371b055e93937490120a2898e6d8358f60962fb16932b1cb03,"Ay, Clerk tablosundaki dönem ayıdır; aylık raporlar bu dönemi bir sonraki ay alınmış olarak veriyor (ör. June 2026, Received during July 2026). Tutar o dönemin vergi oranıyla toplam tahsilattır; yıllar arası karşılaştırma için yuzde2_payi_usd kullanılmalı."
2004-05,FY2004,South Walton,815211.44,408870.41,FY2004-2009 - 4% SW TDT,https://www.waltoncountyfltourism.com/userfiles/SW_TDT_Collections_History_with_Monthly_FYTD_Comparisons.xlsx,2026-10-07,0b191d85e519e1371b055e93937490120a2898e6d8358f60962fb16932b1cb03,"Ay, Clerk tablosundaki dönem ayıdır; aylık raporlar bu dönemi bir sonraki ay alınmış olarak veriyor (ör. June 2026, Received during July 2026). Tutar o dönemin vergi oranıyla toplam tahsilattır; yıllar arası karşılaştırma için yuzde2_payi_usd kullanılmalı."
2004-06,FY2004,South Walton,1651168.49,830736.39,FY2004-2009 - 4% SW TDT,https://www.waltoncountyfltourism.com/userfiles/SW_TDT_Collections_History_with_Monthly_FYTD_Comparisons.xlsx,2026-10-07,0b191d85e519e1371b055e93937490120a2898e6d8358f60962fb16932b1cb03,"Ay, Clerk tablosundaki dönem ayıdır; aylık raporlar bu dönemi bir sonraki ay alınmış olarak veriyor (ör. June 2026, Received during July 2026). Tutar o dönemin vergi oranıyla toplam tahsilattır; yıllar arası karşılaştırma için yuzde2_payi_usd kullanılmalı."
2004-07,FY2004,South Walton,1828575.96,914381.20,FY2004-2009 - 4% SW TDT,https://www.waltoncountyfltourism.com/userfiles/SW_TDT_Collections_History_with_Monthly_FYTD_Comparisons.xlsx,2026-10-07,0b191d85e519e1371b055e93937490120a2898e6d8358f60962fb16932b1cb03,"Ay, Clerk tablosundaki dönem ayıdır; aylık raporlar bu dönemi bir sonraki ay alınmış olarak veriyor (ör. June 2026, Received during July 2026). Tutar o dönemin vergi oranıyla toplam tahsilattır; yıllar arası karşılaştırma için yuzde2_payi_usd kullanılmalı."
2004-08,FY2004,South Walton,930958.40,465572.48,FY2004-2009 - 4% SW TDT,https://www.waltoncountyfltourism.com/userfiles/SW_TDT_Collections_History_with_Monthly_FYTD_Comparisons.xlsx,2026-10-07,0b191d85e519e1371b055e93937490120a2898e6d8358f60962fb16932b1cb03,"Ay, Clerk tablosundaki dönem ayıdır; aylık raporlar bu dönemi bir sonraki ay alınmış olarak veriyor (ör. June 2026, Received during July 2026). Tutar o dönemin vergi oranıyla toplam tahsilattır; yıllar arası karşılaştırma için yuzde2_payi_usd kullanılmalı."
2004-09,FY2004,South Walton,441354.69,220779.90,FY2004-2009 - 4% SW TDT,https://www.waltoncountyfltourism.com/userfiles/SW_TDT_Collections_History_with_Monthly_FYTD_Comparisons.xlsx,2026-10-07,0b191d85e519e1371b055e93937490120a2898e6d8358f60962fb16932b1cb03,"Ay, Clerk tablosundaki dönem ayıdır; aylık raporlar bu dönemi bir sonraki ay alınmış olarak veriyor (ör. June 2026, Received during July 2026). Tutar o dönemin vergi oranıyla toplam tahsilattır; yıllar arası karşılaştırma için yuzde2_payi_usd kullanılmalı."
2004-10,FY2005,South Walton,396347.68,198204.93,FY2004-2009 - 4% SW TDT,https://www.waltoncountyfltourism.com/userfiles/SW_TDT_Collections_History_with_Monthly_FYTD_Comparisons.xlsx,2026-10-07,0b191d85e519e1371b055e93937490120a2898e6d8358f60962fb16932b1cb03,"Ay, Clerk tablosundaki dönem ayıdır; aylık raporlar bu dönemi bir sonraki ay alınmış olarak veriyor (ör. June 2026, Received during July 2026). Tutar o dönemin vergi oranıyla toplam tahsilattır; yıllar arası karşılaştırma için yuzde2_payi_usd kullanılmalı."
2004-11,FY2005,South Walton,258350.52,129283.07,FY2004-2009 - 4% SW TDT,https://www.waltoncountyfltourism.com/userfiles/SW_TDT_Collections_History_with_Monthly_FYTD_Comparisons.xlsx,2026-10-07,0b191d85e519e1371b055e93937490120a2898e6d8358f60962fb16932b1cb03,"Ay, Clerk tablosundaki dönem ayıdır; aylık raporlar bu dönemi bir sonraki ay alınmış olarak veriyor (ör. June 2026, Received during July 2026). Tutar o dönemin vergi oranıyla toplam tahsilattır; yıllar arası karşılaştırma için yuzde2_payi_usd kullanılmalı."
2004-12,FY2005,South Walton,186677.92,93338.96,FY2004-2009 - 4% SW TDT,https://www.waltoncountyfltourism.com/userfiles/SW_TDT_Collections_History_with_Monthly_FYTD_Comparisons.xlsx,2026-10-07,0b191d85e519e1371b055e93937490120a2898e6d8358f60962fb16932b1cb03,"Ay, Clerk tablosundaki dönem ayıdır; aylık raporlar bu dönemi bir sonraki ay alınmış olarak veriyor (ör. June 2026, Received during July 2026). Tutar o dönemin vergi oranıyla toplam tahsilattır; yıllar arası karşılaştırma için yuzde2_payi_usd kullanılmalı."
2005-01,FY2005,South Walton,245249.68,122624.84,FY2004-2009 - 4% SW TDT,https://www.waltoncountyfltourism.com/userfiles/SW_TDT_Collections_History_with_Monthly_FYTD_Comparisons.xlsx,2026-10-07,0b191d85e519e1371b055e93937490120a2898e6d8358f60962fb16932b1cb03,"Ay, Clerk tablosundaki dönem ayıdır; aylık raporlar bu dönemi bir sonraki ay alınmış olarak veriyor (ör. June 2026, Received during July 2026). Tutar o dönemin vergi oranıyla toplam tahsilattır; yıllar arası karşılaştırma için yuzde2_payi_usd kullanılmalı."
2005-02,FY2005,South Walton,320905.23,160452.61,FY2004-2009 - 4% SW TDT,https://www.waltoncountyfltourism.com/userfiles/SW_TDT_Collections_History_with_Monthly_FYTD_Comparisons.xlsx,2026-10-07,0b191d85e519e1371b055e93937490120a2898e6d8358f60962fb16932b1cb03,"Ay, Clerk tablosundaki dönem ayıdır; aylık raporlar bu dönemi bir sonraki ay alınmış olarak veriyor (ör. June 2026, Received during July 2026). Tutar o dönemin vergi oranıyla toplam tahsilattır; yıllar arası karşılaştırma için yuzde2_payi_usd kullanılmalı."
2005-03,FY2005,South Walton,813547.07,406773.54,FY2004-2009 - 4% SW TDT,https://www.waltoncountyfltourism.com/userfiles/SW_TDT_Collections_History_with_Monthly_FYTD_Comparisons.xlsx,2026-10-07,0b191d85e519e1371b055e93937490120a2898e6d8358f60962fb16932b1cb03,"Ay, Clerk tablosundaki dönem ayıdır; aylık raporlar bu dönemi bir sonraki ay alınmış olarak veriyor (ör. June 2026, Received during July 2026). Tutar o dönemin vergi oranıyla toplam tahsilattır; yıllar arası karşılaştırma için yuzde2_payi_usd kullanılmalı."
2005-04,FY2005,South Walton,755111.57,377555.79,FY2004-2009 - 4% SW TDT,https://www.waltoncountyfltourism.com/userfiles/SW_TDT_Collections_History_with_Monthly_FYTD_Comparisons.xlsx,2026-10-07,0b191d85e519e1371b055e93937490120a2898e6d8358f60962fb16932b1cb03,"Ay, Clerk tablosundaki dönem ayıdır; aylık raporlar bu dönemi bir sonraki ay alınmış olarak veriyor (ör. June 2026, Received during July 2026). Tutar o dönemin vergi oranıyla toplam tahsilattır; yıllar arası karşılaştırma için yuzde2_payi_usd kullanılmalı."
2005-05,FY2005,South Walton,938241.63,469120.82,FY2004-2009 - 4% SW TDT,https://www.waltoncountyfltourism.com/userfiles/SW_TDT_Collections_History_with_Monthly_FYTD_Comparisons.xlsx,2026-10-07,0b191d85e519e1371b055e93937490120a2898e6d8358f60962fb16932b1cb03,"Ay, Clerk tablosundaki dönem ayıdır; aylık raporlar bu dönemi bir sonraki ay alınmış olarak veriyor (ör. June 2026, Received during July 2026). Tutar o dönemin vergi oranıyla toplam tahsilattır; yıllar arası karşılaştırma için yuzde2_payi_usd kullanılmalı."
2005-06,FY2005,South Walton,1905741.08,952870.54,FY2004-2009 - 4% SW TDT,https://www.waltoncountyfltourism.com/userfiles/SW_TDT_Collections_History_with_Monthly_FYTD_Comparisons.xlsx,2026-10-07,0b191d85e519e1371b055e93937490120a2898e6d8358f60962fb16932b1cb03,"Ay, Clerk tablosundaki dönem ayıdır; aylık raporlar bu dönemi bir sonraki ay alınmış olarak veriyor (ör. June 2026, Received during July 2026). Tutar o dönemin vergi oranıyla toplam tahsilattır; yıllar arası karşılaştırma için yuzde2_payi_usd kullanılmalı."
2005-07,FY2005,South Walton,1474082.80,737041.40,FY2004-2009 - 4% SW TDT,https://www.waltoncountyfltourism.com/userfiles/SW_TDT_Collections_History_with_Monthly_FYTD_Comparisons.xlsx,2026-10-07,0b191d85e519e1371b055e93937490120a2898e6d8358f60962fb16932b1cb03,"Ay, Clerk tablosundaki dönem ayıdır; aylık raporlar bu dönemi bir sonraki ay alınmış olarak veriyor (ör. June 2026, Received during July 2026). Tutar o dönemin vergi oranıyla toplam tahsilattır; yıllar arası karşılaştırma için yuzde2_payi_usd kullanılmalı."
2005-08,FY2005,South Walton,896983.86,448491.93,FY2004-2009 - 4% SW TDT,https://www.waltoncountyfltourism.com/userfiles/SW_TDT_Collections_History_with_Monthly_FYTD_Comparisons.xlsx,2026-10-07,0b191d85e519e1371b055e93937490120a2898e6d8358f60962fb16932b1cb03,"Ay, Clerk tablosundaki dönem ayıdır; aylık raporlar bu dönemi bir sonraki ay alınmış olarak veriyor (ör. June 2026, Received during July 2026). Tutar o dönemin vergi oranıyla toplam tahsilattır; yıllar arası karşılaştırma için yuzde2_payi_usd kullanılmalı."
2005-09,FY2005,South Walton,539241.02,269620.51,FY2004-2009 - 4% SW TDT,https://www.waltoncountyfltourism.com/userfiles/SW_TDT_Collections_History_with_Monthly_FYTD_Comparisons.xlsx,2026-10-07,0b191d85e519e1371b055e93937490120a2898e6d8358f60962fb16932b1cb03,"Ay, Clerk tablosundaki dönem ayıdır; aylık raporlar bu dönemi bir sonraki ay alınmış olarak veriyor (ör. June 2026, Received during July 2026). Tutar o dönemin vergi oranıyla toplam tahsilattır; yıllar arası karşılaştırma için yuzde2_payi_usd kullanılmalı."
2005-10,FY2006,South Walton,364353.32,182176.66,FY2004-2009 - 4% SW TDT,https://www.waltoncountyfltourism.com/userfiles/SW_TDT_Collections_History_with_Monthly_FYTD_Comparisons.xlsx,2026-10-07,0b191d85e519e1371b055e93937490120a2898e6d8358f60962fb16932b1cb03,"Ay, Clerk tablosundaki dönem ayıdır; aylık raporlar bu dönemi bir sonraki ay alınmış olarak veriyor (ör. June 2026, Received during July 2026). Tutar o dönemin vergi oranıyla toplam tahsilattır; yıllar arası karşılaştırma için yuzde2_payi_usd kullanılmalı."
2005-11,FY2006,South Walton,265934.88,132967.44,FY2004-2009 - 4% SW TDT,https://www.waltoncountyfltourism.com/userfiles/SW_TDT_Collections_History_with_Monthly_FYTD_Comparisons.xlsx,2026-10-07,0b191d85e519e1371b055e93937490120a2898e6d8358f60962fb16932b1cb03,"Ay, Clerk tablosundaki dönem ayıdır; aylık raporlar bu dönemi bir sonraki ay alınmış olarak veriyor (ör. June 2026, Received during July 2026). Tutar o dönemin vergi oranıyla toplam tahsilattır; yıllar arası karşılaştırma için yuzde2_payi_usd kullanılmalı."
2005-12,FY2006,South Walton,204682.70,102341.35,FY2004-2009 - 4% SW TDT,https://www.waltoncountyfltourism.com/userfiles/SW_TDT_Collections_History_with_Monthly_FYTD_Comparisons.xlsx,2026-10-07,0b191d85e519e1371b055e93937490120a2898e6d8358f60962fb16932b1cb03,"Ay, Clerk tablosundaki dönem ayıdır; aylık raporlar bu dönemi bir sonraki ay alınmış olarak veriyor (ör. June 2026, Received during July 2026). Tutar o dönemin vergi oranıyla toplam tahsilattır; yıllar arası karşılaştırma için yuzde2_payi_usd kullanılmalı."
2006-01,FY2006,South Walton,258542.03,129271.02,FY2004-2009 - 4% SW TDT,https://www.waltoncountyfltourism.com/userfiles/SW_TDT_Collections_History_with_Monthly_FYTD_Comparisons.xlsx,2026-10-07,0b191d85e519e1371b055e93937490120a2898e6d8358f60962fb16932b1cb03,"Ay, Clerk tablosundaki dönem ayıdır; aylık raporlar bu dönemi bir sonraki ay alınmış olarak veriyor (ör. June 2026, Received during July 2026). Tutar o dönemin vergi oranıyla toplam tahsilattır; yıllar arası karşılaştırma için yuzde2_payi_usd kullanılmalı."
2006-02,FY2006,South Walton,317344.66,158672.33,FY2004-2009 - 4% SW TDT,https://www.waltoncountyfltourism.com/userfiles/SW_TDT_Collections_History_with_Monthly_FYTD_Comparisons.xlsx,2026-10-07,0b191d85e519e1371b055e93937490120a2898e6d8358f60962fb16932b1cb03,"Ay, Clerk tablosundaki dönem ayıdır; aylık raporlar bu dönemi bir sonraki ay alınmış olarak veriyor (ör. June 2026, Received during July 2026). Tutar o dönemin vergi oranıyla toplam tahsilattır; yıllar arası karşılaştırma için yuzde2_payi_usd kullanılmalı."
2006-03,FY2006,South Walton,721247.53,360623.77,FY2004-2009 - 4% SW TDT,https://www.waltoncountyfltourism.com/userfiles/SW_TDT_Collections_History_with_Monthly_FYTD_Comparisons.xlsx,2026-10-07,0b191d85e519e1371b055e93937490120a2898e6d8358f60962fb16932b1cb03,"Ay, Clerk tablosundaki dönem ayıdır; aylık raporlar bu dönemi bir sonraki ay alınmış olarak veriyor (ör. June 2026, Received during July 2026). Tutar o dönemin vergi oranıyla toplam tahsilattır; yıllar arası karşılaştırma için yuzde2_payi_usd kullanılmalı."
2006-04,FY2006,South Walton,871778.03,435889.02,FY2004-2009 - 4% SW TDT,https://www.waltoncountyfltourism.com/userfiles/SW_TDT_Collections_History_with_Monthly_FYTD_Comparisons.xlsx,2026-10-07,0b191d85e519e1371b055e93937490120a2898e6d8358f60962fb16932b1cb03,"Ay, Clerk tablosundaki dönem ayıdır; aylık raporlar bu dönemi bir sonraki ay alınmış olarak veriyor (ör. June 2026, Received during July 2026). Tutar o dönemin vergi oranıyla toplam tahsilattır; yıllar arası karşılaştırma için yuzde2_payi_usd kullanılmalı."
2006-05,FY2006,South Walton,968512.50,484256.25,FY2004-2009 - 4% SW TDT,https://www.waltoncountyfltourism.com/userfiles/SW_TDT_Collections_History_with_Monthly_FYTD_Comparisons.xlsx,2026-10-07,0b191d85e519e1371b055e93937490120a2898e6d8358f60962fb16932b1cb03,"Ay, Clerk tablosundaki dönem ayıdır; aylık raporlar bu dönemi bir sonraki ay alınmış olarak veriyor (ör. June 2026, Received during July 2026). Tutar o dönemin vergi oranıyla toplam tahsilattır; yıllar arası karşılaştırma için yuzde2_payi_usd kullanılmalı."
2006-06,FY2006,South Walton,1952987.90,976493.95,FY2004-2009 - 4% SW TDT,https://www.waltoncountyfltourism.com/userfiles/SW_TDT_Collections_History_with_Monthly_FYTD_Comparisons.xlsx,2026-10-07,0b191d85e519e1371b055e93937490120a2898e6d8358f60962fb16932b1cb03,"Ay, Clerk tablosundaki dönem ayıdır; aylık raporlar bu dönemi bir sonraki ay alınmış olarak veriyor (ör. June 2026, Received during July 2026). Tutar o dönemin vergi oranıyla toplam tahsilattır; yıllar arası karşılaştırma için yuzde2_payi_usd kullanılmalı."
2006-07,FY2006,South Walton,1906917.97,953458.99,FY2004-2009 - 4% SW TDT,https://www.waltoncountyfltourism.com/userfiles/SW_TDT_Collections_History_with_Monthly_FYTD_Comparisons.xlsx,2026-10-07,0b191d85e519e1371b055e93937490120a2898e6d8358f60962fb16932b1cb03,"Ay, Clerk tablosundaki dönem ayıdır; aylık raporlar bu dönemi bir sonraki ay alınmış olarak veriyor (ör. June 2026, Received during July 2026). Tutar o dönemin vergi oranıyla toplam tahsilattır; yıllar arası karşılaştırma için yuzde2_payi_usd kullanılmalı."
2006-08,FY2006,South Walton,966603.39,483301.70,FY2004-2009 - 4% SW TDT,https://www.waltoncountyfltourism.com/userfiles/SW_TDT_Collections_History_with_Monthly_FYTD_Comparisons.xlsx,2026-10-07,0b191d85e519e1371b055e93937490120a2898e6d8358f60962fb16932b1cb03,"Ay, Clerk tablosundaki dönem ayıdır; aylık raporlar bu dönemi bir sonraki ay alınmış olarak veriyor (ör. June 2026, Received during July 2026). Tutar o dönemin vergi oranıyla toplam tahsilattır; yıllar arası karşılaştırma için yuzde2_payi_usd kullanılmalı."
2006-09,FY2006,South Walton,691853.21,345926.61,FY2004-2009 - 4% SW TDT,https://www.waltoncountyfltourism.com/userfiles/SW_TDT_Collections_History_with_Monthly_FYTD_Comparisons.xlsx,2026-10-07,0b191d85e519e1371b055e93937490120a2898e6d8358f60962fb16932b1cb03,"Ay, Clerk tablosundaki dönem ayıdır; aylık raporlar bu dönemi bir sonraki ay alınmış olarak veriyor (ör. June 2026, Received during July 2026). Tutar o dönemin vergi oranıyla toplam tahsilattır; yıllar arası karşılaştırma için yuzde2_payi_usd kullanılmalı."
2006-10,FY2007,South Walton,432315.24,216157.62,FY2004-2009 - 4% SW TDT,https://www.waltoncountyfltourism.com/userfiles/SW_TDT_Collections_History_with_Monthly_FYTD_Comparisons.xlsx,2026-10-07,0b191d85e519e1371b055e93937490120a2898e6d8358f60962fb16932b1cb03,"Ay, Clerk tablosundaki dönem ayıdır; aylık raporlar bu dönemi bir sonraki ay alınmış olarak veriyor (ör. June 2026, Received during July 2026). Tutar o dönemin vergi oranıyla toplam tahsilattır; yıllar arası karşılaştırma için yuzde2_payi_usd kullanılmalı."
2006-11,FY2007,South Walton,262965.86,131482.93,FY2004-2009 - 4% SW TDT,https://www.waltoncountyfltourism.com/userfiles/SW_TDT_Collections_History_with_Monthly_FYTD_Comparisons.xlsx,2026-10-07,0b191d85e519e1371b055e93937490120a2898e6d8358f60962fb16932b1cb03,"Ay, Clerk tablosundaki dönem ayıdır; aylık raporlar bu dönemi bir sonraki ay alınmış olarak veriyor (ör. June 2026, Received during July 2026). Tutar o dönemin vergi oranıyla toplam tahsilattır; yıllar arası karşılaştırma için yuzde2_payi_usd kullanılmalı."
2006-12,FY2007,South Walton,260136.29,130068.15,FY2004-2009 - 4% SW TDT,https://www.waltoncountyfltourism.com/userfiles/SW_TDT_Collections_History_with_Monthly_FYTD_Comparisons.xlsx,2026-10-07,0b191d85e519e1371b055e93937490120a2898e6d8358f60962fb16932b1cb03,"Ay, Clerk tablosundaki dönem ayıdır; aylık raporlar bu dönemi bir sonraki ay alınmış olarak veriyor (ör. June 2026, Received during July 2026). Tutar o dönemin vergi oranıyla toplam tahsilattır; yıllar arası karşılaştırma için yuzde2_payi_usd kullanılmalı."
2007-01,FY2007,South Walton,244042.64,122021.32,FY2004-2009 - 4% SW TDT,https://www.waltoncountyfltourism.com/userfiles/SW_TDT_Collections_History_with_Monthly_FYTD_Comparisons.xlsx,2026-10-07,0b191d85e519e1371b055e93937490120a2898e6d8358f60962fb16932b1cb03,"Ay, Clerk tablosundaki dönem ayıdır; aylık raporlar bu dönemi bir sonraki ay alınmış olarak veriyor (ör. June 2026, Received during July 2026). Tutar o dönemin vergi oranıyla toplam tahsilattır; yıllar arası karşılaştırma için yuzde2_payi_usd kullanılmalı."
2007-02,FY2007,South Walton,323963.81,161981.91,FY2004-2009 - 4% SW TDT,https://www.waltoncountyfltourism.com/userfiles/SW_TDT_Collections_History_with_Monthly_FYTD_Comparisons.xlsx,2026-10-07,0b191d85e519e1371b055e93937490120a2898e6d8358f60962fb16932b1cb03,"Ay, Clerk tablosundaki dönem ayıdır; aylık raporlar bu dönemi bir sonraki ay alınmış olarak veriyor (ör. June 2026, Received during July 2026). Tutar o dönemin vergi oranıyla toplam tahsilattır; yıllar arası karşılaştırma için yuzde2_payi_usd kullanılmalı."
2007-03,FY2007,South Walton,871117.91,435558.96,FY2004-2009 - 4% SW TDT,https://www.waltoncountyfltourism.com/userfiles/SW_TDT_Collections_History_with_Monthly_FYTD_Comparisons.xlsx,2026-10-07,0b191d85e519e1371b055e93937490120a2898e6d8358f60962fb16932b1cb03,"Ay, Clerk tablosundaki dönem ayıdır; aylık raporlar bu dönemi bir sonraki ay alınmış olarak veriyor (ör. June 2026, Received during July 2026). Tutar o dönemin vergi oranıyla toplam tahsilattır; yıllar arası karşılaştırma için yuzde2_payi_usd kullanılmalı."
2007-04,FY2007,South Walton,958323.06,479161.53,FY2004-2009 - 4% SW TDT,https://www.waltoncountyfltourism.com/userfiles/SW_TDT_Collections_History_with_Monthly_FYTD_Comparisons.xlsx,2026-10-07,0b191d85e519e1371b055e93937490120a2898e6d8358f60962fb16932b1cb03,"Ay, Clerk tablosundaki dönem ayıdır; aylık raporlar bu dönemi bir sonraki ay alınmış olarak veriyor (ör. June 2026, Received during July 2026). Tutar o dönemin vergi oranıyla toplam tahsilattır; yıllar arası karşılaştırma için yuzde2_payi_usd kullanılmalı."
2007-05,FY2007,South Walton,988830.47,494415.24,FY2004-2009 - 4% SW TDT,https://www.waltoncountyfltourism.com/userfiles/SW_TDT_Collections_History_with_Monthly_FYTD_Comparisons.xlsx,2026-10-07,0b191d85e519e1371b055e93937490120a2898e6d8358f60962fb16932b1cb03,"Ay, Clerk tablosundaki dönem ayıdır; aylık raporlar bu dönemi bir sonraki ay alınmış olarak veriyor (ör. June 2026, Received during July 2026). Tutar o dönemin vergi oranıyla toplam tahsilattır; yıllar arası karşılaştırma için yuzde2_payi_usd kullanılmalı."
2007-06,FY2007,South Walton,2349234.64,1174617.32,FY2004-2009 - 4% SW TDT,https://www.waltoncountyfltourism.com/userfiles/SW_TDT_Collections_History_with_Monthly_FYTD_Comparisons.xlsx,2026-10-07,0b191d85e519e1371b055e93937490120a2898e6d8358f60962fb16932b1cb03,"Ay, Clerk tablosundaki dönem ayıdır; aylık raporlar bu dönemi bir sonraki ay alınmış olarak veriyor (ör. June 2026, Received during July 2026). Tutar o dönemin vergi oranıyla toplam tahsilattır; yıllar arası karşılaştırma için yuzde2_payi_usd kullanılmalı."
2007-07,FY2007,South Walton,2108800.00,1054400.00,FY2004-2009 - 4% SW TDT,https://www.waltoncountyfltourism.com/userfiles/SW_TDT_Collections_History_with_Monthly_FYTD_Comparisons.xlsx,2026-10-07,0b191d85e519e1371b055e93937490120a2898e6d8358f60962fb16932b1cb03,"Ay, Clerk tablosundaki dönem ayıdır; aylık raporlar bu dönemi bir sonraki ay alınmış olarak veriyor (ör. June 2026, Received during July 2026). Tutar o dönemin vergi oranıyla toplam tahsilattır; yıllar arası karşılaştırma için yuzde2_payi_usd kullanılmalı."
2007-08,FY2007,South Walton,1111707.25,555853.63,FY2004-2009 - 4% SW TDT,https://www.waltoncountyfltourism.com/userfiles/SW_TDT_Collections_History_with_Monthly_FYTD_Comparisons.xlsx,2026-10-07,0b191d85e519e1371b055e93937490120a2898e6d8358f60962fb16932b1cb03,"Ay, Clerk tablosundaki dönem ayıdır; aylık raporlar bu dönemi bir sonraki ay alınmış olarak veriyor (ör. June 2026, Received during July 2026). Tutar o dönemin vergi oranıyla toplam tahsilattır; yıllar arası karşılaştırma için yuzde2_payi_usd kullanılmalı."
2007-09,FY2007,South Walton,765457.27,382728.64,FY2004-2009 - 4% SW TDT,https://www.waltoncountyfltourism.com/userfiles/SW_TDT_Collections_History_with_Monthly_FYTD_Comparisons.xlsx,2026-10-07,0b191d85e519e1371b055e93937490120a2898e6d8358f60962fb16932b1cb03,"Ay, Clerk tablosundaki dönem ayıdır; aylık raporlar bu dönemi bir sonraki ay alınmış olarak veriyor (ör. June 2026, Received during July 2026). Tutar o dönemin vergi oranıyla toplam tahsilattır; yıllar arası karşılaştırma için yuzde2_payi_usd kullanılmalı."
2007-10,FY2008,South Walton,476436.93,238218.47,FY2004-2009 - 4% SW TDT,https://www.waltoncountyfltourism.com/userfiles/SW_TDT_Collections_History_with_Monthly_FYTD_Comparisons.xlsx,2026-10-07,0b191d85e519e1371b055e93937490120a2898e6d8358f60962fb16932b1cb03,"Ay, Clerk tablosundaki dönem ayıdır; aylık raporlar bu dönemi bir sonraki ay alınmış olarak veriyor (ör. June 2026, Received during July 2026). Tutar o dönemin vergi oranıyla toplam tahsilattır; yıllar arası karşılaştırma için yuzde2_payi_usd kullanılmalı."
2007-11,FY2008,South Walton,312649.60,156324.80,FY2004-2009 - 4% SW TDT,https://www.waltoncountyfltourism.com/userfiles/SW_TDT_Collections_History_with_Monthly_FYTD_Comparisons.xlsx,2026-10-07,0b191d85e519e1371b055e93937490120a2898e6d8358f60962fb16932b1cb03,"Ay, Clerk tablosundaki dönem ayıdır; aylık raporlar bu dönemi bir sonraki ay alınmış olarak veriyor (ör. June 2026, Received during July 2026). Tutar o dönemin vergi oranıyla toplam tahsilattır; yıllar arası karşılaştırma için yuzde2_payi_usd kullanılmalı."
2007-12,FY2008,South Walton,262414.46,131207.23,FY2004-2009 - 4% SW TDT,https://www.waltoncountyfltourism.com/userfiles/SW_TDT_Collections_History_with_Monthly_FYTD_Comparisons.xlsx,2026-10-07,0b191d85e519e1371b055e93937490120a2898e6d8358f60962fb16932b1cb03,"Ay, Clerk tablosundaki dönem ayıdır; aylık raporlar bu dönemi bir sonraki ay alınmış olarak veriyor (ör. June 2026, Received during July 2026). Tutar o dönemin vergi oranıyla toplam tahsilattır; yıllar arası karşılaştırma için yuzde2_payi_usd kullanılmalı."
2008-01,FY2008,South Walton,238086.35,119043.18,FY2004-2009 - 4% SW TDT,https://www.waltoncountyfltourism.com/userfiles/SW_TDT_Collections_History_with_Monthly_FYTD_Comparisons.xlsx,2026-10-07,0b191d85e519e1371b055e93937490120a2898e6d8358f60962fb16932b1cb03,"Ay, Clerk tablosundaki dönem ayıdır; aylık raporlar bu dönemi bir sonraki ay alınmış olarak veriyor (ör. June 2026, Received during July 2026). Tutar o dönemin vergi oranıyla toplam tahsilattır; yıllar arası karşılaştırma için yuzde2_payi_usd kullanılmalı."
2008-02,FY2008,South Walton,408961.42,204480.71,FY2004-2009 - 4% SW TDT,https://www.waltoncountyfltourism.com/userfiles/SW_TDT_Collections_History_with_Monthly_FYTD_Comparisons.xlsx,2026-10-07,0b191d85e519e1371b055e93937490120a2898e6d8358f60962fb16932b1cb03,"Ay, Clerk tablosundaki dönem ayıdır; aylık raporlar bu dönemi bir sonraki ay alınmış olarak veriyor (ör. June 2026, Received during July 2026). Tutar o dönemin vergi oranıyla toplam tahsilattır; yıllar arası karşılaştırma için yuzde2_payi_usd kullanılmalı."
2008-03,FY2008,South Walton,1002075.96,501035.98,FY2004-2009 - 4% SW TDT,https://www.waltoncountyfltourism.com/userfiles/SW_TDT_Collections_History_with_Monthly_FYTD_Comparisons.xlsx,2026-10-07,0b191d85e519e1371b055e93937490120a2898e6d8358f60962fb16932b1cb03,"Ay, Clerk tablosundaki dönem ayıdır; aylık raporlar bu dönemi bir sonraki ay alınmış olarak veriyor (ör. June 2026, Received during July 2026). Tutar o dönemin vergi oranıyla toplam tahsilattır; yıllar arası karşılaştırma için yuzde2_payi_usd kullanılmalı."
2008-04,FY2008,South Walton,799184.55,399592.28,FY2004-2009 - 4% SW TDT,https://www.waltoncountyfltourism.com/userfiles/SW_TDT_Collections_History_with_Monthly_FYTD_Comparisons.xlsx,2026-10-07,0b191d85e519e1371b055e93937490120a2898e6d8358f60962fb16932b1cb03,"Ay, Clerk tablosundaki dönem ayıdır; aylık raporlar bu dönemi bir sonraki ay alınmış olarak veriyor (ör. June 2026, Received during July 2026). Tutar o dönemin vergi oranıyla toplam tahsilattır; yıllar arası karşılaştırma için yuzde2_payi_usd kullanılmalı."
2008-05,FY2008,South Walton,1199354.50,599677.25,FY2004-2009 - 4% SW TDT,https://www.waltoncountyfltourism.com/userfiles/SW_TDT_Collections_History_with_Monthly_FYTD_Comparisons.xlsx,2026-10-07,0b191d85e519e1371b055e93937490120a2898e6d8358f60962fb16932b1cb03,"Ay, Clerk tablosundaki dönem ayıdır; aylık raporlar bu dönemi bir sonraki ay alınmış olarak veriyor (ör. June 2026, Received during July 2026). Tutar o dönemin vergi oranıyla toplam tahsilattır; yıllar arası karşılaştırma için yuzde2_payi_usd kullanılmalı."
2008-06,FY2008,South Walton,2308761.97,1154380.99,FY2004-2009 - 4% SW TDT,https://www.waltoncountyfltourism.com/userfiles/SW_TDT_Collections_History_with_Monthly_FYTD_Comparisons.xlsx,2026-10-07,0b191d85e519e1371b055e93937490120a2898e6d8358f60962fb16932b1cb03,"Ay, Clerk tablosundaki dönem ayıdır; aylık raporlar bu dönemi bir sonraki ay alınmış olarak veriyor (ör. June 2026, Received during July 2026). Tutar o dönemin vergi oranıyla toplam tahsilattır; yıllar arası karşılaştırma için yuzde2_payi_usd kullanılmalı."
2008-07,FY2008,South Walton,2269966.60,1134983.30,FY2004-2009 - 4% SW TDT,https://www.waltoncountyfltourism.com/userfiles/SW_TDT_Collections_History_with_Monthly_FYTD_Comparisons.xlsx,2026-10-07,0b191d85e519e1371b055e93937490120a2898e6d8358f60962fb16932b1cb03,"Ay, Clerk tablosundaki dönem ayıdır; aylık raporlar bu dönemi bir sonraki ay alınmış olarak veriyor (ör. June 2026, Received during July 2026). Tutar o dönemin vergi oranıyla toplam tahsilattır; yıllar arası karşılaştırma için yuzde2_payi_usd kullanılmalı."
2008-08,FY2008,South Walton,1163703.05,581851.53,FY2004-2009 - 4% SW TDT,https://www.waltoncountyfltourism.com/userfiles/SW_TDT_Collections_History_with_Monthly_FYTD_Comparisons.xlsx,2026-10-07,0b191d85e519e1371b055e93937490120a2898e6d8358f60962fb16932b1cb03,"Ay, Clerk tablosundaki dönem ayıdır; aylık raporlar bu dönemi bir sonraki ay alınmış olarak veriyor (ör. June 2026, Received during July 2026). Tutar o dönemin vergi oranıyla toplam tahsilattır; yıllar arası karşılaştırma için yuzde2_payi_usd kullanılmalı."
2008-09,FY2008,South Walton,788086.00,394043.00,FY2004-2009 - 4% SW TDT,https://www.waltoncountyfltourism.com/userfiles/SW_TDT_Collections_History_with_Monthly_FYTD_Comparisons.xlsx,2026-10-07,0b191d85e519e1371b055e93937490120a2898e6d8358f60962fb16932b1cb03,"Ay, Clerk tablosundaki dönem ayıdır; aylık raporlar bu dönemi bir sonraki ay alınmış olarak veriyor (ör. June 2026, Received during July 2026). Tutar o dönemin vergi oranıyla toplam tahsilattır; yıllar arası karşılaştırma için yuzde2_payi_usd kullanılmalı."
2008-10,FY2009,South Walton,438825.67,219412.84,FY2004-2009 - 4% SW TDT,https://www.waltoncountyfltourism.com/userfiles/SW_TDT_Collections_History_with_Monthly_FYTD_Comparisons.xlsx,2026-10-07,0b191d85e519e1371b055e93937490120a2898e6d8358f60962fb16932b1cb03,"Ay, Clerk tablosundaki dönem ayıdır; aylık raporlar bu dönemi bir sonraki ay alınmış olarak veriyor (ör. June 2026, Received during July 2026). Tutar o dönemin vergi oranıyla toplam tahsilattır; yıllar arası karşılaştırma için yuzde2_payi_usd kullanılmalı."
2008-11,FY2009,South Walton,240311.37,120155.69,FY2004-2009 - 4% SW TDT,https://www.waltoncountyfltourism.com/userfiles/SW_TDT_Collections_History_with_Monthly_FYTD_Comparisons.xlsx,2026-10-07,0b191d85e519e1371b055e93937490120a2898e6d8358f60962fb16932b1cb03,"Ay, Clerk tablosundaki dönem ayıdır; aylık raporlar bu dönemi bir sonraki ay alınmış olarak veriyor (ör. June 2026, Received during July 2026). Tutar o dönemin vergi oranıyla toplam tahsilattır; yıllar arası karşılaştırma için yuzde2_payi_usd kullanılmalı."
2008-12,FY2009,South Walton,241750.58,120875.29,FY2004-2009 - 4% SW TDT,https://www.waltoncountyfltourism.com/userfiles/SW_TDT_Collections_History_with_Monthly_FYTD_Comparisons.xlsx,2026-10-07,0b191d85e519e1371b055e93937490120a2898e6d8358f60962fb16932b1cb03,"Ay, Clerk tablosundaki dönem ayıdır; aylık raporlar bu dönemi bir sonraki ay alınmış olarak veriyor (ör. June 2026, Received during July 2026). Tutar o dönemin vergi oranıyla toplam tahsilattır; yıllar arası karşılaştırma için yuzde2_payi_usd kullanılmalı."
2009-01,FY2009,South Walton,251811.97,125905.99,FY2004-2009 - 4% SW TDT,https://www.waltoncountyfltourism.com/userfiles/SW_TDT_Collections_History_with_Monthly_FYTD_Comparisons.xlsx,2026-10-07,0b191d85e519e1371b055e93937490120a2898e6d8358f60962fb16932b1cb03,"Ay, Clerk tablosundaki dönem ayıdır; aylık raporlar bu dönemi bir sonraki ay alınmış olarak veriyor (ör. June 2026, Received during July 2026). Tutar o dönemin vergi oranıyla toplam tahsilattır; yıllar arası karşılaştırma için yuzde2_payi_usd kullanılmalı."
2009-02,FY2009,South Walton,379449.10,189724.55,FY2004-2009 - 4% SW TDT,https://www.waltoncountyfltourism.com/userfiles/SW_TDT_Collections_History_with_Monthly_FYTD_Comparisons.xlsx,2026-10-07,0b191d85e519e1371b055e93937490120a2898e6d8358f60962fb16932b1cb03,"Ay, Clerk tablosundaki dönem ayıdır; aylık raporlar bu dönemi bir sonraki ay alınmış olarak veriyor (ör. June 2026, Received during July 2026). Tutar o dönemin vergi oranıyla toplam tahsilattır; yıllar arası karşılaştırma için yuzde2_payi_usd kullanılmalı."
2009-03,FY2009,South Walton,785773.78,392886.89,FY2004-2009 - 4% SW TDT,https://www.waltoncountyfltourism.com/userfiles/SW_TDT_Collections_History_with_Monthly_FYTD_Comparisons.xlsx,2026-10-07,0b191d85e519e1371b055e93937490120a2898e6d8358f60962fb16932b1cb03,"Ay, Clerk tablosundaki dönem ayıdır; aylık raporlar bu dönemi bir sonraki ay alınmış olarak veriyor (ör. June 2026, Received during July 2026). Tutar o dönemin vergi oranıyla toplam tahsilattır; yıllar arası karşılaştırma için yuzde2_payi_usd kullanılmalı."
2009-04,FY2009,South Walton,824025.43,412012.72,FY2004-2009 - 4% SW TDT,https://www.waltoncountyfltourism.com/userfiles/SW_TDT_Collections_History_with_Monthly_FYTD_Comparisons.xlsx,2026-10-07,0b191d85e519e1371b055e93937490120a2898e6d8358f60962fb16932b1cb03,"Ay, Clerk tablosundaki dönem ayıdır; aylık raporlar bu dönemi bir sonraki ay alınmış olarak veriyor (ör. June 2026, Received during July 2026). Tutar o dönemin vergi oranıyla toplam tahsilattır; yıllar arası karşılaştırma için yuzde2_payi_usd kullanılmalı."
2009-05,FY2009,South Walton,957306.84,478653.42,FY2004-2009 - 4% SW TDT,https://www.waltoncountyfltourism.com/userfiles/SW_TDT_Collections_History_with_Monthly_FYTD_Comparisons.xlsx,2026-10-07,0b191d85e519e1371b055e93937490120a2898e6d8358f60962fb16932b1cb03,"Ay, Clerk tablosundaki dönem ayıdır; aylık raporlar bu dönemi bir sonraki ay alınmış olarak veriyor (ör. June 2026, Received during July 2026). Tutar o dönemin vergi oranıyla toplam tahsilattır; yıllar arası karşılaştırma için yuzde2_payi_usd kullanılmalı."
2009-06,FY2009,South Walton,2218860.42,1109430.21,FY2004-2009 - 4% SW TDT,https://www.waltoncountyfltourism.com/userfiles/SW_TDT_Collections_History_with_Monthly_FYTD_Comparisons.xlsx,2026-10-07,0b191d85e519e1371b055e93937490120a2898e6d8358f60962fb16932b1cb03,"Ay, Clerk tablosundaki dönem ayıdır; aylık raporlar bu dönemi bir sonraki ay alınmış olarak veriyor (ör. June 2026, Received during July 2026). Tutar o dönemin vergi oranıyla toplam tahsilattır; yıllar arası karşılaştırma için yuzde2_payi_usd kullanılmalı."
2009-07,FY2009,South Walton,2169268.17,1084634.09,FY2004-2009 - 4% SW TDT,https://www.waltoncountyfltourism.com/userfiles/SW_TDT_Collections_History_with_Monthly_FYTD_Comparisons.xlsx,2026-10-07,0b191d85e519e1371b055e93937490120a2898e6d8358f60962fb16932b1cb03,"Ay, Clerk tablosundaki dönem ayıdır; aylık raporlar bu dönemi bir sonraki ay alınmış olarak veriyor (ör. June 2026, Received during July 2026). Tutar o dönemin vergi oranıyla toplam tahsilattır; yıllar arası karşılaştırma için yuzde2_payi_usd kullanılmalı."
2009-08,FY2009,South Walton,1082302.51,541151.26,FY2004-2009 - 4% SW TDT,https://www.waltoncountyfltourism.com/userfiles/SW_TDT_Collections_History_with_Monthly_FYTD_Comparisons.xlsx,2026-10-07,0b191d85e519e1371b055e93937490120a2898e6d8358f60962fb16932b1cb03,"Ay, Clerk tablosundaki dönem ayıdır; aylık raporlar bu dönemi bir sonraki ay alınmış olarak veriyor (ör. June 2026, Received during July 2026). Tutar o dönemin vergi oranıyla toplam tahsilattır; yıllar arası karşılaştırma için yuzde2_payi_usd kullanılmalı."
2009-09,FY2009,South Walton,843418.71,421709.36,FY2004-2009 - 4% SW TDT,https://www.waltoncountyfltourism.com/userfiles/SW_TDT_Collections_History_with_Monthly_FYTD_Comparisons.xlsx,2026-10-07,0b191d85e519e1371b055e93937490120a2898e6d8358f60962fb16932b1cb03,"Ay, Clerk tablosundaki dönem ayıdır; aylık raporlar bu dönemi bir sonraki ay alınmış olarak veriyor (ör. June 2026, Received during July 2026). Tutar o dönemin vergi oranıyla toplam tahsilattır; yıllar arası karşılaştırma için yuzde2_payi_usd kullanılmalı."
2009-10,FY2010,South Walton,478634.31,212726.36,FY2010-2014 - 4.5% SW TDT,https://www.waltoncountyfltourism.com/userfiles/SW_TDT_Collections_History_with_Monthly_FYTD_Comparisons.xlsx,2026-10-07,0b191d85e519e1371b055e93937490120a2898e6d8358f60962fb16932b1cb03,"Ay, Clerk tablosundaki dönem ayıdır; aylık raporlar bu dönemi bir sonraki ay alınmış olarak veriyor (ör. June 2026, Received during July 2026). Tutar o dönemin vergi oranıyla toplam tahsilattır; yıllar arası karşılaştırma için yuzde2_payi_usd kullanılmalı."
2009-11,FY2010,South Walton,310556.26,138025.01,FY2010-2014 - 4.5% SW TDT,https://www.waltoncountyfltourism.com/userfiles/SW_TDT_Collections_History_with_Monthly_FYTD_Comparisons.xlsx,2026-10-07,0b191d85e519e1371b055e93937490120a2898e6d8358f60962fb16932b1cb03,"Ay, Clerk tablosundaki dönem ayıdır; aylık raporlar bu dönemi bir sonraki ay alınmış olarak veriyor (ör. June 2026, Received during July 2026). Tutar o dönemin vergi oranıyla toplam tahsilattır; yıllar arası karşılaştırma için yuzde2_payi_usd kullanılmalı."
2009-12,FY2010,South Walton,281812.33,125249.93,FY2010-2014 - 4.5% SW TDT,https://www.waltoncountyfltourism.com/userfiles/SW_TDT_Collections_History_with_Monthly_FYTD_Comparisons.xlsx,2026-10-07,0b191d85e519e1371b055e93937490120a2898e6d8358f60962fb16932b1cb03,"Ay, Clerk tablosundaki dönem ayıdır; aylık raporlar bu dönemi bir sonraki ay alınmış olarak veriyor (ör. June 2026, Received during July 2026). Tutar o dönemin vergi oranıyla toplam tahsilattır; yıllar arası karşılaştırma için yuzde2_payi_usd kullanılmalı."
2010-01,FY2010,South Walton,290607.46,129158.87,FY2010-2014 - 4.5% SW TDT,https://www.waltoncountyfltourism.com/userfiles/SW_TDT_Collections_History_with_Monthly_FYTD_Comparisons.xlsx,2026-10-07,0b191d85e519e1371b055e93937490120a2898e6d8358f60962fb16932b1cb03,"Ay, Clerk tablosundaki dönem ayıdır; aylık raporlar bu dönemi bir sonraki ay alınmış olarak veriyor (ör. June 2026, Received during July 2026). Tutar o dönemin vergi oranıyla toplam tahsilattır; yıllar arası karşılaştırma için yuzde2_payi_usd kullanılmalı."
2010-02,FY2010,South Walton,393995.30,175109.02,FY2010-2014 - 4.5% SW TDT,https://www.waltoncountyfltourism.com/userfiles/SW_TDT_Collections_History_with_Monthly_FYTD_Comparisons.xlsx,2026-10-07,0b191d85e519e1371b055e93937490120a2898e6d8358f60962fb16932b1cb03,"Ay, Clerk tablosundaki dönem ayıdır; aylık raporlar bu dönemi bir sonraki ay alınmış olarak veriyor (ör. June 2026, Received during July 2026). Tutar o dönemin vergi oranıyla toplam tahsilattır; yıllar arası karşılaştırma için yuzde2_payi_usd kullanılmalı."
2010-03,FY2010,South Walton,933245.82,414775.92,FY2010-2014 - 4.5% SW TDT,https://www.waltoncountyfltourism.com/userfiles/SW_TDT_Collections_History_with_Monthly_FYTD_Comparisons.xlsx,2026-10-07,0b191d85e519e1371b055e93937490120a2898e6d8358f60962fb16932b1cb03,"Ay, Clerk tablosundaki dönem ayıdır; aylık raporlar bu dönemi bir sonraki ay alınmış olarak veriyor (ör. June 2026, Received during July 2026). Tutar o dönemin vergi oranıyla toplam tahsilattır; yıllar arası karşılaştırma için yuzde2_payi_usd kullanılmalı."
2010-04,FY2010,South Walton,940971.71,418209.65,FY2010-2014 - 4.5% SW TDT,https://www.waltoncountyfltourism.com/userfiles/SW_TDT_Collections_History_with_Monthly_FYTD_Comparisons.xlsx,2026-10-07,0b191d85e519e1371b055e93937490120a2898e6d8358f60962fb16932b1cb03,"Ay, Clerk tablosundaki dönem ayıdır; aylık raporlar bu dönemi bir sonraki ay alınmış olarak veriyor (ör. June 2026, Received during July 2026). Tutar o dönemin vergi oranıyla toplam tahsilattır; yıllar arası karşılaştırma için yuzde2_payi_usd kullanılmalı."
2010-05,FY2010,South Walton,1118312.06,497027.58,FY2010-2014 - 4.5% SW TDT,https://www.waltoncountyfltourism.com/userfiles/SW_TDT_Collections_History_with_Monthly_FYTD_Comparisons.xlsx,2026-10-07,0b191d85e519e1371b055e93937490120a2898e6d8358f60962fb16932b1cb03,"Ay, Clerk tablosundaki dönem ayıdır; aylık raporlar bu dönemi bir sonraki ay alınmış olarak veriyor (ör. June 2026, Received during July 2026). Tutar o dönemin vergi oranıyla toplam tahsilattır; yıllar arası karşılaştırma için yuzde2_payi_usd kullanılmalı."
2010-06,FY2010,South Walton,2322165.02,1032073.34,FY2010-2014 - 4.5% SW TDT,https://www.waltoncountyfltourism.com/userfiles/SW_TDT_Collections_History_with_Monthly_FYTD_Comparisons.xlsx,2026-10-07,0b191d85e519e1371b055e93937490120a2898e6d8358f60962fb16932b1cb03,"Ay, Clerk tablosundaki dönem ayıdır; aylık raporlar bu dönemi bir sonraki ay alınmış olarak veriyor (ör. June 2026, Received during July 2026). Tutar o dönemin vergi oranıyla toplam tahsilattır; yıllar arası karşılaştırma için yuzde2_payi_usd kullanılmalı."
2010-07,FY2010,South Walton,1949569.26,866475.23,FY2010-2014 - 4.5% SW TDT,https://www.waltoncountyfltourism.com/userfiles/SW_TDT_Collections_History_with_Monthly_FYTD_Comparisons.xlsx,2026-10-07,0b191d85e519e1371b055e93937490120a2898e6d8358f60962fb16932b1cb03,"Ay, Clerk tablosundaki dönem ayıdır; aylık raporlar bu dönemi bir sonraki ay alınmış olarak veriyor (ör. June 2026, Received during July 2026). Tutar o dönemin vergi oranıyla toplam tahsilattır; yıllar arası karşılaştırma için yuzde2_payi_usd kullanılmalı."
2010-08,FY2010,South Walton,870330.88,386813.73,FY2010-2014 - 4.5% SW TDT,https://www.waltoncountyfltourism.com/userfiles/SW_TDT_Collections_History_with_Monthly_FYTD_Comparisons.xlsx,2026-10-07,0b191d85e519e1371b055e93937490120a2898e6d8358f60962fb16932b1cb03,"Ay, Clerk tablosundaki dönem ayıdır; aylık raporlar bu dönemi bir sonraki ay alınmış olarak veriyor (ör. June 2026, Received during July 2026). Tutar o dönemin vergi oranıyla toplam tahsilattır; yıllar arası karşılaştırma için yuzde2_payi_usd kullanılmalı."
2010-09,FY2010,South Walton,863959.41,383981.96,FY2010-2014 - 4.5% SW TDT,https://www.waltoncountyfltourism.com/userfiles/SW_TDT_Collections_History_with_Monthly_FYTD_Comparisons.xlsx,2026-10-07,0b191d85e519e1371b055e93937490120a2898e6d8358f60962fb16932b1cb03,"Ay, Clerk tablosundaki dönem ayıdır; aylık raporlar bu dönemi bir sonraki ay alınmış olarak veriyor (ör. June 2026, Received during July 2026). Tutar o dönemin vergi oranıyla toplam tahsilattır; yıllar arası karşılaştırma için yuzde2_payi_usd kullanılmalı."
2010-10,FY2011,South Walton,475663.41,211405.96,FY2010-2014 - 4.5% SW TDT,https://www.waltoncountyfltourism.com/userfiles/SW_TDT_Collections_History_with_Monthly_FYTD_Comparisons.xlsx,2026-10-07,0b191d85e519e1371b055e93937490120a2898e6d8358f60962fb16932b1cb03,"Ay, Clerk tablosundaki dönem ayıdır; aylık raporlar bu dönemi bir sonraki ay alınmış olarak veriyor (ör. June 2026, Received during July 2026). Tutar o dönemin vergi oranıyla toplam tahsilattır; yıllar arası karşılaştırma için yuzde2_payi_usd kullanılmalı."
2010-11,FY2011,South Walton,277153.72,123179.43,FY2010-2014 - 4.5% SW TDT,https://www.waltoncountyfltourism.com/userfiles/SW_TDT_Collections_History_with_Monthly_FYTD_Comparisons.xlsx,2026-10-07,0b191d85e519e1371b055e93937490120a2898e6d8358f60962fb16932b1cb03,"Ay, Clerk tablosundaki dönem ayıdır; aylık raporlar bu dönemi bir sonraki ay alınmış olarak veriyor (ör. June 2026, Received during July 2026). Tutar o dönemin vergi oranıyla toplam tahsilattır; yıllar arası karşılaştırma için yuzde2_payi_usd kullanılmalı."
2010-12,FY2011,South Walton,345643.29,153619.24,FY2010-2014 - 4.5% SW TDT,https://www.waltoncountyfltourism.com/userfiles/SW_TDT_Collections_History_with_Monthly_FYTD_Comparisons.xlsx,2026-10-07,0b191d85e519e1371b055e93937490120a2898e6d8358f60962fb16932b1cb03,"Ay, Clerk tablosundaki dönem ayıdır; aylık raporlar bu dönemi bir sonraki ay alınmış olarak veriyor (ör. June 2026, Received during July 2026). Tutar o dönemin vergi oranıyla toplam tahsilattır; yıllar arası karşılaştırma için yuzde2_payi_usd kullanılmalı."
2011-01,FY2011,South Walton,294736.65,130994.07,FY2010-2014 - 4.5% SW TDT,https://www.waltoncountyfltourism.com/userfiles/SW_TDT_Collections_History_with_Monthly_FYTD_Comparisons.xlsx,2026-10-07,0b191d85e519e1371b055e93937490120a2898e6d8358f60962fb16932b1cb03,"Ay, Clerk tablosundaki dönem ayıdır; aylık raporlar bu dönemi bir sonraki ay alınmış olarak veriyor (ör. June 2026, Received during July 2026). Tutar o dönemin vergi oranıyla toplam tahsilattır; yıllar arası karşılaştırma için yuzde2_payi_usd kullanılmalı."
2011-02,FY2011,South Walton,360948.87,160421.72,FY2010-2014 - 4.5% SW TDT,https://www.waltoncountyfltourism.com/userfiles/SW_TDT_Collections_History_with_Monthly_FYTD_Comparisons.xlsx,2026-10-07,0b191d85e519e1371b055e93937490120a2898e6d8358f60962fb16932b1cb03,"Ay, Clerk tablosundaki dönem ayıdır; aylık raporlar bu dönemi bir sonraki ay alınmış olarak veriyor (ör. June 2026, Received during July 2026). Tutar o dönemin vergi oranıyla toplam tahsilattır; yıllar arası karşılaştırma için yuzde2_payi_usd kullanılmalı."
2011-03,FY2011,South Walton,1112555.34,494469.04,FY2010-2014 - 4.5% SW TDT,https://www.waltoncountyfltourism.com/userfiles/SW_TDT_Collections_History_with_Monthly_FYTD_Comparisons.xlsx,2026-10-07,0b191d85e519e1371b055e93937490120a2898e6d8358f60962fb16932b1cb03,"Ay, Clerk tablosundaki dönem ayıdır; aylık raporlar bu dönemi bir sonraki ay alınmış olarak veriyor (ör. June 2026, Received during July 2026). Tutar o dönemin vergi oranıyla toplam tahsilattır; yıllar arası karşılaştırma için yuzde2_payi_usd kullanılmalı."
2011-04,FY2011,South Walton,1118335.23,497037.88,FY2010-2014 - 4.5% SW TDT,https://www.waltoncountyfltourism.com/userfiles/SW_TDT_Collections_History_with_Monthly_FYTD_Comparisons.xlsx,2026-10-07,0b191d85e519e1371b055e93937490120a2898e6d8358f60962fb16932b1cb03,"Ay, Clerk tablosundaki dönem ayıdır; aylık raporlar bu dönemi bir sonraki ay alınmış olarak veriyor (ör. June 2026, Received during July 2026). Tutar o dönemin vergi oranıyla toplam tahsilattır; yıllar arası karşılaştırma için yuzde2_payi_usd kullanılmalı."
2011-05,FY2011,South Walton,1287529.80,572235.47,FY2010-2014 - 4.5% SW TDT,https://www.waltoncountyfltourism.com/userfiles/SW_TDT_Collections_History_with_Monthly_FYTD_Comparisons.xlsx,2026-10-07,0b191d85e519e1371b055e93937490120a2898e6d8358f60962fb16932b1cb03,"Ay, Clerk tablosundaki dönem ayıdır; aylık raporlar bu dönemi bir sonraki ay alınmış olarak veriyor (ör. June 2026, Received during July 2026). Tutar o dönemin vergi oranıyla toplam tahsilattır; yıllar arası karşılaştırma için yuzde2_payi_usd kullanılmalı."
2011-06,FY2011,South Walton,2898641.39,1288285.06,FY2010-2014 - 4.5% SW TDT,https://www.waltoncountyfltourism.com/userfiles/SW_TDT_Collections_History_with_Monthly_FYTD_Comparisons.xlsx,2026-10-07,0b191d85e519e1371b055e93937490120a2898e6d8358f60962fb16932b1cb03,"Ay, Clerk tablosundaki dönem ayıdır; aylık raporlar bu dönemi bir sonraki ay alınmış olarak veriyor (ör. June 2026, Received during July 2026). Tutar o dönemin vergi oranıyla toplam tahsilattır; yıllar arası karşılaştırma için yuzde2_payi_usd kullanılmalı."
2011-07,FY2011,South Walton,2990099.67,1328933.19,FY2010-2014 - 4.5% SW TDT,https://www.waltoncountyfltourism.com/userfiles/SW_TDT_Collections_History_with_Monthly_FYTD_Comparisons.xlsx,2026-10-07,0b191d85e519e1371b055e93937490120a2898e6d8358f60962fb16932b1cb03,"Ay, Clerk tablosundaki dönem ayıdır; aylık raporlar bu dönemi bir sonraki ay alınmış olarak veriyor (ör. June 2026, Received during July 2026). Tutar o dönemin vergi oranıyla toplam tahsilattır; yıllar arası karşılaştırma için yuzde2_payi_usd kullanılmalı."
2011-08,FY2011,South Walton,1267835.80,633917.90,FY2010-2014 - 4.5% SW TDT,https://www.waltoncountyfltourism.com/userfiles/SW_TDT_Collections_History_with_Monthly_FYTD_Comparisons.xlsx,2026-10-07,0b191d85e519e1371b055e93937490120a2898e6d8358f60962fb16932b1cb03,"Ay, Clerk tablosundaki dönem ayıdır; aylık raporlar bu dönemi bir sonraki ay alınmış olarak veriyor (ör. June 2026, Received during July 2026). Tutar o dönemin vergi oranıyla toplam tahsilattır; yıllar arası karşılaştırma için yuzde2_payi_usd kullanılmalı."
2011-09,FY2011,South Walton,1305456.66,597104.03,FY2010-2014 - 4.5% SW TDT,https://www.waltoncountyfltourism.com/userfiles/SW_TDT_Collections_History_with_Monthly_FYTD_Comparisons.xlsx,2026-10-07,0b191d85e519e1371b055e93937490120a2898e6d8358f60962fb16932b1cb03,"Ay, Clerk tablosundaki dönem ayıdır; aylık raporlar bu dönemi bir sonraki ay alınmış olarak veriyor (ör. June 2026, Received during July 2026). Tutar o dönemin vergi oranıyla toplam tahsilattır; yıllar arası karşılaştırma için yuzde2_payi_usd kullanılmalı."
2011-10,FY2012,South Walton,678760.77,301671.45,FY2010-2014 - 4.5% SW TDT,https://www.waltoncountyfltourism.com/userfiles/SW_TDT_Collections_History_with_Monthly_FYTD_Comparisons.xlsx,2026-10-07,0b191d85e519e1371b055e93937490120a2898e6d8358f60962fb16932b1cb03,"Ay, Clerk tablosundaki dönem ayıdır; aylık raporlar bu dönemi bir sonraki ay alınmış olarak veriyor (ör. June 2026, Received during July 2026). Tutar o dönemin vergi oranıyla toplam tahsilattır; yıllar arası karşılaştırma için yuzde2_payi_usd kullanılmalı."
2011-11,FY2012,South Walton,395333.60,175703.82,FY2010-2014 - 4.5% SW TDT,https://www.waltoncountyfltourism.com/userfiles/SW_TDT_Collections_History_with_Monthly_FYTD_Comparisons.xlsx,2026-10-07,0b191d85e519e1371b055e93937490120a2898e6d8358f60962fb16932b1cb03,"Ay, Clerk tablosundaki dönem ayıdır; aylık raporlar bu dönemi bir sonraki ay alınmış olarak veriyor (ör. June 2026, Received during July 2026). Tutar o dönemin vergi oranıyla toplam tahsilattır; yıllar arası karşılaştırma için yuzde2_payi_usd kullanılmalı."
2011-12,FY2012,South Walton,394492.62,175330.05,FY2010-2014 - 4.5% SW TDT,https://www.waltoncountyfltourism.com/userfiles/SW_TDT_Collections_History_with_Monthly_FYTD_Comparisons.xlsx,2026-10-07,0b191d85e519e1371b055e93937490120a2898e6d8358f60962fb16932b1cb03,"Ay, Clerk tablosundaki dönem ayıdır; aylık raporlar bu dönemi bir sonraki ay alınmış olarak veriyor (ör. June 2026, Received during July 2026). Tutar o dönemin vergi oranıyla toplam tahsilattır; yıllar arası karşılaştırma için yuzde2_payi_usd kullanılmalı."
2012-01,FY2012,South Walton,331879.99,147502.22,FY2010-2014 - 4.5% SW TDT,https://www.waltoncountyfltourism.com/userfiles/SW_TDT_Collections_History_with_Monthly_FYTD_Comparisons.xlsx,2026-10-07,0b191d85e519e1371b055e93937490120a2898e6d8358f60962fb16932b1cb03,"Ay, Clerk tablosundaki dönem ayıdır; aylık raporlar bu dönemi bir sonraki ay alınmış olarak veriyor (ör. June 2026, Received during July 2026). Tutar o dönemin vergi oranıyla toplam tahsilattır; yıllar arası karşılaştırma için yuzde2_payi_usd kullanılmalı."
2012-02,FY2012,South Walton,444324.63,197477.61,FY2010-2014 - 4.5% SW TDT,https://www.waltoncountyfltourism.com/userfiles/SW_TDT_Collections_History_with_Monthly_FYTD_Comparisons.xlsx,2026-10-07,0b191d85e519e1371b055e93937490120a2898e6d8358f60962fb16932b1cb03,"Ay, Clerk tablosundaki dönem ayıdır; aylık raporlar bu dönemi bir sonraki ay alınmış olarak veriyor (ör. June 2026, Received during July 2026). Tutar o dönemin vergi oranıyla toplam tahsilattır; yıllar arası karşılaştırma için yuzde2_payi_usd kullanılmalı."
2012-03,FY2012,South Walton,1485572.03,660254.23,FY2010-2014 - 4.5% SW TDT,https://www.waltoncountyfltourism.com/userfiles/SW_TDT_Collections_History_with_Monthly_FYTD_Comparisons.xlsx,2026-10-07,0b191d85e519e1371b055e93937490120a2898e6d8358f60962fb16932b1cb03,"Ay, Clerk tablosundaki dönem ayıdır; aylık raporlar bu dönemi bir sonraki ay alınmış olarak veriyor (ör. June 2026, Received during July 2026). Tutar o dönemin vergi oranıyla toplam tahsilattır; yıllar arası karşılaştırma için yuzde2_payi_usd kullanılmalı."
2012-04,FY2012,South Walton,1310487.57,582438.92,FY2010-2014 - 4.5% SW TDT,https://www.waltoncountyfltourism.com/userfiles/SW_TDT_Collections_History_with_Monthly_FYTD_Comparisons.xlsx,2026-10-07,0b191d85e519e1371b055e93937490120a2898e6d8358f60962fb16932b1cb03,"Ay, Clerk tablosundaki dönem ayıdır; aylık raporlar bu dönemi bir sonraki ay alınmış olarak veriyor (ör. June 2026, Received during July 2026). Tutar o dönemin vergi oranıyla toplam tahsilattır; yıllar arası karşılaştırma için yuzde2_payi_usd kullanılmalı."
2012-05,FY2012,South Walton,1554346.56,690820.69,FY2010-2014 - 4.5% SW TDT,https://www.waltoncountyfltourism.com/userfiles/SW_TDT_Collections_History_with_Monthly_FYTD_Comparisons.xlsx,2026-10-07,0b191d85e519e1371b055e93937490120a2898e6d8358f60962fb16932b1cb03,"Ay, Clerk tablosundaki dönem ayıdır; aylık raporlar bu dönemi bir sonraki ay alınmış olarak veriyor (ör. June 2026, Received during July 2026). Tutar o dönemin vergi oranıyla toplam tahsilattır; yıllar arası karşılaştırma için yuzde2_payi_usd kullanılmalı."
2012-06,FY2012,South Walton,3600040.72,1600018.10,FY2010-2014 - 4.5% SW TDT,https://www.waltoncountyfltourism.com/userfiles/SW_TDT_Collections_History_with_Monthly_FYTD_Comparisons.xlsx,2026-10-07,0b191d85e519e1371b055e93937490120a2898e6d8358f60962fb16932b1cb03,"Ay, Clerk tablosundaki dönem ayıdır; aylık raporlar bu dönemi bir sonraki ay alınmış olarak veriyor (ör. June 2026, Received during July 2026). Tutar o dönemin vergi oranıyla toplam tahsilattır; yıllar arası karşılaştırma için yuzde2_payi_usd kullanılmalı."
2012-07,FY2012,South Walton,3197154.72,1420957.65,FY2010-2014 - 4.5% SW TDT,https://www.waltoncountyfltourism.com/userfiles/SW_TDT_Collections_History_with_Monthly_FYTD_Comparisons.xlsx,2026-10-07,0b191d85e519e1371b055e93937490120a2898e6d8358f60962fb16932b1cb03,"Ay, Clerk tablosundaki dönem ayıdır; aylık raporlar bu dönemi bir sonraki ay alınmış olarak veriyor (ör. June 2026, Received during July 2026). Tutar o dönemin vergi oranıyla toplam tahsilattır; yıllar arası karşılaştırma için yuzde2_payi_usd kullanılmalı."
2012-08,FY2012,South Walton,1607221.80,714320.80,FY2010-2014 - 4.5% SW TDT,https://www.waltoncountyfltourism.com/userfiles/SW_TDT_Collections_History_with_Monthly_FYTD_Comparisons.xlsx,2026-10-07,0b191d85e519e1371b055e93937490120a2898e6d8358f60962fb16932b1cb03,"Ay, Clerk tablosundaki dönem ayıdır; aylık raporlar bu dönemi bir sonraki ay alınmış olarak veriyor (ör. June 2026, Received during July 2026). Tutar o dönemin vergi oranıyla toplam tahsilattır; yıllar arası karşılaştırma için yuzde2_payi_usd kullanılmalı."
2012-09,FY2012,South Walton,1492009.29,663115.24,FY2010-2014 - 4.5% SW TDT,https://www.waltoncountyfltourism.com/userfiles/SW_TDT_Collections_History_with_Monthly_FYTD_Comparisons.xlsx,2026-10-07,0b191d85e519e1371b055e93937490120a2898e6d8358f60962fb16932b1cb03,"Ay, Clerk tablosundaki dönem ayıdır; aylık raporlar bu dönemi bir sonraki ay alınmış olarak veriyor (ör. June 2026, Received during July 2026). Tutar o dönemin vergi oranıyla toplam tahsilattır; yıllar arası karşılaştırma için yuzde2_payi_usd kullanılmalı."
2012-10,FY2013,South Walton,831868.69,369719.42,FY2010-2014 - 4.5% SW TDT,https://www.waltoncountyfltourism.com/userfiles/SW_TDT_Collections_History_with_Monthly_FYTD_Comparisons.xlsx,2026-10-07,0b191d85e519e1371b055e93937490120a2898e6d8358f60962fb16932b1cb03,"Ay, Clerk tablosundaki dönem ayıdır; aylık raporlar bu dönemi bir sonraki ay alınmış olarak veriyor (ör. June 2026, Received during July 2026). Tutar o dönemin vergi oranıyla toplam tahsilattır; yıllar arası karşılaştırma için yuzde2_payi_usd kullanılmalı."
2012-11,FY2013,South Walton,445093.07,197819.14,FY2010-2014 - 4.5% SW TDT,https://www.waltoncountyfltourism.com/userfiles/SW_TDT_Collections_History_with_Monthly_FYTD_Comparisons.xlsx,2026-10-07,0b191d85e519e1371b055e93937490120a2898e6d8358f60962fb16932b1cb03,"Ay, Clerk tablosundaki dönem ayıdır; aylık raporlar bu dönemi bir sonraki ay alınmış olarak veriyor (ör. June 2026, Received during July 2026). Tutar o dönemin vergi oranıyla toplam tahsilattır; yıllar arası karşılaştırma için yuzde2_payi_usd kullanılmalı."
2012-12,FY2013,South Walton,466557.96,207359.09,FY2010-2014 - 4.5% SW TDT,https://www.waltoncountyfltourism.com/userfiles/SW_TDT_Collections_History_with_Monthly_FYTD_Comparisons.xlsx,2026-10-07,0b191d85e519e1371b055e93937490120a2898e6d8358f60962fb16932b1cb03,"Ay, Clerk tablosundaki dönem ayıdır; aylık raporlar bu dönemi bir sonraki ay alınmış olarak veriyor (ör. June 2026, Received during July 2026). Tutar o dönemin vergi oranıyla toplam tahsilattır; yıllar arası karşılaştırma için yuzde2_payi_usd kullanılmalı."
2013-01,FY2013,South Walton,351500.54,156222.46,FY2010-2014 - 4.5% SW TDT,https://www.waltoncountyfltourism.com/userfiles/SW_TDT_Collections_History_with_Monthly_FYTD_Comparisons.xlsx,2026-10-07,0b191d85e519e1371b055e93937490120a2898e6d8358f60962fb16932b1cb03,"Ay, Clerk tablosundaki dönem ayıdır; aylık raporlar bu dönemi bir sonraki ay alınmış olarak veriyor (ör. June 2026, Received during July 2026). Tutar o dönemin vergi oranıyla toplam tahsilattır; yıllar arası karşılaştırma için yuzde2_payi_usd kullanılmalı."
2013-02,FY2013,South Walton,455307.12,202358.72,FY2010-2014 - 4.5% SW TDT,https://www.waltoncountyfltourism.com/userfiles/SW_TDT_Collections_History_with_Monthly_FYTD_Comparisons.xlsx,2026-10-07,0b191d85e519e1371b055e93937490120a2898e6d8358f60962fb16932b1cb03,"Ay, Clerk tablosundaki dönem ayıdır; aylık raporlar bu dönemi bir sonraki ay alınmış olarak veriyor (ör. June 2026, Received during July 2026). Tutar o dönemin vergi oranıyla toplam tahsilattır; yıllar arası karşılaştırma için yuzde2_payi_usd kullanılmalı."
2013-03,FY2013,South Walton,1967695.14,874531.17,FY2010-2014 - 4.5% SW TDT,https://www.waltoncountyfltourism.com/userfiles/SW_TDT_Collections_History_with_Monthly_FYTD_Comparisons.xlsx,2026-10-07,0b191d85e519e1371b055e93937490120a2898e6d8358f60962fb16932b1cb03,"Ay, Clerk tablosundaki dönem ayıdır; aylık raporlar bu dönemi bir sonraki ay alınmış olarak veriyor (ör. June 2026, Received during July 2026). Tutar o dönemin vergi oranıyla toplam tahsilattır; yıllar arası karşılaştırma için yuzde2_payi_usd kullanılmalı."
2013-04,FY2013,South Walton,1198460.09,532648.93,FY2010-2014 - 4.5% SW TDT,https://www.waltoncountyfltourism.com/userfiles/SW_TDT_Collections_History_with_Monthly_FYTD_Comparisons.xlsx,2026-10-07,0b191d85e519e1371b055e93937490120a2898e6d8358f60962fb16932b1cb03,"Ay, Clerk tablosundaki dönem ayıdır; aylık raporlar bu dönemi bir sonraki ay alınmış olarak veriyor (ör. June 2026, Received during July 2026). Tutar o dönemin vergi oranıyla toplam tahsilattır; yıllar arası karşılaştırma için yuzde2_payi_usd kullanılmalı."
2013-05,FY2013,South Walton,1707055.30,758691.24,FY2010-2014 - 4.5% SW TDT,https://www.waltoncountyfltourism.com/userfiles/SW_TDT_Collections_History_with_Monthly_FYTD_Comparisons.xlsx,2026-10-07,0b191d85e519e1371b055e93937490120a2898e6d8358f60962fb16932b1cb03,"Ay, Clerk tablosundaki dönem ayıdır; aylık raporlar bu dönemi bir sonraki ay alınmış olarak veriyor (ör. June 2026, Received during July 2026). Tutar o dönemin vergi oranıyla toplam tahsilattır; yıllar arası karşılaştırma için yuzde2_payi_usd kullanılmalı."
2013-06,FY2013,South Walton,3929600.06,1746488.92,FY2010-2014 - 4.5% SW TDT,https://www.waltoncountyfltourism.com/userfiles/SW_TDT_Collections_History_with_Monthly_FYTD_Comparisons.xlsx,2026-10-07,0b191d85e519e1371b055e93937490120a2898e6d8358f60962fb16932b1cb03,"Ay, Clerk tablosundaki dönem ayıdır; aylık raporlar bu dönemi bir sonraki ay alınmış olarak veriyor (ör. June 2026, Received during July 2026). Tutar o dönemin vergi oranıyla toplam tahsilattır; yıllar arası karşılaştırma için yuzde2_payi_usd kullanılmalı."
2013-07,FY2013,South Walton,3508710.45,1559426.87,FY2010-2014 - 4.5% SW TDT,https://www.waltoncountyfltourism.com/userfiles/SW_TDT_Collections_History_with_Monthly_FYTD_Comparisons.xlsx,2026-10-07,0b191d85e519e1371b055e93937490120a2898e6d8358f60962fb16932b1cb03,"Ay, Clerk tablosundaki dönem ayıdır; aylık raporlar bu dönemi bir sonraki ay alınmış olarak veriyor (ör. June 2026, Received during July 2026). Tutar o dönemin vergi oranıyla toplam tahsilattır; yıllar arası karşılaştırma için yuzde2_payi_usd kullanılmalı."
2013-08,FY2013,South Walton,2046135.39,909393.51,FY2010-2014 - 4.5% SW TDT,https://www.waltoncountyfltourism.com/userfiles/SW_TDT_Collections_History_with_Monthly_FYTD_Comparisons.xlsx,2026-10-07,0b191d85e519e1371b055e93937490120a2898e6d8358f60962fb16932b1cb03,"Ay, Clerk tablosundaki dönem ayıdır; aylık raporlar bu dönemi bir sonraki ay alınmış olarak veriyor (ör. June 2026, Received during July 2026). Tutar o dönemin vergi oranıyla toplam tahsilattır; yıllar arası karşılaştırma için yuzde2_payi_usd kullanılmalı."
2013-09,FY2013,South Walton,1680158.49,746737.11,FY2010-2014 - 4.5% SW TDT,https://www.waltoncountyfltourism.com/userfiles/SW_TDT_Collections_History_with_Monthly_FYTD_Comparisons.xlsx,2026-10-07,0b191d85e519e1371b055e93937490120a2898e6d8358f60962fb16932b1cb03,"Ay, Clerk tablosundaki dönem ayıdır; aylık raporlar bu dönemi bir sonraki ay alınmış olarak veriyor (ör. June 2026, Received during July 2026). Tutar o dönemin vergi oranıyla toplam tahsilattır; yıllar arası karşılaştırma için yuzde2_payi_usd kullanılmalı."
2013-10,FY2014,South Walton,855362.01,380160.89,FY2010-2014 - 4.5% SW TDT,https://www.waltoncountyfltourism.com/userfiles/SW_TDT_Collections_History_with_Monthly_FYTD_Comparisons.xlsx,2026-10-07,0b191d85e519e1371b055e93937490120a2898e6d8358f60962fb16932b1cb03,"Ay, Clerk tablosundaki dönem ayıdır; aylık raporlar bu dönemi bir sonraki ay alınmış olarak veriyor (ör. June 2026, Received during July 2026). Tutar o dönemin vergi oranıyla toplam tahsilattır; yıllar arası karşılaştırma için yuzde2_payi_usd kullanılmalı."
2013-11,FY2014,South Walton,421413.43,187294.86,FY2010-2014 - 4.5% SW TDT,https://www.waltoncountyfltourism.com/userfiles/SW_TDT_Collections_History_with_Monthly_FYTD_Comparisons.xlsx,2026-10-07,0b191d85e519e1371b055e93937490120a2898e6d8358f60962fb16932b1cb03,"Ay, Clerk tablosundaki dönem ayıdır; aylık raporlar bu dönemi bir sonraki ay alınmış olarak veriyor (ör. June 2026, Received during July 2026). Tutar o dönemin vergi oranıyla toplam tahsilattır; yıllar arası karşılaştırma için yuzde2_payi_usd kullanılmalı."
2013-12,FY2014,South Walton,491948.67,218643.85,FY2010-2014 - 4.5% SW TDT,https://www.waltoncountyfltourism.com/userfiles/SW_TDT_Collections_History_with_Monthly_FYTD_Comparisons.xlsx,2026-10-07,0b191d85e519e1371b055e93937490120a2898e6d8358f60962fb16932b1cb03,"Ay, Clerk tablosundaki dönem ayıdır; aylık raporlar bu dönemi bir sonraki ay alınmış olarak veriyor (ör. June 2026, Received during July 2026). Tutar o dönemin vergi oranıyla toplam tahsilattır; yıllar arası karşılaştırma için yuzde2_payi_usd kullanılmalı."
2014-01,FY2014,South Walton,366589.00,162928.44,FY2010-2014 - 4.5% SW TDT,https://www.waltoncountyfltourism.com/userfiles/SW_TDT_Collections_History_with_Monthly_FYTD_Comparisons.xlsx,2026-10-07,0b191d85e519e1371b055e93937490120a2898e6d8358f60962fb16932b1cb03,"Ay, Clerk tablosundaki dönem ayıdır; aylık raporlar bu dönemi bir sonraki ay alınmış olarak veriyor (ör. June 2026, Received during July 2026). Tutar o dönemin vergi oranıyla toplam tahsilattır; yıllar arası karşılaştırma için yuzde2_payi_usd kullanılmalı."
2014-02,FY2014,South Walton,468038.65,208017.18,FY2010-2014 - 4.5% SW TDT,https://www.waltoncountyfltourism.com/userfiles/SW_TDT_Collections_History_with_Monthly_FYTD_Comparisons.xlsx,2026-10-07,0b191d85e519e1371b055e93937490120a2898e6d8358f60962fb16932b1cb03,"Ay, Clerk tablosundaki dönem ayıdır; aylık raporlar bu dönemi bir sonraki ay alınmış olarak veriyor (ör. June 2026, Received during July 2026). Tutar o dönemin vergi oranıyla toplam tahsilattır; yıllar arası karşılaştırma için yuzde2_payi_usd kullanılmalı."
2014-03,FY2014,South Walton,1704960.75,757760.33,FY2010-2014 - 4.5% SW TDT,https://www.waltoncountyfltourism.com/userfiles/SW_TDT_Collections_History_with_Monthly_FYTD_Comparisons.xlsx,2026-10-07,0b191d85e519e1371b055e93937490120a2898e6d8358f60962fb16932b1cb03,"Ay, Clerk tablosundaki dönem ayıdır; aylık raporlar bu dönemi bir sonraki ay alınmış olarak veriyor (ör. June 2026, Received during July 2026). Tutar o dönemin vergi oranıyla toplam tahsilattır; yıllar arası karşılaştırma için yuzde2_payi_usd kullanılmalı."
2014-04,FY2014,South Walton,1444801.11,642133.83,FY2010-2014 - 4.5% SW TDT,https://www.waltoncountyfltourism.com/userfiles/SW_TDT_Collections_History_with_Monthly_FYTD_Comparisons.xlsx,2026-10-07,0b191d85e519e1371b055e93937490120a2898e6d8358f60962fb16932b1cb03,"Ay, Clerk tablosundaki dönem ayıdır; aylık raporlar bu dönemi bir sonraki ay alınmış olarak veriyor (ör. June 2026, Received during July 2026). Tutar o dönemin vergi oranıyla toplam tahsilattır; yıllar arası karşılaştırma için yuzde2_payi_usd kullanılmalı."
2014-05,FY2014,South Walton,1978112.41,879161.07,FY2010-2014 - 4.5% SW TDT,https://www.waltoncountyfltourism.com/userfiles/SW_TDT_Collections_History_with_Monthly_FYTD_Comparisons.xlsx,2026-10-07,0b191d85e519e1371b055e93937490120a2898e6d8358f60962fb16932b1cb03,"Ay, Clerk tablosundaki dönem ayıdır; aylık raporlar bu dönemi bir sonraki ay alınmış olarak veriyor (ör. June 2026, Received during July 2026). Tutar o dönemin vergi oranıyla toplam tahsilattır; yıllar arası karşılaştırma için yuzde2_payi_usd kullanılmalı."
2014-06,FY2014,South Walton,4133207.21,1836980.98,FY2010-2014 - 4.5% SW TDT,https://www.waltoncountyfltourism.com/userfiles/SW_TDT_Collections_History_with_Monthly_FYTD_Comparisons.xlsx,2026-10-07,0b191d85e519e1371b055e93937490120a2898e6d8358f60962fb16932b1cb03,"Ay, Clerk tablosundaki dönem ayıdır; aylık raporlar bu dönemi bir sonraki ay alınmış olarak veriyor (ör. June 2026, Received during July 2026). Tutar o dönemin vergi oranıyla toplam tahsilattır; yıllar arası karşılaştırma için yuzde2_payi_usd kullanılmalı."
2014-07,FY2014,South Walton,4054227.51,1801878.89,FY2010-2014 - 4.5% SW TDT,https://www.waltoncountyfltourism.com/userfiles/SW_TDT_Collections_History_with_Monthly_FYTD_Comparisons.xlsx,2026-10-07,0b191d85e519e1371b055e93937490120a2898e6d8358f60962fb16932b1cb03,"Ay, Clerk tablosundaki dönem ayıdır; aylık raporlar bu dönemi bir sonraki ay alınmış olarak veriyor (ör. June 2026, Received during July 2026). Tutar o dönemin vergi oranıyla toplam tahsilattır; yıllar arası karşılaştırma için yuzde2_payi_usd kullanılmalı."
2014-08,FY2014,South Walton,2325550.45,1033577.98,FY2010-2014 - 4.5% SW TDT,https://www.waltoncountyfltourism.com/userfiles/SW_TDT_Collections_History_with_Monthly_FYTD_Comparisons.xlsx,2026-10-07,0b191d85e519e1371b055e93937490120a2898e6d8358f60962fb16932b1cb03,"Ay, Clerk tablosundaki dönem ayıdır; aylık raporlar bu dönemi bir sonraki ay alınmış olarak veriyor (ör. June 2026, Received during July 2026). Tutar o dönemin vergi oranıyla toplam tahsilattır; yıllar arası karşılaştırma için yuzde2_payi_usd kullanılmalı."
2014-09,FY2014,South Walton,1744309.72,775248.77,FY2010-2014 - 4.5% SW TDT,https://www.waltoncountyfltourism.com/userfiles/SW_TDT_Collections_History_with_Monthly_FYTD_Comparisons.xlsx,2026-10-07,0b191d85e519e1371b055e93937490120a2898e6d8358f60962fb16932b1cb03,"Ay, Clerk tablosundaki dönem ayıdır; aylık raporlar bu dönemi bir sonraki ay alınmış olarak veriyor (ör. June 2026, Received during July 2026). Tutar o dönemin vergi oranıyla toplam tahsilattır; yıllar arası karşılaştırma için yuzde2_payi_usd kullanılmalı."
2014-10,FY2015,South Walton,969059.54,480566.06,FY2015-2019 - 4% SW TDT,https://www.waltoncountyfltourism.com/userfiles/SW_TDT_Collections_History_with_Monthly_FYTD_Comparisons.xlsx,2026-10-07,0b191d85e519e1371b055e93937490120a2898e6d8358f60962fb16932b1cb03,"Ay, Clerk tablosundaki dönem ayıdır; aylık raporlar bu dönemi bir sonraki ay alınmış olarak veriyor (ör. June 2026, Received during July 2026). Tutar o dönemin vergi oranıyla toplam tahsilattır; yıllar arası karşılaştırma için yuzde2_payi_usd kullanılmalı."
2014-11,FY2015,South Walton,493085.19,244704.04,FY2015-2019 - 4% SW TDT,https://www.waltoncountyfltourism.com/userfiles/SW_TDT_Collections_History_with_Monthly_FYTD_Comparisons.xlsx,2026-10-07,0b191d85e519e1371b055e93937490120a2898e6d8358f60962fb16932b1cb03,"Ay, Clerk tablosundaki dönem ayıdır; aylık raporlar bu dönemi bir sonraki ay alınmış olarak veriyor (ör. June 2026, Received during July 2026). Tutar o dönemin vergi oranıyla toplam tahsilattır; yıllar arası karşılaştırma için yuzde2_payi_usd kullanılmalı."
2014-12,FY2015,South Walton,475523.06,236504.66,FY2015-2019 - 4% SW TDT,https://www.waltoncountyfltourism.com/userfiles/SW_TDT_Collections_History_with_Monthly_FYTD_Comparisons.xlsx,2026-10-07,0b191d85e519e1371b055e93937490120a2898e6d8358f60962fb16932b1cb03,"Ay, Clerk tablosundaki dönem ayıdır; aylık raporlar bu dönemi bir sonraki ay alınmış olarak veriyor (ör. June 2026, Received during July 2026). Tutar o dönemin vergi oranıyla toplam tahsilattır; yıllar arası karşılaştırma için yuzde2_payi_usd kullanılmalı."
2015-01,FY2015,South Walton,425739.43,212247.87,FY2015-2019 - 4% SW TDT,https://www.waltoncountyfltourism.com/userfiles/SW_TDT_Collections_History_with_Monthly_FYTD_Comparisons.xlsx,2026-10-07,0b191d85e519e1371b055e93937490120a2898e6d8358f60962fb16932b1cb03,"Ay, Clerk tablosundaki dönem ayıdır; aylık raporlar bu dönemi bir sonraki ay alınmış olarak veriyor (ör. June 2026, Received during July 2026). Tutar o dönemin vergi oranıyla toplam tahsilattır; yıllar arası karşılaştırma için yuzde2_payi_usd kullanılmalı."
2015-02,FY2015,South Walton,505150.72,251463.00,FY2015-2019 - 4% SW TDT,https://www.waltoncountyfltourism.com/userfiles/SW_TDT_Collections_History_with_Monthly_FYTD_Comparisons.xlsx,2026-10-07,0b191d85e519e1371b055e93937490120a2898e6d8358f60962fb16932b1cb03,"Ay, Clerk tablosundaki dönem ayıdır; aylık raporlar bu dönemi bir sonraki ay alınmış olarak veriyor (ör. June 2026, Received during July 2026). Tutar o dönemin vergi oranıyla toplam tahsilattır; yıllar arası karşılaştırma için yuzde2_payi_usd kullanılmalı."
2015-03,FY2015,South Walton,1490939.61,745287.88,FY2015-2019 - 4% SW TDT,https://www.waltoncountyfltourism.com/userfiles/SW_TDT_Collections_History_with_Monthly_FYTD_Comparisons.xlsx,2026-10-07,0b191d85e519e1371b055e93937490120a2898e6d8358f60962fb16932b1cb03,"Ay, Clerk tablosundaki dönem ayıdır; aylık raporlar bu dönemi bir sonraki ay alınmış olarak veriyor (ör. June 2026, Received during July 2026). Tutar o dönemin vergi oranıyla toplam tahsilattır; yıllar arası karşılaştırma için yuzde2_payi_usd kullanılmalı."
2015-04,FY2015,South Walton,1514573.19,756598.59,FY2015-2019 - 4% SW TDT,https://www.waltoncountyfltourism.com/userfiles/SW_TDT_Collections_History_with_Monthly_FYTD_Comparisons.xlsx,2026-10-07,0b191d85e519e1371b055e93937490120a2898e6d8358f60962fb16932b1cb03,"Ay, Clerk tablosundaki dönem ayıdır; aylık raporlar bu dönemi bir sonraki ay alınmış olarak veriyor (ör. June 2026, Received during July 2026). Tutar o dönemin vergi oranıyla toplam tahsilattır; yıllar arası karşılaştırma için yuzde2_payi_usd kullanılmalı."
2015-05,FY2015,South Walton,2016049.72,1006647.78,FY2015-2019 - 4% SW TDT,https://www.waltoncountyfltourism.com/userfiles/SW_TDT_Collections_History_with_Monthly_FYTD_Comparisons.xlsx,2026-10-07,0b191d85e519e1371b055e93937490120a2898e6d8358f60962fb16932b1cb03,"Ay, Clerk tablosundaki dönem ayıdır; aylık raporlar bu dönemi bir sonraki ay alınmış olarak veriyor (ör. June 2026, Received during July 2026). Tutar o dönemin vergi oranıyla toplam tahsilattır; yıllar arası karşılaştırma için yuzde2_payi_usd kullanılmalı."
2015-06,FY2015,South Walton,3677684.50,1838240.71,FY2015-2019 - 4% SW TDT,https://www.waltoncountyfltourism.com/userfiles/SW_TDT_Collections_History_with_Monthly_FYTD_Comparisons.xlsx,2026-10-07,0b191d85e519e1371b055e93937490120a2898e6d8358f60962fb16932b1cb03,"Ay, Clerk tablosundaki dönem ayıdır; aylık raporlar bu dönemi bir sonraki ay alınmış olarak veriyor (ör. June 2026, Received during July 2026). Tutar o dönemin vergi oranıyla toplam tahsilattır; yıllar arası karşılaştırma için yuzde2_payi_usd kullanılmalı."
2015-07,FY2015,South Walton,4395305.78,2197315.63,FY2015-2019 - 4% SW TDT,https://www.waltoncountyfltourism.com/userfiles/SW_TDT_Collections_History_with_Monthly_FYTD_Comparisons.xlsx,2026-10-07,0b191d85e519e1371b055e93937490120a2898e6d8358f60962fb16932b1cb03,"Ay, Clerk tablosundaki dönem ayıdır; aylık raporlar bu dönemi bir sonraki ay alınmış olarak veriyor (ör. June 2026, Received during July 2026). Tutar o dönemin vergi oranıyla toplam tahsilattır; yıllar arası karşılaştırma için yuzde2_payi_usd kullanılmalı."
2015-08,FY2015,South Walton,2251160.06,1124446.54,FY2015-2019 - 4% SW TDT,https://www.waltoncountyfltourism.com/userfiles/SW_TDT_Collections_History_with_Monthly_FYTD_Comparisons.xlsx,2026-10-07,0b191d85e519e1371b055e93937490120a2898e6d8358f60962fb16932b1cb03,"Ay, Clerk tablosundaki dönem ayıdır; aylık raporlar bu dönemi bir sonraki ay alınmış olarak veriyor (ör. June 2026, Received during July 2026). Tutar o dönemin vergi oranıyla toplam tahsilattır; yıllar arası karşılaştırma için yuzde2_payi_usd kullanılmalı."
2015-09,FY2015,South Walton,1932403.16,964406.11,FY2015-2019 - 4% SW TDT,https://www.waltoncountyfltourism.com/userfiles/SW_TDT_Collections_History_with_Monthly_FYTD_Comparisons.xlsx,2026-10-07,0b191d85e519e1371b055e93937490120a2898e6d8358f60962fb16932b1cb03,"Ay, Clerk tablosundaki dönem ayıdır; aylık raporlar bu dönemi bir sonraki ay alınmış olarak veriyor (ör. June 2026, Received during July 2026). Tutar o dönemin vergi oranıyla toplam tahsilattır; yıllar arası karşılaştırma için yuzde2_payi_usd kullanılmalı."
2015-10,FY2016,South Walton,1116769.13,558200.31,FY2015-2019 - 4% SW TDT,https://www.waltoncountyfltourism.com/userfiles/SW_TDT_Collections_History_with_Monthly_FYTD_Comparisons.xlsx,2026-10-07,0b191d85e519e1371b055e93937490120a2898e6d8358f60962fb16932b1cb03,"Ay, Clerk tablosundaki dönem ayıdır; aylık raporlar bu dönemi bir sonraki ay alınmış olarak veriyor (ör. June 2026, Received during July 2026). Tutar o dönemin vergi oranıyla toplam tahsilattır; yıllar arası karşılaştırma için yuzde2_payi_usd kullanılmalı."
2015-11,FY2016,South Walton,566118.40,282897.56,FY2015-2019 - 4% SW TDT,https://www.waltoncountyfltourism.com/userfiles/SW_TDT_Collections_History_with_Monthly_FYTD_Comparisons.xlsx,2026-10-07,0b191d85e519e1371b055e93937490120a2898e6d8358f60962fb16932b1cb03,"Ay, Clerk tablosundaki dönem ayıdır; aylık raporlar bu dönemi bir sonraki ay alınmış olarak veriyor (ör. June 2026, Received during July 2026). Tutar o dönemin vergi oranıyla toplam tahsilattır; yıllar arası karşılaştırma için yuzde2_payi_usd kullanılmalı."
2015-12,FY2016,South Walton,534048.41,266680.05,FY2015-2019 - 4% SW TDT,https://www.waltoncountyfltourism.com/userfiles/SW_TDT_Collections_History_with_Monthly_FYTD_Comparisons.xlsx,2026-10-07,0b191d85e519e1371b055e93937490120a2898e6d8358f60962fb16932b1cb03,"Ay, Clerk tablosundaki dönem ayıdır; aylık raporlar bu dönemi bir sonraki ay alınmış olarak veriyor (ör. June 2026, Received during July 2026). Tutar o dönemin vergi oranıyla toplam tahsilattır; yıllar arası karşılaştırma için yuzde2_payi_usd kullanılmalı."
2016-01,FY2016,South Walton,439713.96,219771.69,FY2015-2019 - 4% SW TDT,https://www.waltoncountyfltourism.com/userfiles/SW_TDT_Collections_History_with_Monthly_FYTD_Comparisons.xlsx,2026-10-07,0b191d85e519e1371b055e93937490120a2898e6d8358f60962fb16932b1cb03,"Ay, Clerk tablosundaki dönem ayıdır; aylık raporlar bu dönemi bir sonraki ay alınmış olarak veriyor (ör. June 2026, Received during July 2026). Tutar o dönemin vergi oranıyla toplam tahsilattır; yıllar arası karşılaştırma için yuzde2_payi_usd kullanılmalı."
2016-02,FY2016,South Walton,542832.49,271236.27,FY2015-2019 - 4% SW TDT,https://www.waltoncountyfltourism.com/userfiles/SW_TDT_Collections_History_with_Monthly_FYTD_Comparisons.xlsx,2026-10-07,0b191d85e519e1371b055e93937490120a2898e6d8358f60962fb16932b1cb03,"Ay, Clerk tablosundaki dönem ayıdır; aylık raporlar bu dönemi bir sonraki ay alınmış olarak veriyor (ör. June 2026, Received during July 2026). Tutar o dönemin vergi oranıyla toplam tahsilattır; yıllar arası karşılaştırma için yuzde2_payi_usd kullanılmalı."
2016-03,FY2016,South Walton,1772956.00,886194.76,FY2015-2019 - 4% SW TDT,https://www.waltoncountyfltourism.com/userfiles/SW_TDT_Collections_History_with_Monthly_FYTD_Comparisons.xlsx,2026-10-07,0b191d85e519e1371b055e93937490120a2898e6d8358f60962fb16932b1cb03,"Ay, Clerk tablosundaki dönem ayıdır; aylık raporlar bu dönemi bir sonraki ay alınmış olarak veriyor (ör. June 2026, Received during July 2026). Tutar o dönemin vergi oranıyla toplam tahsilattır; yıllar arası karşılaştırma için yuzde2_payi_usd kullanılmalı."
2016-04,FY2016,South Walton,1606706.82,803299.03,FY2015-2019 - 4% SW TDT,https://www.waltoncountyfltourism.com/userfiles/SW_TDT_Collections_History_with_Monthly_FYTD_Comparisons.xlsx,2026-10-07,0b191d85e519e1371b055e93937490120a2898e6d8358f60962fb16932b1cb03,"Ay, Clerk tablosundaki dönem ayıdır; aylık raporlar bu dönemi bir sonraki ay alınmış olarak veriyor (ör. June 2026, Received during July 2026). Tutar o dönemin vergi oranıyla toplam tahsilattır; yıllar arası karşılaştırma için yuzde2_payi_usd kullanılmalı."
2016-05,FY2016,South Walton,2071355.25,1035563.05,FY2015-2019 - 4% SW TDT,https://www.waltoncountyfltourism.com/userfiles/SW_TDT_Collections_History_with_Monthly_FYTD_Comparisons.xlsx,2026-10-07,0b191d85e519e1371b055e93937490120a2898e6d8358f60962fb16932b1cb03,"Ay, Clerk tablosundaki dönem ayıdır; aylık raporlar bu dönemi bir sonraki ay alınmış olarak veriyor (ör. June 2026, Received during July 2026). Tutar o dönemin vergi oranıyla toplam tahsilattır; yıllar arası karşılaştırma için yuzde2_payi_usd kullanılmalı."
2016-06,FY2016,South Walton,4176164.45,2087895.30,FY2015-2019 - 4% SW TDT,https://www.waltoncountyfltourism.com/userfiles/SW_TDT_Collections_History_with_Monthly_FYTD_Comparisons.xlsx,2026-10-07,0b191d85e519e1371b055e93937490120a2898e6d8358f60962fb16932b1cb03,"Ay, Clerk tablosundaki dönem ayıdır; aylık raporlar bu dönemi bir sonraki ay alınmış olarak veriyor (ör. June 2026, Received during July 2026). Tutar o dönemin vergi oranıyla toplam tahsilattır; yıllar arası karşılaştırma için yuzde2_payi_usd kullanılmalı."
2016-07,FY2016,South Walton,4925580.30,2462734.59,FY2015-2019 - 4% SW TDT,https://www.waltoncountyfltourism.com/userfiles/SW_TDT_Collections_History_with_Monthly_FYTD_Comparisons.xlsx,2026-10-07,0b191d85e519e1371b055e93937490120a2898e6d8358f60962fb16932b1cb03,"Ay, Clerk tablosundaki dönem ayıdır; aylık raporlar bu dönemi bir sonraki ay alınmış olarak veriyor (ör. June 2026, Received during July 2026). Tutar o dönemin vergi oranıyla toplam tahsilattır; yıllar arası karşılaştırma için yuzde2_payi_usd kullanılmalı."
2016-08,FY2016,South Walton,2105083.72,1052389.99,FY2015-2019 - 4% SW TDT,https://www.waltoncountyfltourism.com/userfiles/SW_TDT_Collections_History_with_Monthly_FYTD_Comparisons.xlsx,2026-10-07,0b191d85e519e1371b055e93937490120a2898e6d8358f60962fb16932b1cb03,"Ay, Clerk tablosundaki dönem ayıdır; aylık raporlar bu dönemi bir sonraki ay alınmış olarak veriyor (ör. June 2026, Received during July 2026). Tutar o dönemin vergi oranıyla toplam tahsilattır; yıllar arası karşılaştırma için yuzde2_payi_usd kullanılmalı."
2016-09,FY2016,South Walton,1897550.86,948775.44,FY2015-2019 - 4% SW TDT,https://www.waltoncountyfltourism.com/userfiles/SW_TDT_Collections_History_with_Monthly_FYTD_Comparisons.xlsx,2026-10-07,0b191d85e519e1371b055e93937490120a2898e6d8358f60962fb16932b1cb03,"Ay, Clerk tablosundaki dönem ayıdır; aylık raporlar bu dönemi bir sonraki ay alınmış olarak veriyor (ör. June 2026, Received during July 2026). Tutar o dönemin vergi oranıyla toplam tahsilattır; yıllar arası karşılaştırma için yuzde2_payi_usd kullanılmalı."
2016-10,FY2017,South Walton,1384154.27,692011.90,FY2015-2019 - 4% SW TDT,https://www.waltoncountyfltourism.com/userfiles/SW_TDT_Collections_History_with_Monthly_FYTD_Comparisons.xlsx,2026-10-07,0b191d85e519e1371b055e93937490120a2898e6d8358f60962fb16932b1cb03,"Ay, Clerk tablosundaki dönem ayıdır; aylık raporlar bu dönemi bir sonraki ay alınmış olarak veriyor (ör. June 2026, Received during July 2026). Tutar o dönemin vergi oranıyla toplam tahsilattır; yıllar arası karşılaştırma için yuzde2_payi_usd kullanılmalı."
2016-11,FY2017,South Walton,654510.57,327140.26,FY2015-2019 - 4% SW TDT,https://www.waltoncountyfltourism.com/userfiles/SW_TDT_Collections_History_with_Monthly_FYTD_Comparisons.xlsx,2026-10-07,0b191d85e519e1371b055e93937490120a2898e6d8358f60962fb16932b1cb03,"Ay, Clerk tablosundaki dönem ayıdır; aylık raporlar bu dönemi bir sonraki ay alınmış olarak veriyor (ör. June 2026, Received during July 2026). Tutar o dönemin vergi oranıyla toplam tahsilattır; yıllar arası karşılaştırma için yuzde2_payi_usd kullanılmalı."
2016-12,FY2017,South Walton,561436.33,280692.63,FY2015-2019 - 4% SW TDT,https://www.waltoncountyfltourism.com/userfiles/SW_TDT_Collections_History_with_Monthly_FYTD_Comparisons.xlsx,2026-10-07,0b191d85e519e1371b055e93937490120a2898e6d8358f60962fb16932b1cb03,"Ay, Clerk tablosundaki dönem ayıdır; aylık raporlar bu dönemi bir sonraki ay alınmış olarak veriyor (ör. June 2026, Received during July 2026). Tutar o dönemin vergi oranıyla toplam tahsilattır; yıllar arası karşılaştırma için yuzde2_payi_usd kullanılmalı."
2017-01,FY2017,South Walton,457779.71,228864.33,FY2015-2019 - 4% SW TDT,https://www.waltoncountyfltourism.com/userfiles/SW_TDT_Collections_History_with_Monthly_FYTD_Comparisons.xlsx,2026-10-07,0b191d85e519e1371b055e93937490120a2898e6d8358f60962fb16932b1cb03,"Ay, Clerk tablosundaki dönem ayıdır; aylık raporlar bu dönemi bir sonraki ay alınmış olarak veriyor (ör. June 2026, Received during July 2026). Tutar o dönemin vergi oranıyla toplam tahsilattır; yıllar arası karşılaştırma için yuzde2_payi_usd kullanılmalı."
2017-02,FY2017,South Walton,575917.07,287857.63,FY2015-2019 - 4% SW TDT,https://www.waltoncountyfltourism.com/userfiles/SW_TDT_Collections_History_with_Monthly_FYTD_Comparisons.xlsx,2026-10-07,0b191d85e519e1371b055e93937490120a2898e6d8358f60962fb16932b1cb03,"Ay, Clerk tablosundaki dönem ayıdır; aylık raporlar bu dönemi bir sonraki ay alınmış olarak veriyor (ör. June 2026, Received during July 2026). Tutar o dönemin vergi oranıyla toplam tahsilattır; yıllar arası karşılaştırma için yuzde2_payi_usd kullanılmalı."
2017-03,FY2017,South Walton,1813178.44,906563.68,FY2015-2019 - 4% SW TDT,https://www.waltoncountyfltourism.com/userfiles/SW_TDT_Collections_History_with_Monthly_FYTD_Comparisons.xlsx,2026-10-07,0b191d85e519e1371b055e93937490120a2898e6d8358f60962fb16932b1cb03,"Ay, Clerk tablosundaki dönem ayıdır; aylık raporlar bu dönemi bir sonraki ay alınmış olarak veriyor (ör. June 2026, Received during July 2026). Tutar o dönemin vergi oranıyla toplam tahsilattır; yıllar arası karşılaştırma için yuzde2_payi_usd kullanılmalı."
2017-04,FY2017,South Walton,1958470.06,979209.50,FY2015-2019 - 4% SW TDT,https://www.waltoncountyfltourism.com/userfiles/SW_TDT_Collections_History_with_Monthly_FYTD_Comparisons.xlsx,2026-10-07,0b191d85e519e1371b055e93937490120a2898e6d8358f60962fb16932b1cb03,"Ay, Clerk tablosundaki dönem ayıdır; aylık raporlar bu dönemi bir sonraki ay alınmış olarak veriyor (ör. June 2026, Received during July 2026). Tutar o dönemin vergi oranıyla toplam tahsilattır; yıllar arası karşılaştırma için yuzde2_payi_usd kullanılmalı."
2017-05,FY2017,South Walton,2217959.67,1108886.11,FY2015-2019 - 4% SW TDT,https://www.waltoncountyfltourism.com/userfiles/SW_TDT_Collections_History_with_Monthly_FYTD_Comparisons.xlsx,2026-10-07,0b191d85e519e1371b055e93937490120a2898e6d8358f60962fb16932b1cb03,"Ay, Clerk tablosundaki dönem ayıdır; aylık raporlar bu dönemi bir sonraki ay alınmış olarak veriyor (ör. June 2026, Received during July 2026). Tutar o dönemin vergi oranıyla toplam tahsilattır; yıllar arası karşılaştırma için yuzde2_payi_usd kullanılmalı."
2017-06,FY2017,South Walton,4604169.16,2302044.18,FY2015-2019 - 4% SW TDT,https://www.waltoncountyfltourism.com/userfiles/SW_TDT_Collections_History_with_Monthly_FYTD_Comparisons.xlsx,2026-10-07,0b191d85e519e1371b055e93937490120a2898e6d8358f60962fb16932b1cb03,"Ay, Clerk tablosundaki dönem ayıdır; aylık raporlar bu dönemi bir sonraki ay alınmış olarak veriyor (ör. June 2026, Received during July 2026). Tutar o dönemin vergi oranıyla toplam tahsilattır; yıllar arası karşılaştırma için yuzde2_payi_usd kullanılmalı."
2017-07,FY2017,South Walton,5129157.19,2564578.59,FY2015-2019 - 4% SW TDT,https://www.waltoncountyfltourism.com/userfiles/SW_TDT_Collections_History_with_Monthly_FYTD_Comparisons.xlsx,2026-10-07,0b191d85e519e1371b055e93937490120a2898e6d8358f60962fb16932b1cb03,"Ay, Clerk tablosundaki dönem ayıdır; aylık raporlar bu dönemi bir sonraki ay alınmış olarak veriyor (ör. June 2026, Received during July 2026). Tutar o dönemin vergi oranıyla toplam tahsilattır; yıllar arası karşılaştırma için yuzde2_payi_usd kullanılmalı."
2017-08,FY2017,South Walton,2228309.24,1114086.49,FY2015-2019 - 4% SW TDT,https://www.waltoncountyfltourism.com/userfiles/SW_TDT_Collections_History_with_Monthly_FYTD_Comparisons.xlsx,2026-10-07,0b191d85e519e1371b055e93937490120a2898e6d8358f60962fb16932b1cb03,"Ay, Clerk tablosundaki dönem ayıdır; aylık raporlar bu dönemi bir sonraki ay alınmış olarak veriyor (ör. June 2026, Received during July 2026). Tutar o dönemin vergi oranıyla toplam tahsilattır; yıllar arası karşılaştırma için yuzde2_payi_usd kullanılmalı."
2017-09,FY2017,South Walton,1942668.45,971301.15,FY2015-2019 - 4% SW TDT,https://www.waltoncountyfltourism.com/userfiles/SW_TDT_Collections_History_with_Monthly_FYTD_Comparisons.xlsx,2026-10-07,0b191d85e519e1371b055e93937490120a2898e6d8358f60962fb16932b1cb03,"Ay, Clerk tablosundaki dönem ayıdır; aylık raporlar bu dönemi bir sonraki ay alınmış olarak veriyor (ör. June 2026, Received during July 2026). Tutar o dönemin vergi oranıyla toplam tahsilattır; yıllar arası karşılaştırma için yuzde2_payi_usd kullanılmalı."
2017-10,FY2018,South Walton,1350821.44,675410.72,FY2015-2019 - 4% SW TDT,https://www.waltoncountyfltourism.com/userfiles/SW_TDT_Collections_History_with_Monthly_FYTD_Comparisons.xlsx,2026-10-07,0b191d85e519e1371b055e93937490120a2898e6d8358f60962fb16932b1cb03,"Ay, Clerk tablosundaki dönem ayıdır; aylık raporlar bu dönemi bir sonraki ay alınmış olarak veriyor (ör. June 2026, Received during July 2026). Tutar o dönemin vergi oranıyla toplam tahsilattır; yıllar arası karşılaştırma için yuzde2_payi_usd kullanılmalı."
2017-11,FY2018,South Walton,824482.43,412241.21,FY2015-2019 - 4% SW TDT,https://www.waltoncountyfltourism.com/userfiles/SW_TDT_Collections_History_with_Monthly_FYTD_Comparisons.xlsx,2026-10-07,0b191d85e519e1371b055e93937490120a2898e6d8358f60962fb16932b1cb03,"Ay, Clerk tablosundaki dönem ayıdır; aylık raporlar bu dönemi bir sonraki ay alınmış olarak veriyor (ör. June 2026, Received during July 2026). Tutar o dönemin vergi oranıyla toplam tahsilattır; yıllar arası karşılaştırma için yuzde2_payi_usd kullanılmalı."
2017-12,FY2018,South Walton,651529.85,325764.93,FY2015-2019 - 4% SW TDT,https://www.waltoncountyfltourism.com/userfiles/SW_TDT_Collections_History_with_Monthly_FYTD_Comparisons.xlsx,2026-10-07,0b191d85e519e1371b055e93937490120a2898e6d8358f60962fb16932b1cb03,"Ay, Clerk tablosundaki dönem ayıdır; aylık raporlar bu dönemi bir sonraki ay alınmış olarak veriyor (ör. June 2026, Received during July 2026). Tutar o dönemin vergi oranıyla toplam tahsilattır; yıllar arası karşılaştırma için yuzde2_payi_usd kullanılmalı."
2018-01,FY2018,South Walton,501332.27,250666.13,FY2015-2019 - 4% SW TDT,https://www.waltoncountyfltourism.com/userfiles/SW_TDT_Collections_History_with_Monthly_FYTD_Comparisons.xlsx,2026-10-07,0b191d85e519e1371b055e93937490120a2898e6d8358f60962fb16932b1cb03,"Ay, Clerk tablosundaki dönem ayıdır; aylık raporlar bu dönemi bir sonraki ay alınmış olarak veriyor (ör. June 2026, Received during July 2026). Tutar o dönemin vergi oranıyla toplam tahsilattır; yıllar arası karşılaştırma için yuzde2_payi_usd kullanılmalı."
2018-02,FY2018,South Walton,626264.74,312975.59,FY2015-2019 - 4% SW TDT,https://www.waltoncountyfltourism.com/userfiles/SW_TDT_Collections_History_with_Monthly_FYTD_Comparisons.xlsx,2026-10-07,0b191d85e519e1371b055e93937490120a2898e6d8358f60962fb16932b1cb03,"Ay, Clerk tablosundaki dönem ayıdır; aylık raporlar bu dönemi bir sonraki ay alınmış olarak veriyor (ör. June 2026, Received during July 2026). Tutar o dönemin vergi oranıyla toplam tahsilattır; yıllar arası karşılaştırma için yuzde2_payi_usd kullanılmalı."
2018-03,FY2018,South Walton,2261800.83,1130785.16,FY2015-2019 - 4% SW TDT,https://www.waltoncountyfltourism.com/userfiles/SW_TDT_Collections_History_with_Monthly_FYTD_Comparisons.xlsx,2026-10-07,0b191d85e519e1371b055e93937490120a2898e6d8358f60962fb16932b1cb03,"Ay, Clerk tablosundaki dönem ayıdır; aylık raporlar bu dönemi bir sonraki ay alınmış olarak veriyor (ör. June 2026, Received during July 2026). Tutar o dönemin vergi oranıyla toplam tahsilattır; yıllar arası karşılaştırma için yuzde2_payi_usd kullanılmalı."
2018-04,FY2018,South Walton,1745617.69,872808.85,FY2015-2019 - 4% SW TDT,https://www.waltoncountyfltourism.com/userfiles/SW_TDT_Collections_History_with_Monthly_FYTD_Comparisons.xlsx,2026-10-07,0b191d85e519e1371b055e93937490120a2898e6d8358f60962fb16932b1cb03,"Ay, Clerk tablosundaki dönem ayıdır; aylık raporlar bu dönemi bir sonraki ay alınmış olarak veriyor (ör. June 2026, Received during July 2026). Tutar o dönemin vergi oranıyla toplam tahsilattır; yıllar arası karşılaştırma için yuzde2_payi_usd kullanılmalı."
2018-05,FY2018,South Walton,2279693.96,1139846.98,FY2015-2019 - 4% SW TDT,https://www.waltoncountyfltourism.com/userfiles/SW_TDT_Collections_History_with_Monthly_FYTD_Comparisons.xlsx,2026-10-07,0b191d85e519e1371b055e93937490120a2898e6d8358f60962fb16932b1cb03,"Ay, Clerk tablosundaki dönem ayıdır; aylık raporlar bu dönemi bir sonraki ay alınmış olarak veriyor (ör. June 2026, Received during July 2026). Tutar o dönemin vergi oranıyla toplam tahsilattır; yıllar arası karşılaştırma için yuzde2_payi_usd kullanılmalı."
2018-06,FY2018,South Walton,5421242.16,2710621.08,FY2015-2019 - 4% SW TDT,https://www.waltoncountyfltourism.com/userfiles/SW_TDT_Collections_History_with_Monthly_FYTD_Comparisons.xlsx,2026-10-07,0b191d85e519e1371b055e93937490120a2898e6d8358f60962fb16932b1cb03,"Ay, Clerk tablosundaki dönem ayıdır; aylık raporlar bu dönemi bir sonraki ay alınmış olarak veriyor (ör. June 2026, Received during July 2026). Tutar o dönemin vergi oranıyla toplam tahsilattır; yıllar arası karşılaştırma için yuzde2_payi_usd kullanılmalı."
2018-07,FY2018,South Walton,5337266.40,2668633.20,FY2015-2019 - 4% SW TDT,https://www.waltoncountyfltourism.com/userfiles/SW_TDT_Collections_History_with_Monthly_FYTD_Comparisons.xlsx,2026-10-07,0b191d85e519e1371b055e93937490120a2898e6d8358f60962fb16932b1cb03,"Ay, Clerk tablosundaki dönem ayıdır; aylık raporlar bu dönemi bir sonraki ay alınmış olarak veriyor (ör. June 2026, Received during July 2026). Tutar o dönemin vergi oranıyla toplam tahsilattır; yıllar arası karşılaştırma için yuzde2_payi_usd kullanılmalı."
2018-08,FY2018,South Walton,2656667.64,1328333.82,FY2015-2019 - 4% SW TDT,https://www.waltoncountyfltourism.com/userfiles/SW_TDT_Collections_History_with_Monthly_FYTD_Comparisons.xlsx,2026-10-07,0b191d85e519e1371b055e93937490120a2898e6d8358f60962fb16932b1cb03,"Ay, Clerk tablosundaki dönem ayıdır; aylık raporlar bu dönemi bir sonraki ay alınmış olarak veriyor (ör. June 2026, Received during July 2026). Tutar o dönemin vergi oranıyla toplam tahsilattır; yıllar arası karşılaştırma için yuzde2_payi_usd kullanılmalı."
2018-09,FY2018,South Walton,2071564.96,1035782.48,FY2015-2019 - 4% SW TDT,https://www.waltoncountyfltourism.com/userfiles/SW_TDT_Collections_History_with_Monthly_FYTD_Comparisons.xlsx,2026-10-07,0b191d85e519e1371b055e93937490120a2898e6d8358f60962fb16932b1cb03,"Ay, Clerk tablosundaki dönem ayıdır; aylık raporlar bu dönemi bir sonraki ay alınmış olarak veriyor (ör. June 2026, Received during July 2026). Tutar o dönemin vergi oranıyla toplam tahsilattır; yıllar arası karşılaştırma için yuzde2_payi_usd kullanılmalı."
2018-10,FY2019,South Walton,1663030.57,831515.29,FY2015-2019 - 4% SW TDT,https://www.waltoncountyfltourism.com/userfiles/SW_TDT_Collections_History_with_Monthly_FYTD_Comparisons.xlsx,2026-10-07,0b191d85e519e1371b055e93937490120a2898e6d8358f60962fb16932b1cb03,"Ay, Clerk tablosundaki dönem ayıdır; aylık raporlar bu dönemi bir sonraki ay alınmış olarak veriyor (ör. June 2026, Received during July 2026). Tutar o dönemin vergi oranıyla toplam tahsilattır; yıllar arası karşılaştırma için yuzde2_payi_usd kullanılmalı."
2018-11,FY2019,South Walton,976289.83,488144.91,FY2015-2019 - 4% SW TDT,https://www.waltoncountyfltourism.com/userfiles/SW_TDT_Collections_History_with_Monthly_FYTD_Comparisons.xlsx,2026-10-07,0b191d85e519e1371b055e93937490120a2898e6d8358f60962fb16932b1cb03,"Ay, Clerk tablosundaki dönem ayıdır; aylık raporlar bu dönemi bir sonraki ay alınmış olarak veriyor (ör. June 2026, Received during July 2026). Tutar o dönemin vergi oranıyla toplam tahsilattır; yıllar arası karşılaştırma için yuzde2_payi_usd kullanılmalı."
2018-12,FY2019,South Walton,672318.94,336159.48,FY2015-2019 - 4% SW TDT,https://www.waltoncountyfltourism.com/userfiles/SW_TDT_Collections_History_with_Monthly_FYTD_Comparisons.xlsx,2026-10-07,0b191d85e519e1371b055e93937490120a2898e6d8358f60962fb16932b1cb03,"Ay, Clerk tablosundaki dönem ayıdır; aylık raporlar bu dönemi bir sonraki ay alınmış olarak veriyor (ör. June 2026, Received during July 2026). Tutar o dönemin vergi oranıyla toplam tahsilattır; yıllar arası karşılaştırma için yuzde2_payi_usd kullanılmalı."
2019-01,FY2019,South Walton,614975.93,307487.97,FY2015-2019 - 4% SW TDT,https://www.waltoncountyfltourism.com/userfiles/SW_TDT_Collections_History_with_Monthly_FYTD_Comparisons.xlsx,2026-10-07,0b191d85e519e1371b055e93937490120a2898e6d8358f60962fb16932b1cb03,"Ay, Clerk tablosundaki dönem ayıdır; aylık raporlar bu dönemi bir sonraki ay alınmış olarak veriyor (ör. June 2026, Received during July 2026). Tutar o dönemin vergi oranıyla toplam tahsilattır; yıllar arası karşılaştırma için yuzde2_payi_usd kullanılmalı."
2019-02,FY2019,South Walton,709069.73,354534.87,FY2015-2019 - 4% SW TDT,https://www.waltoncountyfltourism.com/userfiles/SW_TDT_Collections_History_with_Monthly_FYTD_Comparisons.xlsx,2026-10-07,0b191d85e519e1371b055e93937490120a2898e6d8358f60962fb16932b1cb03,"Ay, Clerk tablosundaki dönem ayıdır; aylık raporlar bu dönemi bir sonraki ay alınmış olarak veriyor (ör. June 2026, Received during July 2026). Tutar o dönemin vergi oranıyla toplam tahsilattır; yıllar arası karşılaştırma için yuzde2_payi_usd kullanılmalı."
2019-03,FY2019,South Walton,2315935.71,1157967.85,FY2015-2019 - 4% SW TDT,https://www.waltoncountyfltourism.com/userfiles/SW_TDT_Collections_History_with_Monthly_FYTD_Comparisons.xlsx,2026-10-07,0b191d85e519e1371b055e93937490120a2898e6d8358f60962fb16932b1cb03,"Ay, Clerk tablosundaki dönem ayıdır; aylık raporlar bu dönemi bir sonraki ay alınmış olarak veriyor (ör. June 2026, Received during July 2026). Tutar o dönemin vergi oranıyla toplam tahsilattır; yıllar arası karşılaştırma için yuzde2_payi_usd kullanılmalı."
2019-04,FY2019,South Walton,2057225.32,1028612.66,FY2015-2019 - 4% SW TDT,https://www.waltoncountyfltourism.com/userfiles/SW_TDT_Collections_History_with_Monthly_FYTD_Comparisons.xlsx,2026-10-07,0b191d85e519e1371b055e93937490120a2898e6d8358f60962fb16932b1cb03,"Ay, Clerk tablosundaki dönem ayıdır; aylık raporlar bu dönemi bir sonraki ay alınmış olarak veriyor (ör. June 2026, Received during July 2026). Tutar o dönemin vergi oranıyla toplam tahsilattır; yıllar arası karşılaştırma için yuzde2_payi_usd kullanılmalı."
2019-05,FY2019,South Walton,2742020.38,1371010.18,FY2015-2019 - 4% SW TDT,https://www.waltoncountyfltourism.com/userfiles/SW_TDT_Collections_History_with_Monthly_FYTD_Comparisons.xlsx,2026-10-07,0b191d85e519e1371b055e93937490120a2898e6d8358f60962fb16932b1cb03,"Ay, Clerk tablosundaki dönem ayıdır; aylık raporlar bu dönemi bir sonraki ay alınmış olarak veriyor (ör. June 2026, Received during July 2026). Tutar o dönemin vergi oranıyla toplam tahsilattır; yıllar arası karşılaştırma için yuzde2_payi_usd kullanılmalı."
2019-06,FY2019,South Walton,5583981.82,2791990.90,FY2015-2019 - 4% SW TDT,https://www.waltoncountyfltourism.com/userfiles/SW_TDT_Collections_History_with_Monthly_FYTD_Comparisons.xlsx,2026-10-07,0b191d85e519e1371b055e93937490120a2898e6d8358f60962fb16932b1cb03,"Ay, Clerk tablosundaki dönem ayıdır; aylık raporlar bu dönemi bir sonraki ay alınmış olarak veriyor (ör. June 2026, Received during July 2026). Tutar o dönemin vergi oranıyla toplam tahsilattır; yıllar arası karşılaştırma için yuzde2_payi_usd kullanılmalı."
2019-07,FY2019,South Walton,5455221.25,2727529.08,FY2015-2019 - 4% SW TDT,https://www.waltoncountyfltourism.com/userfiles/SW_TDT_Collections_History_with_Monthly_FYTD_Comparisons.xlsx,2026-10-07,0b191d85e519e1371b055e93937490120a2898e6d8358f60962fb16932b1cb03,"Ay, Clerk tablosundaki dönem ayıdır; aylık raporlar bu dönemi bir sonraki ay alınmış olarak veriyor (ör. June 2026, Received during July 2026). Tutar o dönemin vergi oranıyla toplam tahsilattır; yıllar arası karşılaştırma için yuzde2_payi_usd kullanılmalı."
2019-08,FY2019,South Walton,2927522.92,1463761.46,FY2015-2019 - 4% SW TDT,https://www.waltoncountyfltourism.com/userfiles/SW_TDT_Collections_History_with_Monthly_FYTD_Comparisons.xlsx,2026-10-07,0b191d85e519e1371b055e93937490120a2898e6d8358f60962fb16932b1cb03,"Ay, Clerk tablosundaki dönem ayıdır; aylık raporlar bu dönemi bir sonraki ay alınmış olarak veriyor (ör. June 2026, Received during July 2026). Tutar o dönemin vergi oranıyla toplam tahsilattır; yıllar arası karşılaştırma için yuzde2_payi_usd kullanılmalı."
2019-09,FY2019,South Walton,1985863.21,992931.61,FY2015-2019 - 4% SW TDT,https://www.waltoncountyfltourism.com/userfiles/SW_TDT_Collections_History_with_Monthly_FYTD_Comparisons.xlsx,2026-10-07,0b191d85e519e1371b055e93937490120a2898e6d8358f60962fb16932b1cb03,"Ay, Clerk tablosundaki dönem ayıdır; aylık raporlar bu dönemi bir sonraki ay alınmış olarak veriyor (ör. June 2026, Received during July 2026). Tutar o dönemin vergi oranıyla toplam tahsilattır; yıllar arası karşılaştırma için yuzde2_payi_usd kullanılmalı."
2019-10,FY2020,South Walton,1598621.31,799310.65,FY2020-Present - 5% SW TDT,https://www.waltoncountyfltourism.com/userfiles/SW_TDT_Collections_History_with_Monthly_FYTD_Comparisons.xlsx,2026-10-07,0b191d85e519e1371b055e93937490120a2898e6d8358f60962fb16932b1cb03,"Ay, Clerk tablosundaki dönem ayıdır; aylık raporlar bu dönemi bir sonraki ay alınmış olarak veriyor (ör. June 2026, Received during July 2026). Tutar o dönemin vergi oranıyla toplam tahsilattır; yıllar arası karşılaştırma için yuzde2_payi_usd kullanılmalı."
2019-11,FY2020,South Walton,722294.24,361132.49,FY2020-Present - 5% SW TDT,https://www.waltoncountyfltourism.com/userfiles/SW_TDT_Collections_History_with_Monthly_FYTD_Comparisons.xlsx,2026-10-07,0b191d85e519e1371b055e93937490120a2898e6d8358f60962fb16932b1cb03,"Ay, Clerk tablosundaki dönem ayıdır; aylık raporlar bu dönemi bir sonraki ay alınmış olarak veriyor (ör. June 2026, Received during July 2026). Tutar o dönemin vergi oranıyla toplam tahsilattır; yıllar arası karşılaştırma için yuzde2_payi_usd kullanılmalı."
2019-12,FY2020,South Walton,716292.81,357799.22,FY2020-Present - 5% SW TDT,https://www.waltoncountyfltourism.com/userfiles/SW_TDT_Collections_History_with_Monthly_FYTD_Comparisons.xlsx,2026-10-07,0b191d85e519e1371b055e93937490120a2898e6d8358f60962fb16932b1cb03,"Ay, Clerk tablosundaki dönem ayıdır; aylık raporlar bu dönemi bir sonraki ay alınmış olarak veriyor (ör. June 2026, Received during July 2026). Tutar o dönemin vergi oranıyla toplam tahsilattır; yıllar arası karşılaştırma için yuzde2_payi_usd kullanılmalı."
2020-01,FY2020,South Walton,804307.57,328471.16,FY2020-Present - 5% SW TDT,https://www.waltoncountyfltourism.com/userfiles/SW_TDT_Collections_History_with_Monthly_FYTD_Comparisons.xlsx,2026-10-07,0b191d85e519e1371b055e93937490120a2898e6d8358f60962fb16932b1cb03,"Ay, Clerk tablosundaki dönem ayıdır; aylık raporlar bu dönemi bir sonraki ay alınmış olarak veriyor (ör. June 2026, Received during July 2026). Tutar o dönemin vergi oranıyla toplam tahsilattır; yıllar arası karşılaştırma için yuzde2_payi_usd kullanılmalı."
2020-02,FY2020,South Walton,901271.13,365559.62,FY2020-Present - 5% SW TDT,https://www.waltoncountyfltourism.com/userfiles/SW_TDT_Collections_History_with_Monthly_FYTD_Comparisons.xlsx,2026-10-07,0b191d85e519e1371b055e93937490120a2898e6d8358f60962fb16932b1cb03,"Ay, Clerk tablosundaki dönem ayıdır; aylık raporlar bu dönemi bir sonraki ay alınmış olarak veriyor (ör. June 2026, Received during July 2026). Tutar o dönemin vergi oranıyla toplam tahsilattır; yıllar arası karşılaştırma için yuzde2_payi_usd kullanılmalı."
2020-03,FY2020,South Walton,1686307.80,677696.57,FY2020-Present - 5% SW TDT,https://www.waltoncountyfltourism.com/userfiles/SW_TDT_Collections_History_with_Monthly_FYTD_Comparisons.xlsx,2026-10-07,0b191d85e519e1371b055e93937490120a2898e6d8358f60962fb16932b1cb03,"Ay, Clerk tablosundaki dönem ayıdır; aylık raporlar bu dönemi bir sonraki ay alınmış olarak veriyor (ör. June 2026, Received during July 2026). Tutar o dönemin vergi oranıyla toplam tahsilattır; yıllar arası karşılaştırma için yuzde2_payi_usd kullanılmalı."
2020-04,FY2020,South Walton,373941.00,151905.13,FY2020-Present - 5% SW TDT,https://www.waltoncountyfltourism.com/userfiles/SW_TDT_Collections_History_with_Monthly_FYTD_Comparisons.xlsx,2026-10-07,0b191d85e519e1371b055e93937490120a2898e6d8358f60962fb16932b1cb03,"Ay, Clerk tablosundaki dönem ayıdır; aylık raporlar bu dönemi bir sonraki ay alınmış olarak veriyor (ör. June 2026, Received during July 2026). Tutar o dönemin vergi oranıyla toplam tahsilattır; yıllar arası karşılaştırma için yuzde2_payi_usd kullanılmalı."
2020-05,FY2020,South Walton,1626611.26,653886.95,FY2020-Present - 5% SW TDT,https://www.waltoncountyfltourism.com/userfiles/SW_TDT_Collections_History_with_Monthly_FYTD_Comparisons.xlsx,2026-10-07,0b191d85e519e1371b055e93937490120a2898e6d8358f60962fb16932b1cb03,"Ay, Clerk tablosundaki dönem ayıdır; aylık raporlar bu dönemi bir sonraki ay alınmış olarak veriyor (ör. June 2026, Received during July 2026). Tutar o dönemin vergi oranıyla toplam tahsilattır; yıllar arası karşılaştırma için yuzde2_payi_usd kullanılmalı."
2020-06,FY2020,South Walton,6556666.06,2625812.71,FY2020-Present - 5% SW TDT,https://www.waltoncountyfltourism.com/userfiles/SW_TDT_Collections_History_with_Monthly_FYTD_Comparisons.xlsx,2026-10-07,0b191d85e519e1371b055e93937490120a2898e6d8358f60962fb16932b1cb03,"Ay, Clerk tablosundaki dönem ayıdır; aylık raporlar bu dönemi bir sonraki ay alınmış olarak veriyor (ör. June 2026, Received during July 2026). Tutar o dönemin vergi oranıyla toplam tahsilattır; yıllar arası karşılaştırma için yuzde2_payi_usd kullanılmalı."
2020-07,FY2020,South Walton,7044752.41,2823106.80,FY2020-Present - 5% SW TDT,https://www.waltoncountyfltourism.com/userfiles/SW_TDT_Collections_History_with_Monthly_FYTD_Comparisons.xlsx,2026-10-07,0b191d85e519e1371b055e93937490120a2898e6d8358f60962fb16932b1cb03,"Ay, Clerk tablosundaki dönem ayıdır; aylık raporlar bu dönemi bir sonraki ay alınmış olarak veriyor (ör. June 2026, Received during July 2026). Tutar o dönemin vergi oranıyla toplam tahsilattır; yıllar arası karşılaştırma için yuzde2_payi_usd kullanılmalı."
2020-08,FY2020,South Walton,5504845.18,2205495.38,FY2020-Present - 5% SW TDT,https://www.waltoncountyfltourism.com/userfiles/SW_TDT_Collections_History_with_Monthly_FYTD_Comparisons.xlsx,2026-10-07,0b191d85e519e1371b055e93937490120a2898e6d8358f60962fb16932b1cb03,"Ay, Clerk tablosundaki dönem ayıdır; aylık raporlar bu dönemi bir sonraki ay alınmış olarak veriyor (ör. June 2026, Received during July 2026). Tutar o dönemin vergi oranıyla toplam tahsilattır; yıllar arası karşılaştırma için yuzde2_payi_usd kullanılmalı."
2020-09,FY2020,South Walton,3794493.40,1520691.17,FY2020-Present - 5% SW TDT,https://www.waltoncountyfltourism.com/userfiles/SW_TDT_Collections_History_with_Monthly_FYTD_Comparisons.xlsx,2026-10-07,0b191d85e519e1371b055e93937490120a2898e6d8358f60962fb16932b1cb03,"Ay, Clerk tablosundaki dönem ayıdır; aylık raporlar bu dönemi bir sonraki ay alınmış olarak veriyor (ör. June 2026, Received during July 2026). Tutar o dönemin vergi oranıyla toplam tahsilattır; yıllar arası karşılaştırma için yuzde2_payi_usd kullanılmalı."
2020-10,FY2021,South Walton,3366849.86,1350318.80,FY2020-Present - 5% SW TDT,https://www.waltoncountyfltourism.com/userfiles/SW_TDT_Collections_History_with_Monthly_FYTD_Comparisons.xlsx,2026-10-07,0b191d85e519e1371b055e93937490120a2898e6d8358f60962fb16932b1cb03,"Ay, Clerk tablosundaki dönem ayıdır; aylık raporlar bu dönemi bir sonraki ay alınmış olarak veriyor (ör. June 2026, Received during July 2026). Tutar o dönemin vergi oranıyla toplam tahsilattır; yıllar arası karşılaştırma için yuzde2_payi_usd kullanılmalı."
2020-11,FY2021,South Walton,1668781.43,670335.93,FY2020-Present - 5% SW TDT,https://www.waltoncountyfltourism.com/userfiles/SW_TDT_Collections_History_with_Monthly_FYTD_Comparisons.xlsx,2026-10-07,0b191d85e519e1371b055e93937490120a2898e6d8358f60962fb16932b1cb03,"Ay, Clerk tablosundaki dönem ayıdır; aylık raporlar bu dönemi bir sonraki ay alınmış olarak veriyor (ör. June 2026, Received during July 2026). Tutar o dönemin vergi oranıyla toplam tahsilattır; yıllar arası karşılaştırma için yuzde2_payi_usd kullanılmalı."
2020-12,FY2021,South Walton,1440085.66,577172.20,FY2020-Present - 5% SW TDT,https://www.waltoncountyfltourism.com/userfiles/SW_TDT_Collections_History_with_Monthly_FYTD_Comparisons.xlsx,2026-10-07,0b191d85e519e1371b055e93937490120a2898e6d8358f60962fb16932b1cb03,"Ay, Clerk tablosundaki dönem ayıdır; aylık raporlar bu dönemi bir sonraki ay alınmış olarak veriyor (ör. June 2026, Received during July 2026). Tutar o dönemin vergi oranıyla toplam tahsilattır; yıllar arası karşılaştırma için yuzde2_payi_usd kullanılmalı."
2021-01,FY2021,South Walton,1118307.57,448827.43,FY2020-Present - 5% SW TDT,https://www.waltoncountyfltourism.com/userfiles/SW_TDT_Collections_History_with_Monthly_FYTD_Comparisons.xlsx,2026-10-07,0b191d85e519e1371b055e93937490120a2898e6d8358f60962fb16932b1cb03,"Ay, Clerk tablosundaki dönem ayıdır; aylık raporlar bu dönemi bir sonraki ay alınmış olarak veriyor (ör. June 2026, Received during July 2026). Tutar o dönemin vergi oranıyla toplam tahsilattır; yıllar arası karşılaştırma için yuzde2_payi_usd kullanılmalı."
2021-02,FY2021,South Walton,1215402.27,487921.36,FY2020-Present - 5% SW TDT,https://www.waltoncountyfltourism.com/userfiles/SW_TDT_Collections_History_with_Monthly_FYTD_Comparisons.xlsx,2026-10-07,0b191d85e519e1371b055e93937490120a2898e6d8358f60962fb16932b1cb03,"Ay, Clerk tablosundaki dönem ayıdır; aylık raporlar bu dönemi bir sonraki ay alınmış olarak veriyor (ör. June 2026, Received during July 2026). Tutar o dönemin vergi oranıyla toplam tahsilattır; yıllar arası karşılaştırma için yuzde2_payi_usd kullanılmalı."
2021-03,FY2021,South Walton,4680054.67,1873590.35,FY2020-Present - 5% SW TDT,https://www.waltoncountyfltourism.com/userfiles/SW_TDT_Collections_History_with_Monthly_FYTD_Comparisons.xlsx,2026-10-07,0b191d85e519e1371b055e93937490120a2898e6d8358f60962fb16932b1cb03,"Ay, Clerk tablosundaki dönem ayıdır; aylık raporlar bu dönemi bir sonraki ay alınmış olarak veriyor (ör. June 2026, Received during July 2026). Tutar o dönemin vergi oranıyla toplam tahsilattır; yıllar arası karşılaştırma için yuzde2_payi_usd kullanılmalı."
2021-04,FY2021,South Walton,4931888.17,1973219.38,FY2020-Present - 5% SW TDT,https://www.waltoncountyfltourism.com/userfiles/SW_TDT_Collections_History_with_Monthly_FYTD_Comparisons.xlsx,2026-10-07,0b191d85e519e1371b055e93937490120a2898e6d8358f60962fb16932b1cb03,"Ay, Clerk tablosundaki dönem ayıdır; aylık raporlar bu dönemi bir sonraki ay alınmış olarak veriyor (ör. June 2026, Received during July 2026). Tutar o dönemin vergi oranıyla toplam tahsilattır; yıllar arası karşılaştırma için yuzde2_payi_usd kullanılmalı."
2021-05,FY2021,South Walton,6215632.34,2487791.27,FY2020-Present - 5% SW TDT,https://www.waltoncountyfltourism.com/userfiles/SW_TDT_Collections_History_with_Monthly_FYTD_Comparisons.xlsx,2026-10-07,0b191d85e519e1371b055e93937490120a2898e6d8358f60962fb16932b1cb03,"Ay, Clerk tablosundaki dönem ayıdır; aylık raporlar bu dönemi bir sonraki ay alınmış olarak veriyor (ör. June 2026, Received during July 2026). Tutar o dönemin vergi oranıyla toplam tahsilattır; yıllar arası karşılaştırma için yuzde2_payi_usd kullanılmalı."
2021-06,FY2021,South Walton,9665985.58,3868458.96,FY2020-Present - 5% SW TDT,https://www.waltoncountyfltourism.com/userfiles/SW_TDT_Collections_History_with_Monthly_FYTD_Comparisons.xlsx,2026-10-07,0b191d85e519e1371b055e93937490120a2898e6d8358f60962fb16932b1cb03,"Ay, Clerk tablosundaki dönem ayıdır; aylık raporlar bu dönemi bir sonraki ay alınmış olarak veriyor (ör. June 2026, Received during July 2026). Tutar o dönemin vergi oranıyla toplam tahsilattır; yıllar arası karşılaştırma için yuzde2_payi_usd kullanılmalı."
2021-07,FY2021,South Walton,11357923.84,4543680.85,FY2020-Present - 5% SW TDT,https://www.waltoncountyfltourism.com/userfiles/SW_TDT_Collections_History_with_Monthly_FYTD_Comparisons.xlsx,2026-10-07,0b191d85e519e1371b055e93937490120a2898e6d8358f60962fb16932b1cb03,"Ay, Clerk tablosundaki dönem ayıdır; aylık raporlar bu dönemi bir sonraki ay alınmış olarak veriyor (ör. June 2026, Received during July 2026). Tutar o dönemin vergi oranıyla toplam tahsilattır; yıllar arası karşılaştırma için yuzde2_payi_usd kullanılmalı."
2021-08,FY2021,South Walton,7402439.72,2961120.30,FY2020-Present - 5% SW TDT,https://www.waltoncountyfltourism.com/userfiles/SW_TDT_Collections_History_with_Monthly_FYTD_Comparisons.xlsx,2026-10-07,0b191d85e519e1371b055e93937490120a2898e6d8358f60962fb16932b1cb03,"Ay, Clerk tablosundaki dönem ayıdır; aylık raporlar bu dönemi bir sonraki ay alınmış olarak veriyor (ör. June 2026, Received during July 2026). Tutar o dönemin vergi oranıyla toplam tahsilattır; yıllar arası karşılaştırma için yuzde2_payi_usd kullanılmalı."
2021-09,FY2021,South Walton,4801079.28,1920775.72,FY2020-Present - 5% SW TDT,https://www.waltoncountyfltourism.com/userfiles/SW_TDT_Collections_History_with_Monthly_FYTD_Comparisons.xlsx,2026-10-07,0b191d85e519e1371b055e93937490120a2898e6d8358f60962fb16932b1cb03,"Ay, Clerk tablosundaki dönem ayıdır; aylık raporlar bu dönemi bir sonraki ay alınmış olarak veriyor (ör. June 2026, Received during July 2026). Tutar o dönemin vergi oranıyla toplam tahsilattır; yıllar arası karşılaştırma için yuzde2_payi_usd kullanılmalı."
2021-10,FY2022,South Walton,4269096.25,1708326.91,FY2020-Present - 5% SW TDT,https://www.waltoncountyfltourism.com/userfiles/SW_TDT_Collections_History_with_Monthly_FYTD_Comparisons.xlsx,2026-10-07,0b191d85e519e1371b055e93937490120a2898e6d8358f60962fb16932b1cb03,"Ay, Clerk tablosundaki dönem ayıdır; aylık raporlar bu dönemi bir sonraki ay alınmış olarak veriyor (ör. June 2026, Received during July 2026). Tutar o dönemin vergi oranıyla toplam tahsilattır; yıllar arası karşılaştırma için yuzde2_payi_usd kullanılmalı."
2021-11,FY2022,South Walton,1922585.48,769154.13,FY2020-Present - 5% SW TDT,https://www.waltoncountyfltourism.com/userfiles/SW_TDT_Collections_History_with_Monthly_FYTD_Comparisons.xlsx,2026-10-07,0b191d85e519e1371b055e93937490120a2898e6d8358f60962fb16932b1cb03,"Ay, Clerk tablosundaki dönem ayıdır; aylık raporlar bu dönemi bir sonraki ay alınmış olarak veriyor (ör. June 2026, Received during July 2026). Tutar o dönemin vergi oranıyla toplam tahsilattır; yıllar arası karşılaştırma için yuzde2_payi_usd kullanılmalı."
2021-12,FY2022,South Walton,1666380.26,667494.95,FY2020-Present - 5% SW TDT,https://www.waltoncountyfltourism.com/userfiles/SW_TDT_Collections_History_with_Monthly_FYTD_Comparisons.xlsx,2026-10-07,0b191d85e519e1371b055e93937490120a2898e6d8358f60962fb16932b1cb03,"Ay, Clerk tablosundaki dönem ayıdır; aylık raporlar bu dönemi bir sonraki ay alınmış olarak veriyor (ör. June 2026, Received during July 2026). Tutar o dönemin vergi oranıyla toplam tahsilattır; yıllar arası karşılaştırma için yuzde2_payi_usd kullanılmalı."
2022-01,FY2022,South Walton,1411870.84,565716.66,FY2020-Present - 5% SW TDT,https://www.waltoncountyfltourism.com/userfiles/SW_TDT_Collections_History_with_Monthly_FYTD_Comparisons.xlsx,2026-10-07,0b191d85e519e1371b055e93937490120a2898e6d8358f60962fb16932b1cb03,"Ay, Clerk tablosundaki dönem ayıdır; aylık raporlar bu dönemi bir sonraki ay alınmış olarak veriyor (ör. June 2026, Received during July 2026). Tutar o dönemin vergi oranıyla toplam tahsilattır; yıllar arası karşılaştırma için yuzde2_payi_usd kullanılmalı."
2022-02,FY2022,South Walton,1566326.96,629915.98,FY2020-Present - 5% SW TDT,https://www.waltoncountyfltourism.com/userfiles/SW_TDT_Collections_History_with_Monthly_FYTD_Comparisons.xlsx,2026-10-07,0b191d85e519e1371b055e93937490120a2898e6d8358f60962fb16932b1cb03,"Ay, Clerk tablosundaki dönem ayıdır; aylık raporlar bu dönemi bir sonraki ay alınmış olarak veriyor (ör. June 2026, Received during July 2026). Tutar o dönemin vergi oranıyla toplam tahsilattır; yıllar arası karşılaştırma için yuzde2_payi_usd kullanılmalı."
2022-03,FY2022,South Walton,5180088.97,2075862.86,FY2020-Present - 5% SW TDT,https://www.waltoncountyfltourism.com/userfiles/SW_TDT_Collections_History_with_Monthly_FYTD_Comparisons.xlsx,2026-10-07,0b191d85e519e1371b055e93937490120a2898e6d8358f60962fb16932b1cb03,"Ay, Clerk tablosundaki dönem ayıdır; aylık raporlar bu dönemi bir sonraki ay alınmış olarak veriyor (ör. June 2026, Received during July 2026). Tutar o dönemin vergi oranıyla toplam tahsilattır; yıllar arası karşılaştırma için yuzde2_payi_usd kullanılmalı."
2022-04,FY2022,South Walton,5657023.91,2263028.44,FY2020-Present - 5% SW TDT,https://www.waltoncountyfltourism.com/userfiles/SW_TDT_Collections_History_with_Monthly_FYTD_Comparisons.xlsx,2026-10-07,0b191d85e519e1371b055e93937490120a2898e6d8358f60962fb16932b1cb03,"Ay, Clerk tablosundaki dönem ayıdır; aylık raporlar bu dönemi bir sonraki ay alınmış olarak veriyor (ör. June 2026, Received during July 2026). Tutar o dönemin vergi oranıyla toplam tahsilattır; yıllar arası karşılaştırma için yuzde2_payi_usd kullanılmalı."
2022-05,FY2022,South Walton,6028822.95,2411529.18,FY2020-Present - 5% SW TDT,https://www.waltoncountyfltourism.com/userfiles/SW_TDT_Collections_History_with_Monthly_FYTD_Comparisons.xlsx,2026-10-07,0b191d85e519e1371b055e93937490120a2898e6d8358f60962fb16932b1cb03,"Ay, Clerk tablosundaki dönem ayıdır; aylık raporlar bu dönemi bir sonraki ay alınmış olarak veriyor (ör. June 2026, Received during July 2026). Tutar o dönemin vergi oranıyla toplam tahsilattır; yıllar arası karşılaştırma için yuzde2_payi_usd kullanılmalı."
2022-06,FY2022,South Walton,11270295.19,4509916.95,FY2020-Present - 5% SW TDT,https://www.waltoncountyfltourism.com/userfiles/SW_TDT_Collections_History_with_Monthly_FYTD_Comparisons.xlsx,2026-10-07,0b191d85e519e1371b055e93937490120a2898e6d8358f60962fb16932b1cb03,"Ay, Clerk tablosundaki dönem ayıdır; aylık raporlar bu dönemi bir sonraki ay alınmış olarak veriyor (ör. June 2026, Received during July 2026). Tutar o dönemin vergi oranıyla toplam tahsilattır; yıllar arası karşılaştırma için yuzde2_payi_usd kullanılmalı."
2022-07,FY2022,South Walton,13221990.94,5289249.46,FY2020-Present - 5% SW TDT,https://www.waltoncountyfltourism.com/userfiles/SW_TDT_Collections_History_with_Monthly_FYTD_Comparisons.xlsx,2026-10-07,0b191d85e519e1371b055e93937490120a2898e6d8358f60962fb16932b1cb03,"Ay, Clerk tablosundaki dönem ayıdır; aylık raporlar bu dönemi bir sonraki ay alınmış olarak veriyor (ör. June 2026, Received during July 2026). Tutar o dönemin vergi oranıyla toplam tahsilattır; yıllar arası karşılaştırma için yuzde2_payi_usd kullanılmalı."
2022-08,FY2022,South Walton,5821774.51,2331924.63,FY2020-Present - 5% SW TDT,https://www.waltoncountyfltourism.com/userfiles/SW_TDT_Collections_History_with_Monthly_FYTD_Comparisons.xlsx,2026-10-07,0b191d85e519e1371b055e93937490120a2898e6d8358f60962fb16932b1cb03,"Ay, Clerk tablosundaki dönem ayıdır; aylık raporlar bu dönemi bir sonraki ay alınmış olarak veriyor (ör. June 2026, Received during July 2026). Tutar o dönemin vergi oranıyla toplam tahsilattır; yıllar arası karşılaştırma için yuzde2_payi_usd kullanılmalı."
2022-09,FY2022,South Walton,4677688.42,1873772.01,FY2020-Present - 5% SW TDT,https://www.waltoncountyfltourism.com/userfiles/SW_TDT_Collections_History_with_Monthly_FYTD_Comparisons.xlsx,2026-10-07,0b191d85e519e1371b055e93937490120a2898e6d8358f60962fb16932b1cb03,"Ay, Clerk tablosundaki dönem ayıdır; aylık raporlar bu dönemi bir sonraki ay alınmış olarak veriyor (ör. June 2026, Received during July 2026). Tutar o dönemin vergi oranıyla toplam tahsilattır; yıllar arası karşılaştırma için yuzde2_payi_usd kullanılmalı."
2022-10,FY2023,South Walton,4099362.48,1639809.93,FY2020-Present - 5% SW TDT,https://www.waltoncountyfltourism.com/userfiles/SW_TDT_Collections_History_with_Monthly_FYTD_Comparisons.xlsx,2026-10-07,0b191d85e519e1371b055e93937490120a2898e6d8358f60962fb16932b1cb03,"Ay, Clerk tablosundaki dönem ayıdır; aylık raporlar bu dönemi bir sonraki ay alınmış olarak veriyor (ör. June 2026, Received during July 2026). Tutar o dönemin vergi oranıyla toplam tahsilattır; yıllar arası karşılaştırma için yuzde2_payi_usd kullanılmalı."
2022-11,FY2023,South Walton,1983158.10,793537.39,FY2020-Present - 5% SW TDT,https://www.waltoncountyfltourism.com/userfiles/SW_TDT_Collections_History_with_Monthly_FYTD_Comparisons.xlsx,2026-10-07,0b191d85e519e1371b055e93937490120a2898e6d8358f60962fb16932b1cb03,"Ay, Clerk tablosundaki dönem ayıdır; aylık raporlar bu dönemi bir sonraki ay alınmış olarak veriyor (ör. June 2026, Received during July 2026). Tutar o dönemin vergi oranıyla toplam tahsilattır; yıllar arası karşılaştırma için yuzde2_payi_usd kullanılmalı."
2022-12,FY2023,South Walton,1488073.02,596201.79,FY2020-Present - 5% SW TDT,https://www.waltoncountyfltourism.com/userfiles/SW_TDT_Collections_History_with_Monthly_FYTD_Comparisons.xlsx,2026-10-07,0b191d85e519e1371b055e93937490120a2898e6d8358f60962fb16932b1cb03,"Ay, Clerk tablosundaki dönem ayıdır; aylık raporlar bu dönemi bir sonraki ay alınmış olarak veriyor (ör. June 2026, Received during July 2026). Tutar o dönemin vergi oranıyla toplam tahsilattır; yıllar arası karşılaştırma için yuzde2_payi_usd kullanılmalı."
2023-01,FY2023,South Walton,1277707.97,512267.05,FY2020-Present - 5% SW TDT,https://www.waltoncountyfltourism.com/userfiles/SW_TDT_Collections_History_with_Monthly_FYTD_Comparisons.xlsx,2026-10-07,0b191d85e519e1371b055e93937490120a2898e6d8358f60962fb16932b1cb03,"Ay, Clerk tablosundaki dönem ayıdır; aylık raporlar bu dönemi bir sonraki ay alınmış olarak veriyor (ör. June 2026, Received during July 2026). Tutar o dönemin vergi oranıyla toplam tahsilattır; yıllar arası karşılaştırma için yuzde2_payi_usd kullanılmalı."
2023-02,FY2023,South Walton,1599033.19,639643.00,FY2020-Present - 5% SW TDT,https://www.waltoncountyfltourism.com/userfiles/SW_TDT_Collections_History_with_Monthly_FYTD_Comparisons.xlsx,2026-10-07,0b191d85e519e1371b055e93937490120a2898e6d8358f60962fb16932b1cb03,"Ay, Clerk tablosundaki dönem ayıdır; aylık raporlar bu dönemi bir sonraki ay alınmış olarak veriyor (ör. June 2026, Received during July 2026). Tutar o dönemin vergi oranıyla toplam tahsilattır; yıllar arası karşılaştırma için yuzde2_payi_usd kullanılmalı."
2023-03,FY2023,South Walton,4894580.97,1957997.59,FY2020-Present - 5% SW TDT,https://www.waltoncountyfltourism.com/userfiles/SW_TDT_Collections_History_with_Monthly_FYTD_Comparisons.xlsx,2026-10-07,0b191d85e519e1371b055e93937490120a2898e6d8358f60962fb16932b1cb03,"Ay, Clerk tablosundaki dönem ayıdır; aylık raporlar bu dönemi bir sonraki ay alınmış olarak veriyor (ör. June 2026, Received during July 2026). Tutar o dönemin vergi oranıyla toplam tahsilattır; yıllar arası karşılaştırma için yuzde2_payi_usd kullanılmalı."
2023-04,FY2023,South Walton,5588887.59,2235643.66,FY2020-Present - 5% SW TDT,https://www.waltoncountyfltourism.com/userfiles/SW_TDT_Collections_History_with_Monthly_FYTD_Comparisons.xlsx,2026-10-07,0b191d85e519e1371b055e93937490120a2898e6d8358f60962fb16932b1cb03,"Ay, Clerk tablosundaki dönem ayıdır; aylık raporlar bu dönemi bir sonraki ay alınmış olarak veriyor (ör. June 2026, Received during July 2026). Tutar o dönemin vergi oranıyla toplam tahsilattır; yıllar arası karşılaştırma için yuzde2_payi_usd kullanılmalı."
2023-05,FY2023,South Walton,5831072.77,2333705.41,FY2020-Present - 5% SW TDT,https://www.waltoncountyfltourism.com/userfiles/SW_TDT_Collections_History_with_Monthly_FYTD_Comparisons.xlsx,2026-10-07,0b191d85e519e1371b055e93937490120a2898e6d8358f60962fb16932b1cb03,"Ay, Clerk tablosundaki dönem ayıdır; aylık raporlar bu dönemi bir sonraki ay alınmış olarak veriyor (ör. June 2026, Received during July 2026). Tutar o dönemin vergi oranıyla toplam tahsilattır; yıllar arası karşılaştırma için yuzde2_payi_usd kullanılmalı."
2023-06,FY2023,South Walton,11182226.28,4473411.50,FY2020-Present - 5% SW TDT,https://www.waltoncountyfltourism.com/userfiles/SW_TDT_Collections_History_with_Monthly_FYTD_Comparisons.xlsx,2026-10-07,0b191d85e519e1371b055e93937490120a2898e6d8358f60962fb16932b1cb03,"Ay, Clerk tablosundaki dönem ayıdır; aylık raporlar bu dönemi bir sonraki ay alınmış olarak veriyor (ör. June 2026, Received during July 2026). Tutar o dönemin vergi oranıyla toplam tahsilattır; yıllar arası karşılaştırma için yuzde2_payi_usd kullanılmalı."
2023-07,FY2023,South Walton,12125145.97,4851415.11,FY2020-Present - 5% SW TDT,https://www.waltoncountyfltourism.com/userfiles/SW_TDT_Collections_History_with_Monthly_FYTD_Comparisons.xlsx,2026-10-07,0b191d85e519e1371b055e93937490120a2898e6d8358f60962fb16932b1cb03,"Ay, Clerk tablosundaki dönem ayıdır; aylık raporlar bu dönemi bir sonraki ay alınmış olarak veriyor (ör. June 2026, Received during July 2026). Tutar o dönemin vergi oranıyla toplam tahsilattır; yıllar arası karşılaştırma için yuzde2_payi_usd kullanılmalı."
2023-08,FY2023,South Walton,5433317.90,2176669.61,FY2020-Present - 5% SW TDT,https://www.waltoncountyfltourism.com/userfiles/SW_TDT_Collections_History_with_Monthly_FYTD_Comparisons.xlsx,2026-10-07,0b191d85e519e1371b055e93937490120a2898e6d8358f60962fb16932b1cb03,"Ay, Clerk tablosundaki dönem ayıdır; aylık raporlar bu dönemi bir sonraki ay alınmış olarak veriyor (ör. June 2026, Received during July 2026). Tutar o dönemin vergi oranıyla toplam tahsilattır; yıllar arası karşılaştırma için yuzde2_payi_usd kullanılmalı."
2023-09,FY2023,South Walton,4514094.11,1807631.60,FY2020-Present - 5% SW TDT,https://www.waltoncountyfltourism.com/userfiles/SW_TDT_Collections_History_with_Monthly_FYTD_Comparisons.xlsx,2026-10-07,0b191d85e519e1371b055e93937490120a2898e6d8358f60962fb16932b1cb03,"Ay, Clerk tablosundaki dönem ayıdır; aylık raporlar bu dönemi bir sonraki ay alınmış olarak veriyor (ör. June 2026, Received during July 2026). Tutar o dönemin vergi oranıyla toplam tahsilattır; yıllar arası karşılaştırma için yuzde2_payi_usd kullanılmalı."
2023-10,FY2024,South Walton,3867741.52,1547462.78,FY2020-Present - 5% SW TDT,https://www.waltoncountyfltourism.com/userfiles/SW_TDT_Collections_History_with_Monthly_FYTD_Comparisons.xlsx,2026-10-07,0b191d85e519e1371b055e93937490120a2898e6d8358f60962fb16932b1cb03,"Ay, Clerk tablosundaki dönem ayıdır; aylık raporlar bu dönemi bir sonraki ay alınmış olarak veriyor (ör. June 2026, Received during July 2026). Tutar o dönemin vergi oranıyla toplam tahsilattır; yıllar arası karşılaştırma için yuzde2_payi_usd kullanılmalı."
2023-11,FY2024,South Walton,2113443.08,846016.21,FY2020-Present - 5% SW TDT,https://www.waltoncountyfltourism.com/userfiles/SW_TDT_Collections_History_with_Monthly_FYTD_Comparisons.xlsx,2026-10-07,0b191d85e519e1371b055e93937490120a2898e6d8358f60962fb16932b1cb03,"Ay, Clerk tablosundaki dönem ayıdır; aylık raporlar bu dönemi bir sonraki ay alınmış olarak veriyor (ör. June 2026, Received during July 2026). Tutar o dönemin vergi oranıyla toplam tahsilattır; yıllar arası karşılaştırma için yuzde2_payi_usd kullanılmalı."
2023-12,FY2024,South Walton,1622995.13,651442.53,FY2020-Present - 5% SW TDT,https://www.waltoncountyfltourism.com/userfiles/SW_TDT_Collections_History_with_Monthly_FYTD_Comparisons.xlsx,2026-10-07,0b191d85e519e1371b055e93937490120a2898e6d8358f60962fb16932b1cb03,"Ay, Clerk tablosundaki dönem ayıdır; aylık raporlar bu dönemi bir sonraki ay alınmış olarak veriyor (ör. June 2026, Received during July 2026). Tutar o dönemin vergi oranıyla toplam tahsilattır; yıllar arası karşılaştırma için yuzde2_payi_usd kullanılmalı."
2024-01,FY2024,South Walton,1368050.75,549744.56,FY2020-Present - 5% SW TDT,https://www.waltoncountyfltourism.com/userfiles/SW_TDT_Collections_History_with_Monthly_FYTD_Comparisons.xlsx,2026-10-07,0b191d85e519e1371b055e93937490120a2898e6d8358f60962fb16932b1cb03,"Ay, Clerk tablosundaki dönem ayıdır; aylık raporlar bu dönemi bir sonraki ay alınmış olarak veriyor (ör. June 2026, Received during July 2026). Tutar o dönemin vergi oranıyla toplam tahsilattır; yıllar arası karşılaştırma için yuzde2_payi_usd kullanılmalı."
2024-02,FY2024,South Walton,1490049.00,597824.02,FY2020-Present - 5% SW TDT,https://www.waltoncountyfltourism.com/userfiles/SW_TDT_Collections_History_with_Monthly_FYTD_Comparisons.xlsx,2026-10-07,0b191d85e519e1371b055e93937490120a2898e6d8358f60962fb16932b1cb03,"Ay, Clerk tablosundaki dönem ayıdır; aylık raporlar bu dönemi bir sonraki ay alınmış olarak veriyor (ör. June 2026, Received during July 2026). Tutar o dönemin vergi oranıyla toplam tahsilattır; yıllar arası karşılaştırma için yuzde2_payi_usd kullanılmalı."
2024-03,FY2024,South Walton,5635617.95,2254454.14,FY2020-Present - 5% SW TDT,https://www.waltoncountyfltourism.com/userfiles/SW_TDT_Collections_History_with_Monthly_FYTD_Comparisons.xlsx,2026-10-07,0b191d85e519e1371b055e93937490120a2898e6d8358f60962fb16932b1cb03,"Ay, Clerk tablosundaki dönem ayıdır; aylık raporlar bu dönemi bir sonraki ay alınmış olarak veriyor (ör. June 2026, Received during July 2026). Tutar o dönemin vergi oranıyla toplam tahsilattır; yıllar arası karşılaştırma için yuzde2_payi_usd kullanılmalı."
2024-04,FY2024,South Walton,4581675.91,1832670.37,FY2020-Present - 5% SW TDT,https://www.waltoncountyfltourism.com/userfiles/SW_TDT_Collections_History_with_Monthly_FYTD_Comparisons.xlsx,2026-10-07,0b191d85e519e1371b055e93937490120a2898e6d8358f60962fb16932b1cb03,"Ay, Clerk tablosundaki dönem ayıdır; aylık raporlar bu dönemi bir sonraki ay alınmış olarak veriyor (ör. June 2026, Received during July 2026). Tutar o dönemin vergi oranıyla toplam tahsilattır; yıllar arası karşılaştırma için yuzde2_payi_usd kullanılmalı."
2024-05,FY2024,South Walton,6482929.77,2593171.92,FY2020-Present - 5% SW TDT,https://www.waltoncountyfltourism.com/userfiles/SW_TDT_Collections_History_with_Monthly_FYTD_Comparisons.xlsx,2026-10-07,0b191d85e519e1371b055e93937490120a2898e6d8358f60962fb16932b1cb03,"Ay, Clerk tablosundaki dönem ayıdır; aylık raporlar bu dönemi bir sonraki ay alınmış olarak veriyor (ör. June 2026, Received during July 2026). Tutar o dönemin vergi oranıyla toplam tahsilattır; yıllar arası karşılaştırma için yuzde2_payi_usd kullanılmalı."
2024-06,FY2024,South Walton,11902523.69,4761009.47,FY2020-Present - 5% SW TDT,https://www.waltoncountyfltourism.com/userfiles/SW_TDT_Collections_History_with_Monthly_FYTD_Comparisons.xlsx,2026-10-07,0b191d85e519e1371b055e93937490120a2898e6d8358f60962fb16932b1cb03,"Ay, Clerk tablosundaki dönem ayıdır; aylık raporlar bu dönemi bir sonraki ay alınmış olarak veriyor (ör. June 2026, Received during July 2026). Tutar o dönemin vergi oranıyla toplam tahsilattır; yıllar arası karşılaştırma için yuzde2_payi_usd kullanılmalı."
2024-07,FY2024,South Walton,11486300.06,4594612.99,FY2020-Present - 5% SW TDT,https://www.waltoncountyfltourism.com/userfiles/SW_TDT_Collections_History_with_Monthly_FYTD_Comparisons.xlsx,2026-10-07,0b191d85e519e1371b055e93937490120a2898e6d8358f60962fb16932b1cb03,"Ay, Clerk tablosundaki dönem ayıdır; aylık raporlar bu dönemi bir sonraki ay alınmış olarak veriyor (ör. June 2026, Received during July 2026). Tutar o dönemin vergi oranıyla toplam tahsilattır; yıllar arası karşılaştırma için yuzde2_payi_usd kullanılmalı."
2024-08,FY2024,South Walton,5677045.79,2271316.09,FY2020-Present - 5% SW TDT,https://www.waltoncountyfltourism.com/userfiles/SW_TDT_Collections_History_with_Monthly_FYTD_Comparisons.xlsx,2026-10-07,0b191d85e519e1371b055e93937490120a2898e6d8358f60962fb16932b1cb03,"Ay, Clerk tablosundaki dönem ayıdır; aylık raporlar bu dönemi bir sonraki ay alınmış olarak veriyor (ör. June 2026, Received during July 2026). Tutar o dönemin vergi oranıyla toplam tahsilattır; yıllar arası karşılaştırma için yuzde2_payi_usd kullanılmalı."
2024-09,FY2024,South Walton,3817821.46,1528063.52,FY2020-Present - 5% SW TDT,https://www.waltoncountyfltourism.com/userfiles/SW_TDT_Collections_History_with_Monthly_FYTD_Comparisons.xlsx,2026-10-07,0b191d85e519e1371b055e93937490120a2898e6d8358f60962fb16932b1cb03,"Ay, Clerk tablosundaki dönem ayıdır; aylık raporlar bu dönemi bir sonraki ay alınmış olarak veriyor (ör. June 2026, Received during July 2026). Tutar o dönemin vergi oranıyla toplam tahsilattır; yıllar arası karşılaştırma için yuzde2_payi_usd kullanılmalı."
2024-10,FY2025,South Walton,4076174.02,1632296.19,FY2020-Present - 5% SW TDT,https://www.waltoncountyfltourism.com/userfiles/SW_TDT_Collections_History_with_Monthly_FYTD_Comparisons.xlsx,2026-10-07,0b191d85e519e1371b055e93937490120a2898e6d8358f60962fb16932b1cb03,"Ay, Clerk tablosundaki dönem ayıdır; aylık raporlar bu dönemi bir sonraki ay alınmış olarak veriyor (ör. June 2026, Received during July 2026). Tutar o dönemin vergi oranıyla toplam tahsilattır; yıllar arası karşılaştırma için yuzde2_payi_usd kullanılmalı."
2024-11,FY2025,South Walton,1288397.57,515359.03,FY2020-Present - 5% SW TDT,https://www.waltoncountyfltourism.com/userfiles/SW_TDT_Collections_History_with_Monthly_FYTD_Comparisons.xlsx,2026-10-07,0b191d85e519e1371b055e93937490120a2898e6d8358f60962fb16932b1cb03,"Ay, Clerk tablosundaki dönem ayıdır; aylık raporlar bu dönemi bir sonraki ay alınmış olarak veriyor (ör. June 2026, Received during July 2026). Tutar o dönemin vergi oranıyla toplam tahsilattır; yıllar arası karşılaştırma için yuzde2_payi_usd kullanılmalı."
2024-12,FY2025,South Walton,1648368.87,659347.55,FY2020-Present - 5% SW TDT,https://www.waltoncountyfltourism.com/userfiles/SW_TDT_Collections_History_with_Monthly_FYTD_Comparisons.xlsx,2026-10-07,0b191d85e519e1371b055e93937490120a2898e6d8358f60962fb16932b1cb03,"Ay, Clerk tablosundaki dönem ayıdır; aylık raporlar bu dönemi bir sonraki ay alınmış olarak veriyor (ör. June 2026, Received during July 2026). Tutar o dönemin vergi oranıyla toplam tahsilattır; yıllar arası karşılaştırma için yuzde2_payi_usd kullanılmalı."
2025-01,FY2025,South Walton,1228172.30,491268.92,FY2020-Present - 5% SW TDT,https://www.waltoncountyfltourism.com/userfiles/SW_TDT_Collections_History_with_Monthly_FYTD_Comparisons.xlsx,2026-10-07,0b191d85e519e1371b055e93937490120a2898e6d8358f60962fb16932b1cb03,"Ay, Clerk tablosundaki dönem ayıdır; aylık raporlar bu dönemi bir sonraki ay alınmış olarak veriyor (ör. June 2026, Received during July 2026). Tutar o dönemin vergi oranıyla toplam tahsilattır; yıllar arası karşılaştırma için yuzde2_payi_usd kullanılmalı."
2025-02,FY2025,South Walton,1348249.45,539299.78,FY2020-Present - 5% SW TDT,https://www.waltoncountyfltourism.com/userfiles/SW_TDT_Collections_History_with_Monthly_FYTD_Comparisons.xlsx,2026-10-07,0b191d85e519e1371b055e93937490120a2898e6d8358f60962fb16932b1cb03,"Ay, Clerk tablosundaki dönem ayıdır; aylık raporlar bu dönemi bir sonraki ay alınmış olarak veriyor (ör. June 2026, Received during July 2026). Tutar o dönemin vergi oranıyla toplam tahsilattır; yıllar arası karşılaştırma için yuzde2_payi_usd kullanılmalı."
2025-03,FY2025,South Walton,5021168.15,2008467.26,FY2020-Present - 5% SW TDT,https://www.waltoncountyfltourism.com/userfiles/SW_TDT_Collections_History_with_Monthly_FYTD_Comparisons.xlsx,2026-10-07,0b191d85e519e1371b055e93937490120a2898e6d8358f60962fb16932b1cb03,"Ay, Clerk tablosundaki dönem ayıdır; aylık raporlar bu dönemi bir sonraki ay alınmış olarak veriyor (ör. June 2026, Received during July 2026). Tutar o dönemin vergi oranıyla toplam tahsilattır; yıllar arası karşılaştırma için yuzde2_payi_usd kullanılmalı."
2025-04,FY2025,South Walton,5087751.55,2035100.62,FY2020-Present - 5% SW TDT,https://www.waltoncountyfltourism.com/userfiles/SW_TDT_Collections_History_with_Monthly_FYTD_Comparisons.xlsx,2026-10-07,0b191d85e519e1371b055e93937490120a2898e6d8358f60962fb16932b1cb03,"Ay, Clerk tablosundaki dönem ayıdır; aylık raporlar bu dönemi bir sonraki ay alınmış olarak veriyor (ör. June 2026, Received during July 2026). Tutar o dönemin vergi oranıyla toplam tahsilattır; yıllar arası karşılaştırma için yuzde2_payi_usd kullanılmalı."
2025-05,FY2025,South Walton,7191075.31,2876430.12,FY2020-Present - 5% SW TDT,https://www.waltoncountyfltourism.com/userfiles/SW_TDT_Collections_History_with_Monthly_FYTD_Comparisons.xlsx,2026-10-07,0b191d85e519e1371b055e93937490120a2898e6d8358f60962fb16932b1cb03,"Ay, Clerk tablosundaki dönem ayıdır; aylık raporlar bu dönemi bir sonraki ay alınmış olarak veriyor (ör. June 2026, Received during July 2026). Tutar o dönemin vergi oranıyla toplam tahsilattır; yıllar arası karşılaştırma için yuzde2_payi_usd kullanılmalı."
2025-06,FY2025,South Walton,11127813.00,4451125.20,FY2020-Present - 5% SW TDT,https://www.waltoncountyfltourism.com/userfiles/SW_TDT_Collections_History_with_Monthly_FYTD_Comparisons.xlsx,2026-10-07,0b191d85e519e1371b055e93937490120a2898e6d8358f60962fb16932b1cb03,"Ay, Clerk tablosundaki dönem ayıdır; aylık raporlar bu dönemi bir sonraki ay alınmış olarak veriyor (ör. June 2026, Received during July 2026). Tutar o dönemin vergi oranıyla toplam tahsilattır; yıllar arası karşılaştırma için yuzde2_payi_usd kullanılmalı."
2025-07,FY2025,South Walton,12104946.04,4841978.42,FY2020-Present - 5% SW TDT,https://www.waltoncountyfltourism.com/userfiles/SW_TDT_Collections_History_with_Monthly_FYTD_Comparisons.xlsx,2026-10-07,0b191d85e519e1371b055e93937490120a2898e6d8358f60962fb16932b1cb03,"Ay, Clerk tablosundaki dönem ayıdır; aylık raporlar bu dönemi bir sonraki ay alınmış olarak veriyor (ör. June 2026, Received during July 2026). Tutar o dönemin vergi oranıyla toplam tahsilattır; yıllar arası karşılaştırma için yuzde2_payi_usd kullanılmalı."
2025-08,FY2025,South Walton,6248105.33,2499242.13,FY2020-Present - 5% SW TDT,https://www.waltoncountyfltourism.com/userfiles/SW_TDT_Collections_History_with_Monthly_FYTD_Comparisons.xlsx,2026-10-07,0b191d85e519e1371b055e93937490120a2898e6d8358f60962fb16932b1cb03,"Ay, Clerk tablosundaki dönem ayıdır; aylık raporlar bu dönemi bir sonraki ay alınmış olarak veriyor (ör. June 2026, Received during July 2026). Tutar o dönemin vergi oranıyla toplam tahsilattır; yıllar arası karşılaştırma için yuzde2_payi_usd kullanılmalı."
2025-09,FY2025,South Walton,3622058.37,1448823.35,FY2020-Present - 5% SW TDT,https://www.waltoncountyfltourism.com/userfiles/SW_TDT_Collections_History_with_Monthly_FYTD_Comparisons.xlsx,2026-10-07,0b191d85e519e1371b055e93937490120a2898e6d8358f60962fb16932b1cb03,"Ay, Clerk tablosundaki dönem ayıdır; aylık raporlar bu dönemi bir sonraki ay alınmış olarak veriyor (ör. June 2026, Received during July 2026). Tutar o dönemin vergi oranıyla toplam tahsilattır; yıllar arası karşılaştırma için yuzde2_payi_usd kullanılmalı."
2025-10,FY2026,South Walton,4506295.07,1802518.03,FY2020-Present - 5% SW TDT,https://www.waltoncountyfltourism.com/userfiles/SW_TDT_Collections_History_with_Monthly_FYTD_Comparisons.xlsx,2026-10-07,0b191d85e519e1371b055e93937490120a2898e6d8358f60962fb16932b1cb03,"Ay, Clerk tablosundaki dönem ayıdır; aylık raporlar bu dönemi bir sonraki ay alınmış olarak veriyor (ör. June 2026, Received during July 2026). Tutar o dönemin vergi oranıyla toplam tahsilattır; yıllar arası karşılaştırma için yuzde2_payi_usd kullanılmalı."
2025-11,FY2026,South Walton,2191528.16,876611.26,FY2020-Present - 5% SW TDT,https://www.waltoncountyfltourism.com/userfiles/SW_TDT_Collections_History_with_Monthly_FYTD_Comparisons.xlsx,2026-10-07,0b191d85e519e1371b055e93937490120a2898e6d8358f60962fb16932b1cb03,"Ay, Clerk tablosundaki dönem ayıdır; aylık raporlar bu dönemi bir sonraki ay alınmış olarak veriyor (ör. June 2026, Received during July 2026). Tutar o dönemin vergi oranıyla toplam tahsilattır; yıllar arası karşılaştırma için yuzde2_payi_usd kullanılmalı."
2025-12,FY2026,South Walton,1439394.27,575757.71,FY2020-Present - 5% SW TDT,https://www.waltoncountyfltourism.com/userfiles/SW_TDT_Collections_History_with_Monthly_FYTD_Comparisons.xlsx,2026-10-07,0b191d85e519e1371b055e93937490120a2898e6d8358f60962fb16932b1cb03,"Ay, Clerk tablosundaki dönem ayıdır; aylık raporlar bu dönemi bir sonraki ay alınmış olarak veriyor (ör. June 2026, Received during July 2026). Tutar o dönemin vergi oranıyla toplam tahsilattır; yıllar arası karşılaştırma için yuzde2_payi_usd kullanılmalı."
2026-01,FY2026,South Walton,1323370.61,529348.24,FY2020-Present - 5% SW TDT,https://www.waltoncountyfltourism.com/userfiles/SW_TDT_Collections_History_with_Monthly_FYTD_Comparisons.xlsx,2026-10-07,0b191d85e519e1371b055e93937490120a2898e6d8358f60962fb16932b1cb03,"Ay, Clerk tablosundaki dönem ayıdır; aylık raporlar bu dönemi bir sonraki ay alınmış olarak veriyor (ör. June 2026, Received during July 2026). Tutar o dönemin vergi oranıyla toplam tahsilattır; yıllar arası karşılaştırma için yuzde2_payi_usd kullanılmalı."
2026-02,FY2026,South Walton,1551715.34,620686.14,FY2020-Present - 5% SW TDT,https://www.waltoncountyfltourism.com/userfiles/SW_TDT_Collections_History_with_Monthly_FYTD_Comparisons.xlsx,2026-10-07,0b191d85e519e1371b055e93937490120a2898e6d8358f60962fb16932b1cb03,"Ay, Clerk tablosundaki dönem ayıdır; aylık raporlar bu dönemi bir sonraki ay alınmış olarak veriyor (ör. June 2026, Received during July 2026). Tutar o dönemin vergi oranıyla toplam tahsilattır; yıllar arası karşılaştırma için yuzde2_payi_usd kullanılmalı."
2026-03,FY2026,South Walton,5126914.35,2050765.74,FY2020-Present - 5% SW TDT,https://www.waltoncountyfltourism.com/userfiles/SW_TDT_Collections_History_with_Monthly_FYTD_Comparisons.xlsx,2026-10-07,0b191d85e519e1371b055e93937490120a2898e6d8358f60962fb16932b1cb03,"Ay, Clerk tablosundaki dönem ayıdır; aylık raporlar bu dönemi bir sonraki ay alınmış olarak veriyor (ör. June 2026, Received during July 2026). Tutar o dönemin vergi oranıyla toplam tahsilattır; yıllar arası karşılaştırma için yuzde2_payi_usd kullanılmalı."
2026-04,FY2026,South Walton,6158494.16,2463397.66,FY2020-Present - 5% SW TDT,https://www.waltoncountyfltourism.com/userfiles/SW_TDT_Collections_History_with_Monthly_FYTD_Comparisons.xlsx,2026-10-07,0b191d85e519e1371b055e93937490120a2898e6d8358f60962fb16932b1cb03,"Ay, Clerk tablosundaki dönem ayıdır; aylık raporlar bu dönemi bir sonraki ay alınmış olarak veriyor (ör. June 2026, Received during July 2026). Tutar o dönemin vergi oranıyla toplam tahsilattır; yıllar arası karşılaştırma için yuzde2_payi_usd kullanılmalı."
2026-05,FY2026,South Walton,7926827.81,3170731.12,FY2020-Present - 5% SW TDT,https://www.waltoncountyfltourism.com/userfiles/SW_TDT_Collections_History_with_Monthly_FYTD_Comparisons.xlsx,2026-10-07,0b191d85e519e1371b055e93937490120a2898e6d8358f60962fb16932b1cb03,"Ay, Clerk tablosundaki dönem ayıdır; aylık raporlar bu dönemi bir sonraki ay alınmış olarak veriyor (ör. June 2026, Received during July 2026). Tutar o dönemin vergi oranıyla toplam tahsilattır; yıllar arası karşılaştırma için yuzde2_payi_usd kullanılmalı."
2026-06,FY2026,South Walton,11945425.14,4778170.06,FY2020-Present - 5% SW TDT,https://www.waltoncountyfltourism.com/userfiles/SW_TDT_Collections_History_with_Monthly_FYTD_Comparisons.xlsx,2026-10-07,0b191d85e519e1371b055e93937490120a2898e6d8358f60962fb16932b1cb03,"Ay, Clerk tablosundaki dönem ayıdır; aylık raporlar bu dönemi bir sonraki ay alınmış olarak veriyor (ör. June 2026, Received during July 2026). Tutar o dönemin vergi oranıyla toplam tahsilattır; yıllar arası karşılaştırma için yuzde2_payi_usd kullanılmalı."
2026-07,FY2026,South Walton,13251786.59,5300714.64,FY2020-Present - 5% SW TDT,https://www.waltoncountyfltourism.com/userfiles/SW_TDT_Collections_History_with_Monthly_FYTD_Comparisons.xlsx,2026-10-07,0b191d85e519e1371b055e93937490120a2898e6d8358f60962fb16932b1cb03,"Ay, Clerk tablosundaki dönem ayıdır; aylık raporlar bu dönemi bir sonraki ay alınmış olarak veriyor (ör. June 2026, Received during July 2026). Tutar o dönemin vergi oranıyla toplam tahsilattır; yıllar arası karşılaştırma için yuzde2_payi_usd kullanılmalı."
