id,konu,ifade,deger,birim,kapsam,kaynak_adi,kaynak_sahibi,kaynak_url,belge_konumu,kisa_alinti,belge_tarihi,erisim_tarihi,belge_sha256,guven,durum,celiski_notu,yeniden_kontrol_tarihi,not
kural-kapsam,plaj-kurallari,Walton County's beach rules apply to the beaches and water bodies south of Highway 20.,Highway 20'nin güneyi,,Walton County,"Walton County Ordinance 2025-22 (Code of Ordinances, Chapter 22: Waterways and Beach Activities)",Walton County Board of County Commissioners,https://www.mywaltonfl.gov/DocumentCenter/View/44588/Ordinance-2025-22-Waterways--Beach-Activities-Ordinance?bidId=,"Sec. 22-53, s. 6",This chapter shall govern conduct on the beach and water bodies south of Highway 20.,2025-11-24,2026-10-07,7e10397148d3dce2538c3275b585218ba451ddabeb594bff1db9f0b6a1e8e974,birincil,dogrulandi,,2027-10-07,
kural-hayvan-yasagi,plaj-kurallari,"Animals are banned from Walton County's public beaches, except service animals and dogs with a county permit.",yasak (istisnalı),,Walton County,"Walton County Ordinance 2025-22 (Code of Ordinances, Chapter 22: Waterways and Beach Activities)",Walton County Board of County Commissioners,https://www.mywaltonfl.gov/DocumentCenter/View/44588/Ordinance-2025-22-Waterways--Beach-Activities-Ordinance?bidId=,"Sec. 22-31(a), s. 5",All animals shall be prohibited from public beaches of the County except:,2025-11-24,2026-10-07,7e10397148d3dce2538c3275b585218ba451ddabeb594bff1db9f0b6a1e8e974,birincil,dogrulandi,,2027-10-07,
kural-kopek-izin-saat,plaj-kurallari,"A county dog permit, available only to Walton County property owners and permanent residents, allows a leashed dog on the beach from 3:30 p.m. to 8:30 a.m.",15:30–08:30,saat aralığı,Walton County,"Walton County Ordinance 2025-22 (Code of Ordinances, Chapter 22: Waterways and Beach Activities)",Walton County Board of County Commissioners,https://www.mywaltonfl.gov/DocumentCenter/View/44588/Ordinance-2025-22-Waterways--Beach-Activities-Ordinance?bidId=,"Sec. 22-31(a)(2), s. 5",The permit will allow leashed dogs on the beach between the hours of 3:30 p.m. and 8:30 a.m. of the following day.,2025-11-24,2026-10-07,7e10397148d3dce2538c3275b585218ba451ddabeb594bff1db9f0b6a1e8e974,birincil,dogrulandi,,2027-10-07,"İzin yıllık, 31 Temmuz gece yarısı biter; kuduz aşısı belgesi gerekir (Sec. 22-31(c))."
kural-cam,plaj-kurallari,Glass or ceramic bottles and containers are not allowed on the beach.,yasak,,Walton County,"Walton County Ordinance 2025-22 (Code of Ordinances, Chapter 22: Waterways and Beach Activities)",Walton County Board of County Commissioners,https://www.mywaltonfl.gov/DocumentCenter/View/44588/Ordinance-2025-22-Waterways--Beach-Activities-Ordinance?bidId=,"Sec. 22-54(d), s. 9","It shall be unlawful for any person while on the beach to possess or utilize any glass or ceramic item, bottle, or container.",2025-11-24,2026-10-07,7e10397148d3dce2538c3275b585218ba451ddabeb594bff1db9f0b6a1e8e974,birincil,dogrulandi,,2027-10-07,
kural-cadir-olcu,plaj-kurallari,"On county beaches, a tent's total footprint may not exceed 10 by 10 feet.",10×10,ft,Walton County,"Walton County Ordinance 2025-22 (Code of Ordinances, Chapter 22: Waterways and Beach Activities)",Walton County Board of County Commissioners,https://www.mywaltonfl.gov/DocumentCenter/View/44588/Ordinance-2025-22-Waterways--Beach-Activities-Ordinance?bidId=,"Sec. 22-54(q), s. 12",a tent with a total footprint larger than ten feet by ten feet (10’ x 10’),2025-11-24,2026-10-07,7e10397148d3dce2538c3275b585218ba451ddabeb594bff1db9f0b6a1e8e974,birincil,dogrulandi,,2027-10-07,"Kural ilçenin sahip olduğu, kiraladığı, tahsis edilen veya bakımını yaptığı plajlar için yazılmış; hangi kıyı kesiminin bu kapsamda olduğunu belge göstermiyor."
kural-cadir-yer,plaj-kurallari,"Tents on county beaches must stay in the landward half of the beach, except at Grayton Beach, with a 4-foot walkway between tents.",kara tarafındaki yarı; çadırlar arası 4,ft,Walton County,"Walton County Ordinance 2025-22 (Code of Ordinances, Chapter 22: Waterways and Beach Activities)",Walton County Board of County Commissioners,https://www.mywaltonfl.gov/DocumentCenter/View/44588/Ordinance-2025-22-Waterways--Beach-Activities-Ordinance?bidId=,"Sec. 22-54(q), s. 12","limited to the upland one-half (1/2) of the beach, except Grayton Beach, and have a (4) four-foot walkway between tents",2025-11-24,2026-10-07,7e10397148d3dce2538c3275b585218ba451ddabeb594bff1db9f0b6a1e8e974,birincil,dogrulandi,,2027-10-07,"Kural ilçenin sahip olduğu, kiraladığı, tahsis edilen veya bakımını yaptığı plajlar için yazılmış; hangi kıyı kesiminin bu kapsamda olduğunu belge göstermiyor."
kural-semsiye-olcu,plaj-kurallari,"On county beaches, an umbrella's total footprint may not exceed 8 by 8 feet.",8×8,ft,Walton County,"Walton County Ordinance 2025-22 (Code of Ordinances, Chapter 22: Waterways and Beach Activities)",Walton County Board of County Commissioners,https://www.mywaltonfl.gov/DocumentCenter/View/44588/Ordinance-2025-22-Waterways--Beach-Activities-Ordinance?bidId=,"Sec. 22-54(r), s. 12",an umbrella with a total footprint larger than eight feet x eight feet (8’x 8’),2025-11-24,2026-10-07,7e10397148d3dce2538c3275b585218ba451ddabeb594bff1db9f0b6a1e8e974,birincil,dogrulandi,,2027-10-07,"Kural ilçenin sahip olduğu, kiraladığı, tahsis edilen veya bakımını yaptığı plajlar için yazılmış; hangi kıyı kesiminin bu kapsamda olduğunu belge göstermiyor."
kural-15-ft,plaj-kurallari,"Beach equipment may not be set up within 15 feet of the seawall, the toe of the dune or the dune vegetation line on county beaches.",15,ft,Walton County,"Walton County Ordinance 2025-22 (Code of Ordinances, Chapter 22: Waterways and Beach Activities)",Walton County Board of County Commissioners,https://www.mywaltonfl.gov/DocumentCenter/View/44588/Ordinance-2025-22-Waterways--Beach-Activities-Ordinance?bidId=,"Sec. 22-54(s), s. 12","Beach equipment shall not be placed within fifteen (15) feet of the seawall, toe of the dune, or line of permanent dune vegetation",2025-11-24,2026-10-07,7e10397148d3dce2538c3275b585218ba451ddabeb594bff1db9f0b6a1e8e974,birincil,dogrulandi,,2027-10-07,"Aynı fıkra ıslak kumda yürüyüşün engellenmemesini de istiyor. Kural ilçenin sahip olduğu, kiraladığı, tahsis edilen veya bakımını yaptığı plajlar için yazılmış; hangi kıyı kesiminin bu kapsamda olduğunu belge göstermiyor."
kural-gece-esya,plaj-kurallari,"Without a county permit, personal items may not be left on the beach from one hour after sunset until one hour after sunrise.",gün batımı + 1 saat → gün doğumu + 1 saat,,Walton County,"Walton County Ordinance 2025-22 (Code of Ordinances, Chapter 22: Waterways and Beach Activities)",Walton County Board of County Commissioners,https://www.mywaltonfl.gov/DocumentCenter/View/44588/Ordinance-2025-22-Waterways--Beach-Activities-Ordinance?bidId=,"Sec. 22-54(g)(1), s. 9",leave an item of personal property on the beach between one (1) hour after sunset and one (1) hour after sunrise,2025-11-24,2026-10-07,7e10397148d3dce2538c3275b585218ba451ddabeb594bff1db9f0b6a1e8e974,birincil,dogrulandi,,2027-10-07,
kural-gece-esya-terk,plaj-kurallari,Items left on the beach overnight without a permit are treated as abandoned and become county property.,terk edilmiş sayılır,,Walton County,"Walton County Ordinance 2025-22 (Code of Ordinances, Chapter 22: Waterways and Beach Activities)",Walton County Board of County Commissioners,https://www.mywaltonfl.gov/DocumentCenter/View/44588/Ordinance-2025-22-Waterways--Beach-Activities-Ordinance?bidId=,"Sec. 22-54(g)(3), s. 10",shall be deemed abandoned and shall become the property of the county,2025-11-24,2026-10-07,7e10397148d3dce2538c3275b585218ba451ddabeb594bff1db9f0b6a1e8e974,birincil,dogrulandi,,2027-10-07,
kural-ates-izin,plaj-kurallari,A bonfire or any other open flame on the Gulf beach requires a permit.,izin gerekli,,Walton County,"Walton County Ordinance 2025-22 (Code of Ordinances, Chapter 22: Waterways and Beach Activities)",Walton County Board of County Commissioners,https://www.mywaltonfl.gov/DocumentCenter/View/44588/Ordinance-2025-22-Waterways--Beach-Activities-Ordinance?bidId=,"Sec. 22-54(b)(1)a, s. 6","a bonfire, or other activity that results in an open flame on the beach of the Gulf of America, without a permit",2025-11-24,2026-10-07,7e10397148d3dce2538c3275b585218ba451ddabeb594bff1db9f0b6a1e8e974,birincil,dogrulandi,,2027-10-07,İzni South Walton Fire District verir (Sec. 22-54(b)(1)h); bkz. ates-izni-swfd.
kural-ates-mesafe,plaj-kurallari,"Beach fires must be at least 200 feet from a marked turtle nest, 50 feet from the vegetation line and 100 feet from any habitable structure.",200 / 50 / 100,ft,Walton County,"Walton County Ordinance 2025-22 (Code of Ordinances, Chapter 22: Waterways and Beach Activities)",Walton County Board of County Commissioners,https://www.mywaltonfl.gov/DocumentCenter/View/44588/Ordinance-2025-22-Waterways--Beach-Activities-Ordinance?bidId=,"Sec. 22-54(b)(1)b–c, s. 6",No fires will be allowed within 200 feet of a marked turtle nest.,2025-11-24,2026-10-07,7e10397148d3dce2538c3275b585218ba451ddabeb594bff1db9f0b6a1e8e974,birincil,dogrulandi,,2027-10-07,50 ft bitki çizgisi ve 100 ft yapı mesafesi aynı sayfada (b)(1)c fıkrasında.
kural-ates-saat-mart-ekim,plaj-kurallari,"From March through October, bonfire pits may not be placed on the beach before 5 p.m., and all remnants must be removed by midnight.",17:00–24:00,saat aralığı,Walton County,"Walton County Ordinance 2025-22 (Code of Ordinances, Chapter 22: Waterways and Beach Activities)",Walton County Board of County Commissioners,https://www.mywaltonfl.gov/DocumentCenter/View/44588/Ordinance-2025-22-Waterways--Beach-Activities-Ordinance?bidId=,"Sec. 22-54(b)(1)e, s. 6–7","bonfire pits, beach equipment, and any evidence thereof shall not be placed on the beach prior to 5:00 pm",2025-11-24,2026-10-07,7e10397148d3dce2538c3275b585218ba451ddabeb594bff1db9f0b6a1e8e974,birincil,dogrulandi,,2027-10-07,
kural-ates-saat-kasim-subat,plaj-kurallari,"From November through February, bonfire pits may not be placed on the beach before 4 p.m., and remnants must be removed by 11 p.m.",16:00–23:00,saat aralığı,Walton County,"Walton County Ordinance 2025-22 (Code of Ordinances, Chapter 22: Waterways and Beach Activities)",Walton County Board of County Commissioners,https://www.mywaltonfl.gov/DocumentCenter/View/44588/Ordinance-2025-22-Waterways--Beach-Activities-Ordinance?bidId=,"Sec. 22-54(b)(1)e, s. 7",shall not be placed on the beach prior to 4:00 p.m. and any evidence of or remnants from fires must be removed 11:00pm,2025-11-24,2026-10-07,7e10397148d3dce2538c3275b585218ba451ddabeb594bff1db9f0b6a1e8e974,birincil,dogrulandi,,2027-10-07,
kural-izgara,plaj-kurallari,Charcoal grills are not allowed on the beach; small propane grills may be permitted.,kömür ızgara yasak,,Walton County,"Walton County Ordinance 2025-22 (Code of Ordinances, Chapter 22: Waterways and Beach Activities)",Walton County Board of County Commissioners,https://www.mywaltonfl.gov/DocumentCenter/View/44588/Ordinance-2025-22-Waterways--Beach-Activities-Ordinance?bidId=,"Sec. 22-54(b)(1)g, s. 7",It shall be unlawful and a violation of the ordinance for a person to use a charcoal grill on the beach.,2025-11-24,2026-10-07,7e10397148d3dce2538c3275b585218ba451ddabeb594bff1db9f0b6a1e8e974,birincil,dogrulandi,,2027-10-07,Propan ızgara en fazla 1 lb tüp ve 225 inç² altı pişirme yüzeyiyle izne bağlı olabilir (aynı fıkra).
kural-havai-fisek,plaj-kurallari,Personal fireworks are prohibited on county beaches and beach accesses.,yasak,,Walton County,"Walton County Ordinance 2025-22 (Code of Ordinances, Chapter 22: Waterways and Beach Activities)",Walton County Board of County Commissioners,https://www.mywaltonfl.gov/DocumentCenter/View/44588/Ordinance-2025-22-Waterways--Beach-Activities-Ordinance?bidId=,"Sec. 22-54(b)(2)d, s. 8","Personal or individual use of fireworks is prohibited on any beach or beach access owned, leased, dedicated to, or maintained by the County.",2025-11-24,2026-10-07,7e10397148d3dce2538c3275b585218ba451ddabeb594bff1db9f0b6a1e8e974,birincil,dogrulandi,,2027-10-07,Gösteri havai fişeği SWFD iznine bağlı ((b)(2)a).
kural-gece-kamp,plaj-kurallari,"Camping overnight is not allowed on county beaches, beach accesses, dunes or parking areas.",yasak,,Walton County,"Walton County Ordinance 2025-22 (Code of Ordinances, Chapter 22: Waterways and Beach Activities)",Walton County Board of County Commissioners,https://www.mywaltonfl.gov/DocumentCenter/View/44588/Ordinance-2025-22-Waterways--Beach-Activities-Ordinance?bidId=,"Sec. 22-54(a), s. 6","It shall be unlawful to camp overnight on any beach, beach access, beach dune system, parking area",2025-11-24,2026-10-07,7e10397148d3dce2538c3275b585218ba451ddabeb594bff1db9f0b6a1e8e974,birincil,dogrulandi,,2027-10-07,
kural-cukur,plaj-kurallari,"Holes dug on the beach must be attended and filled before leaving, and may be no larger than 3 by 3 feet and no deeper than 2 feet.","3×3, derinlik en fazla 2",ft,Walton County,"Walton County Ordinance 2025-22 (Code of Ordinances, Chapter 22: Waterways and Beach Activities)",Walton County Board of County Commissioners,https://www.mywaltonfl.gov/DocumentCenter/View/44588/Ordinance-2025-22-Waterways--Beach-Activities-Ordinance?bidId=,"Sec. 22-54(k), s. 11",cannot be larger than 3 feet x 3 feet and no deeper than 2 feet,2025-11-24,2026-10-07,7e10397148d3dce2538c3275b585218ba451ddabeb594bff1db9f0b6a1e8e974,birincil,dogrulandi,,2027-10-07,
kural-metal-kurek,plaj-kurallari,Steel-blade shovels and other metal digging tools are not allowed on county beaches.,yasak,,Walton County,"Walton County Ordinance 2025-22 (Code of Ordinances, Chapter 22: Waterways and Beach Activities)",Walton County Board of County Commissioners,https://www.mywaltonfl.gov/DocumentCenter/View/44588/Ordinance-2025-22-Waterways--Beach-Activities-Ordinance?bidId=,"Sec. 22-54(p), s. 12",to use or possess a steel blade shovel or other metal tools made for digging/excavating sand,2025-11-24,2026-10-07,7e10397148d3dce2538c3275b585218ba451ddabeb594bff1db9f0b6a1e8e974,birincil,dogrulandi,,2027-10-07,"İlçe, şerif, SWFD ve belirli yer satıcıları hariç. Kural ilçenin sahip olduğu, kiraladığı, tahsis edilen veya bakımını yaptığı plajlar için yazılmış; hangi kıyı kesiminin bu kapsamda olduğunu belge göstermiyor."
kural-kapatma-emri,plaj-kurallari,It is unlawful to disobey an official order closing the beach or the water next to it.,uymak zorunlu,,Walton County,"Walton County Ordinance 2025-22 (Code of Ordinances, Chapter 22: Waterways and Beach Activities)",Walton County Board of County Commissioners,https://www.mywaltonfl.gov/DocumentCenter/View/44588/Ordinance-2025-22-Waterways--Beach-Activities-Ordinance?bidId=,"Sec. 22-54(h)(3), s. 11",to violate any order closing the beach or water adjacent to the beach,2025-11-24,2026-10-07,7e10397148d3dce2538c3275b585218ba451ddabeb594bff1db9f0b6a1e8e974,birincil,dogrulandi,,2027-10-07,"Sörf tahtasıyla sörf yapanlar, zorunlu tahliye emri yoksa muaf (aynı fıkra). Bayrak renkleri bu bölümde tanımlanmıyor; anlamları guvenlik satırlarında (SWFD)."
kural-kaplumbaga-sezonu,plaj-kurallari,"Under the county beach code, sea turtle nesting season runs from May 1 to October 31.",1 Mayıs–31 Ekim,,Walton County,"Walton County Ordinance 2025-22 (Code of Ordinances, Chapter 22: Waterways and Beach Activities)",Walton County Board of County Commissioners,https://www.mywaltonfl.gov/DocumentCenter/View/44588/Ordinance-2025-22-Waterways--Beach-Activities-Ordinance?bidId=,"Sec. 22-02 (Definitions), s. 3",Sea turtle nesting season means May 1 to October 31 of any given year.,2025-11-24,2026-10-07,7e10397148d3dce2538c3275b585218ba451ddabeb594bff1db9f0b6a1e8e974,birincil,dogrulandi,,2027-10-07,
kural-kaplumbaga-gece-surus,plaj-kurallari,"During sea turtle nesting season, permitted beach driving is banned from 10 p.m. to 8 a.m.",22:00–08:00,saat aralığı,Walton County,"Walton County Ordinance 2025-22 (Code of Ordinances, Chapter 22: Waterways and Beach Activities)",Walton County Board of County Commissioners,https://www.mywaltonfl.gov/DocumentCenter/View/44588/Ordinance-2025-22-Waterways--Beach-Activities-Ordinance?bidId=,"Sec. 22-57(q), s. 17",During turtle nesting season driving is prohibited from 10:00 p.m. until 8:00 a.m.,2025-11-24,2026-10-07,7e10397148d3dce2538c3275b585218ba451ddabeb594bff1db9f0b6a1e8e974,birincil,dogrulandi,,2027-10-07,Yalnız izinli plaj araçları için; gün batımı–22:00 arası kırmızı filtreli kısık far. Sezonda ateş yuvaya 200 ft'ten yakın olamaz (kural-ates-mesafe). Mülk aydınlatması ayrı yönetmelikte; aranmadı.
kural-otopark-gece,plaj-kurallari,Overnight parking is not allowed in county-maintained beach access parking lots.,yasak,,Walton County,"Walton County Ordinance 2025-22 (Code of Ordinances, Chapter 22: Waterways and Beach Activities)",Walton County Board of County Commissioners,https://www.mywaltonfl.gov/DocumentCenter/View/44588/Ordinance-2025-22-Waterways--Beach-Activities-Ordinance?bidId=,"Sec. 22-61, s. 25",No overnight parking or blocking of parking spaces or blocking of emergency vehicle access points is permitted in the county-maintained beach access parking lots.,2025-11-24,2026-10-07,7e10397148d3dce2538c3275b585218ba451ddabeb594bff1db9f0b6a1e8e974,birincil,dogrulandi,,2027-10-07,
kural-ceza,plaj-kurallari,Breaking a county beach rule is a civil infraction with a fine of up to $500 for each occurrence.,500,USD (üst sınır),Walton County,"Walton County Ordinance 2025-22 (Code of Ordinances, Chapter 22: Waterways and Beach Activities)",Walton County Board of County Commissioners,https://www.mywaltonfl.gov/DocumentCenter/View/44588/Ordinance-2025-22-Waterways--Beach-Activities-Ordinance?bidId=,"Sec. 22-62(a), s. 26",A violation of any provision of this chapter shall constitute a civil infraction punishable by a fine not to exceed $500.00.,2025-11-24,2026-10-07,7e10397148d3dce2538c3275b585218ba451ddabeb594bff1db9f0b6a1e8e974,birincil,dogrulandi,,2027-10-07,Süren ihlalde her gün ayrı ihlal sayılır; ceza tutarlarını kurul kararla belirler (aynı fıkra).
kural-alkol,plaj-kurallari,Chapter 22 of the Walton County code contains no provision on alcohol.,bu bölümde hüküm yok,,Walton County,"Walton County Ordinance 2025-22 (Code of Ordinances, Chapter 22: Waterways and Beach Activities)",Walton County Board of County Commissioners,https://www.mywaltonfl.gov/DocumentCenter/View/44588/Ordinance-2025-22-Waterways--Beach-Activities-Ordinance?bidId=,"Chapter 22, s. 1–27 (tamamı)",,2025-11-24,2026-10-07,7e10397148d3dce2538c3275b585218ba451ddabeb594bff1db9f0b6a1e8e974,birincil,dogrulandi,,2027-10-07,"Metinde 'Alcohol' yalnız Sec. 22-54(b)(2)a'daki 'Bureau of Alcohol, Tobacco, and Firearms' adında geçiyor. Bu satır tek başına alkolün serbest olduğu anlamına gelmez; GÖREV-07'de başka kaynaklar arandı: alkol-plaj-vsw, alkol-eyalet-parki, alkol-21-yas, alkol-lsv."
alkol-plaj-vsw,plaj-kurallari,"Walton County's tourism department says adults of legal drinking age may drink alcohol on the beach, but only from cans or plastic, never glass.",yasal yaştaki yetişkinlere serbest; yalnız kutu veya plastik,,South Walton,Visit South Walton — Planning Your Sunset Beach Picnic,Walton County Tourism Department (Visit South Walton),https://www.visitsouthwalton.com/blog/planning-your-sunset-beach-picnic/,Leave No Trace — 'Alcohol for adults only',"Alcohol is allowed for adults of legal age, but all drinks must be in cans or plastic.",,2026-10-07,cc8dcfb82d1431df3a007e0bea513fda9ef07da5523b577a0194a870db84dd06,ikincil,dogrulandi,,2027-10-07,"Aynı paragraf eyalet parklarında alkolün yasak olduğunu hatırlatıyor ve camın bütün plajlarda yasak olduğunu yazıyor (cam yasağı: kural-cam, Sec. 22-54(d)). İlçe plaj yönetmeliğinde (Bölüm 22) alkol hükmü yok (kural-alkol); bu satır ilçe turizm dairesinin özeti, yönetmelik metni değil. Walton County Code'un diğer bölümlerinde plajda alkolü düzenleyen bir hüküm bu görevde bulunamadı."
alkol-eyalet-parki,plaj-kurallari,"In Florida state parks, such as Grayton Beach, Topsail Hill Preserve and Deer Lake, drinking alcohol is prohibited except in restaurants and lodges that sell it and at park-sanctioned events.",yasak (istisnalı),,Florida,"Florida Administrative Code, Rule 62D-2.014 (Activities and Recreation, state parks)","Florida Department of Environmental Protection, Division of Recreation and Parks",https://flrules.org/gateway/readFile.asp?sid=0&tid=4056848&type=1&file=62D-2.014.doc,Rule 62D-2.014(12) Alcoholic Beverages,Consumption of alcoholic beverages is prohibited except in restaurants and lodges that provide sales of such alcohol,2007-04-30,2026-10-07,62fb6af2ba4357ba1aa2c13af53ed546f4196f9170c811554c7e8e8776812207,birincil,dogrulandi,,2027-10-07,"Kuralın devamı: 'and during park-sanctioned events such as special events, within designated areas only.' Kural metninin son sürümü 30 Nisan 2007'den beri yürürlükte (flrules.org kaydı). Parkların adları kuralda geçmez; kural bütün eyalet parkları içindir."
alkol-21-yas,plaj-kurallari,Florida law prohibits anyone under 21 from possessing alcoholic beverages.,21,yaş (en az),Florida,"The 2026 Florida Statutes, s. 562.111 (Possession of alcoholic beverages by persons under age 21 prohibited)",Florida Legislature,https://www.leg.state.fl.us/statutes/index.cfm?App_mode=Display_Statute&URL=0500-0599/0562/Sections/0562.111.html,s. 562.111(1),It is unlawful for any person under the age of 21 years,2026,2026-10-07,d01e463a88ffd225b778cf61d56fb6e51908e2a41738fa71a9997ce26d895718,birincil,dogrulandi,,2027-10-07,İstisnalar: iş gereği taşıyanlar ve yükseköğretim müfredatındaki tadım ((1)–(2)).
alkol-lsv,plaj-kurallari,The Walton County Sheriff's Office says no open alcohol containers are allowed in a low-speed vehicle.,yasak,,Walton County,Walton County Sheriff's Office — Low Speed Vehicle Laws,Walton County Sheriff's Office,https://waltonso.org/lsv/,Laws for all driver & passengers of LSVs,NO open alcohol containers are allowed in a low-speed vehicle.,,2026-10-07,9e5aa357836fc8dd817de00a40e68af58a58dffe5be4e7ca010cb854300cb735,birincil,dogrulandi,,2027-10-07,"Sayfaya göre ceza sürücüye 161 $, yolcuya 111 $ (Florida Uniform Traffic Citation)."
bayrak-yesil,guvenlik,"A green flag means low hazard: calm conditions, but swimmers should still be careful.",yeşil,bayrak,South Walton,South Walton Fire District — Surf Conditions,South Walton Fire District,https://www.swfd.org/beach-safety/surf-conditions,What do the flags stand for?,"GREEN: LOW HAZARD - Calm Condition, Exercise Caution",,2026-10-07,fcf3202424bb03fd78cb551af29e88f09564519d721d4e0d860b581761fafbf6,birincil,dogrulandi,,2027-10-07,Florida'nın 2005'te yasalaşan plaj uyarı bayrağı sistemi (aynı sayfa).
bayrak-sari,guvenlik,A yellow flag means medium hazard: moderate surf and/or moderate currents.,sarı,bayrak,South Walton,South Walton Fire District — Surf Conditions,South Walton Fire District,https://www.swfd.org/beach-safety/surf-conditions,What do the flags stand for?,YELLOW: MEDIUM HAZARD - Moderate Surf and/or Moderate Currents,,2026-10-07,fcf3202424bb03fd78cb551af29e88f09564519d721d4e0d860b581761fafbf6,birincil,dogrulandi,,2027-10-07,
bayrak-kirmizi,guvenlik,A red flag means high hazard: high surf and/or strong currents.,kırmızı,bayrak,South Walton,South Walton Fire District — Surf Conditions,South Walton Fire District,https://www.swfd.org/beach-safety/surf-conditions,What do the flags stand for?,RED: HIGH HAZARD - High Surf and/or Strong Currents,,2026-10-07,fcf3202424bb03fd78cb551af29e88f09564519d721d4e0d860b581761fafbf6,birincil,dogrulandi,,2027-10-07,
bayrak-cift-kirmizi,guvenlik,Double red flags mean the water is closed to the public.,çift kırmızı,bayrak,South Walton,South Walton Fire District — Surf Conditions,South Walton Fire District,https://www.swfd.org/beach-safety/surf-conditions,What do the flags stand for?,DOUBLE RED: Water closed to public,,2026-10-07,fcf3202424bb03fd78cb551af29e88f09564519d721d4e0d860b581761fafbf6,birincil,dogrulandi,,2027-10-07,
bayrak-mor,guvenlik,"A purple flag means marine pests are present, and it can fly together with another flag.",mor,bayrak,South Walton,South Walton Fire District — Surf Conditions,South Walton Fire District,https://www.swfd.org/beach-safety/surf-conditions,What do the flags stand for?,PURPLE: Marine Pests Present. Purple can also be used in context with other flags to indicate pest conditions.,,2026-10-07,fcf3202424bb03fd78cb551af29e88f09564519d721d4e0d860b581761fafbf6,birincil,dogrulandi,,2027-10-07,
bayrak-ilce-geneli,guvenlik,"The flag flown at every beach access reflects the most dangerous conditions anywhere on the county's beaches, so a given beach may look calmer than its flag.",ilçe genelindeki en tehlikeli koşul,,South Walton,South Walton Fire District — Surf Conditions,South Walton Fire District,https://www.swfd.org/beach-safety/surf-conditions,What do the flags stand for?,Flag colors are determined by the most dangerous surf or rip conditions within the county's beaches,,2026-10-07,fcf3202424bb03fd78cb551af29e88f09564519d721d4e0d860b581761fafbf6,birincil,dogrulandi,,2027-10-07,
bayrak-gunde-iki-kez,guvenlik,The fire district's beach safety division checks conditions on its 26 miles of beach twice a day to decide the flags.,2,kez/gün,South Walton,South Walton Fire District — FAQ's,South Walton Fire District,https://www.swfd.org/news-notices/faq-s,FAQ's — What is the Beach Flag System?,evaluates the conditions of our 26 miles of beaches twice a day to determine beach conditions and beach flag determination,,2026-10-07,0387a5479bc7d9bf232597a05cfd7f528c8d61b6639abf882b801ddc8fd7616d,birincil,dogrulandi,,2027-10-07,
ates-izni-swfd,guvenlik,Every beach bonfire in South Walton needs a permit from the South Walton Fire District.,izin gerekli,,South Walton,South Walton Fire District — Beach Bonfires (2026 SWFD Beach Bonfire Guidelines),South Walton Fire District,https://www.swfd.org/beach-safety/beach-bonfires,Beach Bonfires — Please Note,All beach bonfires are required to be permitted through the South Walton Fire District.,2026,2026-10-07,95da9634919102343428d85229bccd408be4d3ed629440136f1cc5776a4bcd29,birincil,dogrulandi,,2027-10-07,İzin çevrim içi alınır; saatler ve mesafeler yönetmelikle aynı (kural-ates-*).
ates-izni-yas,guvenlik,Beach bonfire permits are issued only to people aged 18 or older.,18,yaş (en az),South Walton,South Walton Fire District — Beach Bonfires (2026 SWFD Beach Bonfire Guidelines),South Walton Fire District,https://www.swfd.org/beach-safety/beach-bonfires,2026 SWFD Beach Bonfire Guidelines — Age Requirements,Permits are issued to persons 18 years or older.,2026,2026-10-07,95da9634919102343428d85229bccd408be4d3ed629440136f1cc5776a4bcd29,birincil,dogrulandi,,2027-10-07,
ates-izinsiz-ceza,guvenlik,"According to the fire district, lighting a beach fire without a permit carries a $500 penalty.",500,USD,South Walton,South Walton Fire District — Beach Bonfires (2026 SWFD Beach Bonfire Guidelines),South Walton Fire District,https://www.swfd.org/beach-safety/beach-bonfires,2026 SWFD Beach Bonfire Guidelines — Penalties,Penalties for lighting a fire on the beach without a permit is $500.00,2026,2026-10-07,95da9634919102343428d85229bccd408be4d3ed629440136f1cc5776a4bcd29,birincil,dogrulandi,,2027-10-07,Sayfa Walton County Resolution 2021-151'e atıf yapıyor; karar metni alınmadı.
cankurtaran-swfd,guvenlik,"The fire district's FAQ says lifeguards patrol 8 tower locations from 10 a.m. to 6 p.m. daily, from March 1 through September 30.",1 Mart–30 Eylül; 10:00–18:00; 8 kule,,South Walton,South Walton Fire District — FAQ's,South Walton Fire District,https://www.swfd.org/news-notices/faq-s,FAQ's — When do South Walton Fire District Lifeguards patrol the beach?,"Lifeguards are on patrol at the 8 Tower locations from 10:00 AM till 6:00 PM, seven days a week from March 1st through September 30th.",,2026-10-07,0387a5479bc7d9bf232597a05cfd7f528c8d61b6639abf882b801ddc8fd7616d,birincil,yerine_gecildi,Visit South Walton Beach Safety sayfası cankurtaranları 1 Mart–31 Ekim diye veriyor (cankurtaran-vsw); plaj erişim haritasının açıklaması da 'between March and October' diyor. SWFD SSS sayfası tarihsiz. Hangisinin güncel olduğuna karar verilmedi.,2027-02-01,GÖREV-07 (7 Ekim 2026): 2026 sezonunun tarihli bilgisi bulundu; yerine geçen: cankurtaran-2026. SSS sayfası 7 Ekim 2026'da hâlâ 30 Eylül diyor.
cankurtaran-vsw,guvenlik,"Visit South Walton says lifeguards are available at the regional beach accesses from March 1 to October 31, with limited roving coverage year-round.",1 Mart–31 Ekim,,South Walton,Visit South Walton — Beach Safety,Walton County Tourism Department (Visit South Walton),https://www.visitsouthwalton.com/beach-safety/,Lifeguard Information,Lifeguards are available at Regional Beach Accesses March 1 - October 31 with limited roving coverage year-round.,,2026-10-07,2db694541f1da9a22c8b3642076dde152c27ab0fc726410feed2ced4743850de,ikincil,yerine_gecildi,"South Walton Fire District SSS sayfası 1 Mart–30 Eylül, 10:00–18:00, 8 kule diyor (cankurtaran-swfd). Cankurtaranları SWFD çalıştırıyor; turizm sayfası ikincil özet.",2027-02-01,GÖREV-07 (7 Ekim 2026): tarihleri 2026 sezonu bilgisiyle aynı; yerine geçen: cankurtaran-2026.
cankurtaran-2026,guvenlik,"In the 2026 season, South Walton Fire District lifeguards staff the towers from 10 a.m. to 6 p.m. daily from March 1 through October 31.",1 Mart–31 Ekim 2026; 10:00–18:00,,South Walton,SoWal.com — South Walton Fire District Lifeguards In Full Force On The Beaches For 2026,SoWal.com (yerel haber sitesi; SWFD Beach Safety Director alıntısıyla),https://new.sowal.com/story/south-walton-fire-district-lifeguards-in-full-force-on-the-beaches-for-2026,"2 Mart 2026 haberi, 2. paragraf","From now through October 31, you’ll find these dedicated professionals staffing towers from 10 a.m. to 6 p.m. daily.",2026-03-02,2026-10-07,7b7c0f3093e935d08b3d31b676a79071df8d254c934912286189a740a46bc0eb,ikincil,dogrulandi,,2027-02-01,2026 sezonuna ait bulunan tek tarihli kaynak; sezonun 1 Mart 2026 Pazar başladığını ve Seagrove Regional Beach Access'e 19. kulenin planlandığını da yazıyor (SWFD Beach Safety Director David Vaughan alıntısıyla). Tarih ve saatler Walton County Tourism'in Beach Safety sayfasıyla (cankurtaran-vsw) aynı. SWFD'nin kendi sitesinde 2026 duyurusu bulunamadı (haber ve duyuru listesi 7 Ekim 2026'da tarandı); SWFD SSS sayfası tarihsiz ve 30 Eylül diyor (cankurtaran-swfd). Kaynak yerel haber sitesi olduğu için güven ikincil.
erisim-rosemary-yok,plaj-erisimi,Visit South Walton's 2023 parking guide lists no public beach access in Rosemary Beach.,halka açık plaj erişimi yok,,30A,Visit South Walton — Guide to Beach Parking and Transportation,Walton County Tourism Department (Visit South Walton),https://www.visitsouthwalton.com/blog/guide-beach-parking-transportation/,Where to Park in South Walton by Neighborhood — ROSEMARY BEACH,ROSEMARY BEACH No Public Beach Access,2023-05-04,2026-10-07,68f06d985a954ce380820cbd3332960fa23886ab007a7122b6441b8fe5a85075,birincil,dogrulandi,,2027-10-07,Rehber 2023-05-04 tarihli; mahallede yalnız dükkân otoparkı bilgisi veriyor.
erisim-alys-yok,plaj-erisimi,Visit South Walton's 2023 parking guide lists no public beach access in Alys Beach.,halka açık plaj erişimi yok,,30A,Visit South Walton — Guide to Beach Parking and Transportation,Walton County Tourism Department (Visit South Walton),https://www.visitsouthwalton.com/blog/guide-beach-parking-transportation/,Where to Park in South Walton by Neighborhood — ALYS BEACH,ALYS BEACH No Public Beach Access,2023-05-04,2026-10-07,68f06d985a954ce380820cbd3332960fa23886ab007a7122b6441b8fe5a85075,birincil,dogrulandi,,2027-10-07,Rehber 2023-05-04 tarihli.
erisim-bolgesel-tanim,plaj-erisimi,"South Walton has 11 regional beach accesses, from Miramar Beach in the west to Inlet Beach in the east, with restrooms, parking, showers and bike racks.",11,bölgesel erişim,South Walton,Visit South Walton — Beach and Bay Access Locations (harita açıklaması),Walton County Tourism Department (Visit South Walton),https://www.visitsouthwalton.com/beach-bay-access-locations/,Beach Access Legend — Regional Beach Access,Our 11 RBAs can be found on public beaches from Miramar Beach in the west to Inlet Beach in the east.,2026-09-21,2026-10-07,9626021dd61f85a590c34a5a7616ea7f6b267e41b2c92c44289d94f5b8316ffe,birincil,dogrulandi,,2027-10-07,"Aynı açıklama: tuvalet, otopark, duş, bisiklet park yeri; bazılarında ADA erişimi; bayrak ve Mart–Ekim arası cankurtaran."
erisim-mahalle-tanim,plaj-erisimi,"Neighborhood beach accesses are smaller public accesses inside neighborhoods, meant mainly for people arriving on foot.",,,South Walton,Visit South Walton — Beach and Bay Access Locations (harita açıklaması),Walton County Tourism Department (Visit South Walton),https://www.visitsouthwalton.com/beach-bay-access-locations/,Beach Access Legend — Neighborhood Beach Access,These smaller public beach accesses are located within neighborhoods and designed primarily for walk-up traffic.,2026-09-21,2026-10-07,9626021dd61f85a590c34a5a7616ea7f6b267e41b2c92c44289d94f5b8316ffe,birincil,dogrulandi,,2027-10-07,
erisim-islak-kum,plaj-erisimi,Visit South Walton says Walton County has 26 miles of beach and everyone may walk the wet sand along all of it.,26,mil,Walton County,Visit South Walton — Beach and Bay Access Locations (harita açıklaması),Walton County Tourism Department (Visit South Walton),https://www.visitsouthwalton.com/beach-bay-access-locations/,Beach Access Info,everyone can traverse the wet sand area along our entire 26 miles of beach.,2026-09-21,2026-10-07,9626021dd61f85a590c34a5a7616ea7f6b267e41b2c92c44289d94f5b8316ffe,birincil,dogrulandi,,2027-10-07,SWFD sayfaları da 26 mil diyor.
park-ride-ucret-grayton,plaj-erisimi,Parking at the Grayton Beach Park and Ride lot on Highway 283 costs $5 an hour or $15 for the full day.,5 / 15,USD (saat / gün),30A,Visit South Walton — Guide to Beach Parking and Transportation,Walton County Tourism Department (Visit South Walton),https://www.visitsouthwalton.com/blog/guide-beach-parking-transportation/,GRAYTON BEACH,Parking at this lot is $5 per hour or $15 for the full day.,2023-05-04,2026-10-07,68f06d985a954ce380820cbd3332960fa23886ab007a7122b6441b8fe5a85075,birincil,dogrulandi,,2027-10-07,Rehber 2023 tarihli; güncel ücretler için rehber parkwaltonco.org'u gösteriyor (alınmadı).
park-ride-ucret-393,plaj-erisimi,Parking at the 393 Beach Park and Ride lot on Highway 393 costs $5 an hour or $15 for the full day.,5 / 15,USD (saat / gün),South Walton,Visit South Walton — Guide to Beach Parking and Transportation,Walton County Tourism Department (Visit South Walton),https://www.visitsouthwalton.com/blog/guide-beach-parking-transportation/,"BLUE MOUNTAIN BEACH, GULF PLACE, DUNE ALLEN",Parking at this lot is $5 per hour or $15 for the full day.,2023-05-04,2026-10-07,68f06d985a954ce380820cbd3332960fa23886ab007a7122b6441b8fe5a85075,birincil,dogrulandi,,2027-10-07,Rehber 2023 tarihli; güncel ücretler için rehber parkwaltonco.org'u gösteriyor (alınmadı).
servis-ucretsiz-grayton,plaj-erisimi,"From the Grayton Beach Park and Ride, a free shuttle to the beach runs daily from 6 a.m. to 9:45 p.m. or as needed.",06:00–21:45,saat aralığı,30A,Visit South Walton — Guide to Beach Parking and Transportation,Walton County Tourism Department (Visit South Walton),https://www.visitsouthwalton.com/blog/guide-beach-parking-transportation/,Parking Alternatives in South Walton,"guests can enjoy free pick-up and drop-off near the west beach access, running daily from 6 a.m. to 9:45 p.m. or as needed",2023-05-04,2026-10-07,68f06d985a954ce380820cbd3332960fa23886ab007a7122b6441b8fe5a85075,birincil,dogrulandi,,2027-10-07,Hizmet Walton County Tourism Department'ın Beach Park and Ride programı; yazın Grayton Beach State Park'a da gidiyor (aynı paragraf).
servis-393-duraklar,plaj-erisimi,"The 393 Beach Park and Ride drops riders at the Ed Walline, Blue Mountain, Fort Panic and Dune Allen regional accesses.",4,durak,South Walton,Visit South Walton — Guide to Beach Parking and Transportation,Walton County Tourism Department (Visit South Walton),https://www.visitsouthwalton.com/blog/guide-beach-parking-transportation/,Parking Alternatives in South Walton,"drops off at Ed Walline RBA, Blue Mountain RBA, Ft. Panic RBA, Dune Allen RBA",2023-05-04,2026-10-07,68f06d985a954ce380820cbd3332960fa23886ab007a7122b6441b8fe5a85075,birincil,dogrulandi,,2027-10-07,Yazın Topsail Hill Preserve State Park'a da gidiyor (aynı cümle).
servis-seaside,plaj-erisimi,A free Seaside Shuttle runs daily from 6 a.m. to midnight between Highway 331 and the center of Seaside.,06:00–24:00,saat aralığı,30A,Visit South Walton — Guide to Beach Parking and Transportation,Walton County Tourism Department (Visit South Walton),https://www.visitsouthwalton.com/blog/guide-beach-parking-transportation/,SEASIDE,The free Seaside Shuttle operates daily from 6 a.m. to midnight.,2023-05-04,2026-10-07,68f06d985a954ce380820cbd3332960fa23886ab007a7122b6441b8fe5a85075,ikincil,dogrulandi,,2027-10-07,Servisin işletmecisi rehberde yazmıyor.
otopark-seaside-ucret,plaj-erisimi,"Seaside charges hourly parking around Smolian Circle and other designated spots, with rates that vary by day, occupancy and town events.","saatlik, değişken",,30A,SEASIDE® — Managed Parking and Shuttle Services to Return to SEASIDE® for 2026,SEASIDE® (topluluğun resmî sitesi),https://seasidefl.com/news/managed-parking-and-shuttle-services-to-return-to-seaside/,Managed Parking Program,"hourly rates will vary along Smolian Circle and other designated parking spots based on the day, occupancy levels, and town events.",2026-02-03,2026-10-07,561abed8249ddeca7a452560d9406f6bc17b731ed75ff23089ab580567554a03,birincil,dogrulandi,,2027-10-07,"Ücret tutarı sayfada yok. Ödeme kısa mesajla veya Passport Parking uygulamasıyla. Sayfa içinde tarih tutarsızlığı var: başlık 'Begins Saturday, March 1, 2026', metin 'Starting Sunday, March 1, 2025' diyor (1 Mart 2026 Pazar). Town Center'da kalanlara kiralama şirketleri park izni veriyor."
otopark-seaside-servis,plaj-erisimi,Seaside's complimentary shuttle runs daily from 6 a.m. to midnight from a designated lot off Highway 331 South to the center of town.,06:00–24:00,saat aralığı,30A,SEASIDE® — Managed Parking and Shuttle Services to Return to SEASIDE® for 2026,SEASIDE® (topluluğun resmî sitesi),https://seasidefl.com/news/managed-parking-and-shuttle-services-to-return-to-seaside/,Complimentary Shuttle Service,"The shuttle will operate daily from 6 a.m. to midnight, running three shuttles at all times.",2026-02-03,2026-10-07,561abed8249ddeca7a452560d9406f6bc17b731ed75ff23089ab580567554a03,birincil,dogrulandi,,2027-10-07,"Otopark: 'designated SEASIDE® lot located off Hwy. 331 S.'; iniş Lyceum Archway. Servis çalışanlar, misafirler ve yerliler için ücretsiz. Aynı bilgi Visit South Walton rehberinde de var (servis-seaside)."
otopark-alys-ucretsiz,plaj-erisimi,"Visitors to Alys Beach may park for free in marked spaces around the Town Center amphitheatre, in a lot behind George's and along the side roads parallel to 30A.",ücretsiz (işaretli yerler),,30A,Alys Beach — Location,Alys Beach (topluluğun resmî sitesi),https://alysbeach.com/location/,Location — Parking,Visitors to Alys Beach may park for free in the marked spaces around the Amphitheatre in Town Center,2026-07-28,2026-10-07,2a7873c7850c084a1a4a595d367806df49eacf9ab32a9ee7235837330846ec99,birincil,dogrulandi,,2027-10-07,Aynı paragraf: North Castle Harbour Drive'daki açık otopark ve 30A'ya paralel La Garza Lane ile Sugar Lump Lane. Bina arkasındaki park alanları yalnız ev sahipleri ve Alys Beach Vacation kiracıları için; ihlalde ceza kesiliyor.
erisim-alys-ozel,plaj-erisimi,"Alys Beach says its beach and beach accesses are private amenities for homeowners and Alys Beach Vacation rental guests, not open to the public.",halka kapalı,,30A,Alys Beach — Location,Alys Beach (topluluğun resmî sitesi),https://alysbeach.com/location/,Location,Please note that the beach and beach accesses in Alys Beach are considered private amenities for our homeowners and Alys Beach Vacation rental guests.,2026-07-28,2026-10-07,2a7873c7850c084a1a4a595d367806df49eacf9ab32a9ee7235837330846ec99,birincil,dogrulandi,,2027-10-07,Devam cümlesi: 'These areas are not open to the public.' Visit South Walton rehberiyle aynı (erisim-alys-yok). Islak kumda yürüme kuralı için bkz. erisim-islak-kum.
otopark-watercolor,plaj-erisimi,Paid parking spaces are available throughout the WaterColor resort and are managed by the WaterColor Community Association.,ücretli,,30A,WaterColor Inn — FAQ,WaterColor Inn & Resort,https://www.watercolorresort.com/faq,FAQ — Parking: Where is parking for WaterColor Inn?,Paid parking spots are available throughout the WaterColor resort and is managed by the WaterColor Community Association.,,2026-10-07,b7c16edce2688a57dc6a5fe03c133f975043c39ae5c5f3d5e0991ffccadd7694,ikincil,dogrulandi,,2027-10-07,"Kaynak WaterColor Inn'in SSS'si; otoparkı yöneten dernek değil, bu yüzden güven ikincil. Ücret tutarı yok. Otel misafirlerine vale veya kendi park ücretsiz. WaterColor'ın plaj erişimi için sayfa yalnız otel misafirlerine yönelik bilgi veriyor; halka açık erişim hakkında bir şey söylemiyor."
otopark-rosemary,plaj-erisimi,"Visit South Walton's 2023 parking guide says Rosemary Beach has no public beach access and that shop parking is available first-come, first-served along Barrett Square.",Barrett Square boyunca dükkân otoparkı (ilk gelen alır),,30A,Visit South Walton — Guide to Beach Parking and Transportation,Walton County Tourism Department (Visit South Walton),https://www.visitsouthwalton.com/blog/guide-beach-parking-transportation/,Where to Park in South Walton by Neighborhood — ROSEMARY BEACH,"Shop parking available; first-come, first-served along Barrett Square.",2023-05-04,2026-10-07,68f06d985a954ce380820cbd3332960fa23886ab007a7122b6441b8fe5a85075,ikincil,dogrulandi,,2027-10-07,"GÖREV-07'de rosemarybeach.com (Rosemary Beach Cottage Rental Company) sayfalarında ziyaretçi otoparkı bilgisi bulunamamıştı. GÖREV-08 (8 Ekim 2026): şirketin 'Know Before You Go' sayfası da (g8-rosemary-know-before-you-go.html) yalnız kiracılara verilen park kartından söz ediyor; topluluk derneğinin (RBPOA) resmî bir park sayfası bulunamadı. Bu yüzden ziyaretçi bilgisi ilçe turizm dairesinin rehberinden; rehber 2023 tarihli, ücret veya süre sınırı vermiyor."
otopark-watersound,plaj-erisimi,"Visit South Walton's 2023 parking guide says WaterSound offers public parking for visitors to The Big Chill, first-come, first-served.",The Big Chill ziyaretçilerine açık otopark (ilk gelen alır),,30A,Visit South Walton — Guide to Beach Parking and Transportation,Walton County Tourism Department (Visit South Walton),https://www.visitsouthwalton.com/blog/guide-beach-parking-transportation/,Where to Park in South Walton by Neighborhood — WATERSOUND,"Public parking available for visitors to The Big Chill; first-come, first-served",2023-05-04,2026-10-07,68f06d985a954ce380820cbd3332960fa23886ab007a7122b6441b8fe5a85075,ikincil,dogrulandi,,2027-10-07,"GÖREV-07'de watersound.com (St. Joe) sayfalarında ziyaretçi otoparkı bilgisi bulunamamıştı. GÖREV-08 (8 Ekim 2026): St. Joe/Watersound sitelerinde yeniden arandı; yalnız otel, Watersound Town Center ve etkinlik otoparkları geçiyor, 30A'daki WaterSound plajı için ziyaretçi otoparkı yok. Rehber 2023 tarihli; mahalle için plaj erişimi otoparkı listelemiyor, ücret veya süre vermiyor."
havalimani-ecp,ulasim,Northwest Florida Beaches International Airport (ECP) is about 13.4 miles (21.5 km) in a straight line from the eastern end of 30A.,21.5,km (kuş uçuşu),30A,"FAA Airports (US_Airport) katmanı, ECP/VPS/PNS kayıtları",Federal Aviation Administration,https://services6.arcgis.com/ssFJjBXIUyZDrSYZ/arcgis/rest/services/US_Airport/FeatureServer/0/query?where=IDENT+IN+%28%27ECP%27%2C%27VPS%27%2C%27PNS%27%29&outFields=GLOBAL_ID%2CIDENT%2CICAO_ID%2CNAME%2CLATITUDE%2CLONGITUDE%2CELEVATION%2CSERVCITY%2CSTATE%2CTYPE_CODE%2COPERSTATUS%2CPRIVATEUSE%2CMIL_CODE&returnGeometry=true&outSR=4326&f=json,"IDENT=ECP kaydı (LATITUDE, LONGITUDE)",ECP Northwest Florida Beaches Intl 30-21-29.6670N 085-47-44.1680W,2026-09-03,2026-10-07,4946481e4512cbfe0ce5c76fe9c96865c3418ce602197fe63fca5348dcd3ea14,birincil,dogrulandi,,2027-10-07,Bizim hesabımız: FAA koordinatından 30A kıyı koridoruna (Stallworth Preserve – Lupine - 1) en kısa büyük çember uzaklığı; en yakın nokta koridorun doğu ucu; 13.4 mil. Sürüş mesafesi değildir.
havalimani-vps,ulasim,Destin–Fort Walton Beach Airport (VPS) is about 17.9 miles (28.9 km) in a straight line from the western end of 30A.,28.9,km (kuş uçuşu),30A,"FAA Airports (US_Airport) katmanı, ECP/VPS/PNS kayıtları",Federal Aviation Administration,https://services6.arcgis.com/ssFJjBXIUyZDrSYZ/arcgis/rest/services/US_Airport/FeatureServer/0/query?where=IDENT+IN+%28%27ECP%27%2C%27VPS%27%2C%27PNS%27%29&outFields=GLOBAL_ID%2CIDENT%2CICAO_ID%2CNAME%2CLATITUDE%2CLONGITUDE%2CELEVATION%2CSERVCITY%2CSTATE%2CTYPE_CODE%2COPERSTATUS%2CPRIVATEUSE%2CMIL_CODE&returnGeometry=true&outSR=4326&f=json,"IDENT=VPS kaydı (LATITUDE, LONGITUDE)",VPS Eglin AFB/Destin-Ft Walton Beach 30-28-59.5899N 086-31-33.7596W,2026-09-03,2026-10-07,4946481e4512cbfe0ce5c76fe9c96865c3418ce602197fe63fca5348dcd3ea14,birincil,dogrulandi,,2027-10-07,Bizim hesabımız: FAA koordinatından 30A kıyı koridoruna (Stallworth Preserve – Lupine - 1) en kısa büyük çember uzaklığı; en yakın nokta koridorun batı ucu; 17.9 mil. Sürüş mesafesi değildir.
havalimani-pns,ulasim,Pensacola International Airport (PNS) is about 56 miles (89.5 km) in a straight line from the western end of 30A.,89.5,km (kuş uçuşu),30A,"FAA Airports (US_Airport) katmanı, ECP/VPS/PNS kayıtları",Federal Aviation Administration,https://services6.arcgis.com/ssFJjBXIUyZDrSYZ/arcgis/rest/services/US_Airport/FeatureServer/0/query?where=IDENT+IN+%28%27ECP%27%2C%27VPS%27%2C%27PNS%27%29&outFields=GLOBAL_ID%2CIDENT%2CICAO_ID%2CNAME%2CLATITUDE%2CLONGITUDE%2CELEVATION%2CSERVCITY%2CSTATE%2CTYPE_CODE%2COPERSTATUS%2CPRIVATEUSE%2CMIL_CODE&returnGeometry=true&outSR=4326&f=json,"IDENT=PNS kaydı (LATITUDE, LONGITUDE)",PNS Pensacola Intl 30-28-24.3000N 087-11-11.8000W,2026-09-03,2026-10-07,4946481e4512cbfe0ce5c76fe9c96865c3418ce602197fe63fca5348dcd3ea14,birincil,dogrulandi,,2027-10-07,Bizim hesabımız: FAA koordinatından 30A kıyı koridoruna (Stallworth Preserve – Lupine - 1) en kısa büyük çember uzaklığı; en yakın nokta koridorun batı ucu; 55.6 mil. Sürüş mesafesi değildir.
timpoochee-uzunluk-liste,ulasim,Visit South Walton's trail listing gives the Timpoochee Trail's length as 19 miles.,19,mil,30A,Visit South Walton — Timpoochee Trail (listeleme sayfası),Walton County Tourism Department (Visit South Walton),https://www.visitsouthwalton.com/listing/timpoochee-trail/,Timpoochee Trail listeleme sayfası,Trail Distance: 19 Miles,,2026-10-07,4eb64873c849fb5220b5adfc06ee74bbda9c9d544a8ab1bd45219c59c3a5748b,birincil,celiskili,"Aynı kurumun 2021-04-27 tarihli rehber yazısı tam güzergâhı 18,5 millik bir bisiklet turu olarak anlatıyor (timpoochee-uzunluk-rehber).",2027-10-07,Sayfa yolu 30A boyunca 12 mahalleden geçen asfalt çok amaçlı yol olarak tanımlıyor. GÖREV-07 (7 Ekim 2026): yolu yöneten Walton County'nin (Public Works) resmî bir uzunluk değeri bulunamadı; ilçenin 'CR 30A Missing Link Multi-Use Trail (Timpoochee Trail Extension)' ihale belgesi ve sitedeki aramalar uzunluk vermiyor. Çelişki sürüyor. GÖREV-08 (8 Ekim 2026): ilçenin Turizm Dairesi sayfası '26 milden fazla çok amaçlı yol' bakımından söz ediyor (timpoochee-ilce-bakim) ama yol adı vermiyor; Timpoochee'ye özgü resmî uzunluk yine bulunamadı. Çelişki sürüyor.
timpoochee-uzunluk-rehber,ulasim,Visit South Walton's 2021 trail guide describes riding the whole Timpoochee Trail as an 18.5-mile bike ride.,18.5,mil,30A,Visit South Walton — A Guide to the Timpoochee Trail,Walton County Tourism Department (Visit South Walton),https://www.visitsouthwalton.com/blog/a-guide-to-the-timpoochee-trail/,"Mile-by-mile guide, son paragraf",an amazing 18.5-mile bike ride,2021-04-27,2026-10-07,9f160d2157e6d88e881469773b25de6cc4d39a2ce113fb9d926d605699465a63,birincil,celiskili,Aynı kurumun listeleme sayfası 19 mil diyor (timpoochee-uzunluk-liste).,2027-10-07,GÖREV-07 (7 Ekim 2026): yolu yöneten Walton County'nin (Public Works) resmî bir uzunluk değeri bulunamadı; ilçenin 'CR 30A Missing Link Multi-Use Trail (Timpoochee Trail Extension)' ihale belgesi ve sitedeki aramalar uzunluk vermiyor. Çelişki sürüyor. GÖREV-08 (8 Ekim 2026): ilçenin Turizm Dairesi sayfası '26 milden fazla çok amaçlı yol' bakımından söz ediyor (timpoochee-ilce-bakim) ama yol adı vermiyor; Timpoochee'ye özgü resmî uzunluk yine bulunamadı. Çelişki sürüyor.
timpoochee-ilce-bakim,ulasim,Walton County's Tourism Department says it maintains and cleans over 26 miles of multi-use trail.,26+,mil (bakımı yapılan çok amaçlı yol),Walton County,Walton County — Tourism Department,Walton County Board of County Commissioners (Tourism Department),https://www.mywaltonfl.gov/162/Tourism-Department,Tourism Department sayfası — plaj operasyonları maddeleri,Maintains and cleans over 26 miles of multi-use trail.,,2026-10-08,3a8b94b435d679d8da6cc752075b6651abe0d40ea70853a76500537ff0e8b5ce,birincil,dogrulandi,,2027-10-08,"GÖREV-08 (8 Ekim 2026): ilçenin resmî sayfası; ancak sayfa yolun adını vermiyor ve 26 milin yalnız Timpoochee Trail mi olduğunu söylemiyor. Bu yüzden Timpoochee uzunluğu sayılmaz; timpoochee-uzunluk-liste/rehber çelişkisini çözmez. Timpoochee'ye özgü ilçe veya FDOT değeri (ilçe sayfaları, 'CR 30A Missing Link' ihale belgeleri, FDOT ilanları) bulunamadı."
golf-arabasi-yol,ulasim,"Under Florida law, golf carts may not be driven on public roads except where a local government has designated and signed the road for them.",kamu yolunda yasak (istisnalı),,Florida,"The 2026 Florida Statutes, s. 316.212 (Operation of golf carts on certain roadways)",Florida Legislature,https://www.leg.state.fl.us/statutes/index.cfm?App_mode=Display_Statute&URL=0300-0399/0316/Sections/0316.212.html,s. 316.212 (giriş) ve (1),The operation of a golf cart upon the public roads or streets of this state is prohibited except as provided herein,2026,2026-10-07,4893baa9842a3e1c08b7e3d5340c9a3a1077a35529486502097626a9edac8302,birincil,dogrulandi,,2027-10-07,"Walton County'nin durumu GÖREV-07'de ayrı satırlarda: golf-arabasi-ilce-yollari, golf-arabasi-wcso."
golf-arabasi-saat,ulasim,"Golf carts may be driven on designated roads only between sunrise and sunset, unless the local government allows night use and the cart has lights and a windshield.",gün doğumu–gün batımı,,Florida,"The 2026 Florida Statutes, s. 316.212 (Operation of golf carts on certain roadways)",Florida Legislature,https://www.leg.state.fl.us/statutes/index.cfm?App_mode=Display_Statute&URL=0300-0399/0316/Sections/0316.212.html,s. 316.212(5),A golf cart may be operated only during the hours between sunrise and sunset,2026,2026-10-07,4893baa9842a3e1c08b7e3d5340c9a3a1077a35529486502097626a9edac8302,birincil,dogrulandi,,2027-10-07,
golf-arabasi-yas,ulasim,A golf cart driver on public roads who is under 18 must hold a learner's license or a driver license.,18 yaş altı ehliyet şartı,,Florida,"The 2026 Florida Statutes, s. 316.212 (Operation of golf carts on certain roadways)",Florida Legislature,https://www.leg.state.fl.us/statutes/index.cfm?App_mode=Display_Statute&URL=0300-0399/0316/Sections/0316.212.html,s. 316.212(7)(a),Who is under 18 years of age unless he or she possesses a valid learner’s driver license or valid driver license.,2026,2026-10-07,4893baa9842a3e1c08b7e3d5340c9a3a1077a35529486502097626a9edac8302,birincil,dogrulandi,,2027-10-07,18 ve üstü için devlet tarafından verilmiş fotoğraflı kimlik gerekiyor ((7)(b)).
lsv-hiz,ulasim,Low-speed vehicles may be driven only on streets with a posted speed limit of 35 mph or less.,35,mph (en fazla),Florida,"The 2026 Florida Statutes, s. 316.2122 (Operation of a low-speed vehicle … on certain roadways)",Florida Legislature,https://www.leg.state.fl.us/statutes/index.cfm?App_mode=Display_Statute&URL=0300-0399/0316/Sections/0316.2122.html,s. 316.2122(1)(a),A low-speed vehicle or mini truck may be operated only on streets where the posted speed limit is 35 miles per hour or less.,2026,2026-10-07,91a2fdc37f9da05e89c3814c54854bc4b03044cc4f4d2f72138a9e88c60c77ea,birincil,dogrulandi,,2027-10-07,Daha hızlı bir yolu kavşakta karşıya geçmek yasak değil (aynı fıkra). İlçe güvenlik gerekçesiyle kendi yollarında yasaklayabilir ((3)).
lsv-tescil-ehliyet,ulasim,"A low-speed vehicle must be registered and insured, and its driver must carry a valid driver license.","tescil, sigorta, ehliyet",,Florida,"The 2026 Florida Statutes, s. 316.2122 (Operation of a low-speed vehicle … on certain roadways)",Florida Legislature,https://www.leg.state.fl.us/statutes/index.cfm?App_mode=Display_Statute&URL=0300-0399/0316/Sections/0316.2122.html,s. 316.2122(1)(c)–(d),Any person operating a low-speed vehicle or mini truck must have in his or her possession a valid driver license.,2026,2026-10-07,91a2fdc37f9da05e89c3814c54854bc4b03044cc4f4d2f72138a9e88c60c77ea,birincil,dogrulandi,,2027-10-07,
cok-amacli-yol-golf,ulasim,"On Walton County multi-use paths, golf carts and utility vehicles are allowed only for law enforcement, fire district, county, utility or adjacent-property maintenance use.",yalnız görev ve bakım,,Walton County,"Walton County Ordinance 2009-02 (Code § 20-5, Use of Multi-Use Paths)",Walton County Board of County Commissioners,https://www.mywaltonfl.gov/DocumentCenter/View/1377/2009-02?bidId=,Code § 20-5(B)(7),"Golf carts and utility vehicles, but only when operated by law enforcement, Fire District, County or public utility personnel",2009-01-13,2026-10-07,b9dd12344efe57ddd21241f78452806920f29c836debfdfd1e45b10de2ffec81,birincil,dogrulandi,,2027-10-07,Yönetmeliğin 2009 sonrası değişiklikleri kontrol edilmedi; Timpoochee Trail belgede adıyla geçmiyor (yalnız 'Multi-Use Path' tanımı var).
golf-arabasi-ilce-yollari,ulasim,Walton County says golf carts are specifically not allowed on public county-maintained roads.,ilçe yollarında yasak,,Walton County,Walton County — FAQs (Engineering): Are golf carts allowed on my road?,Walton County Board of County Commissioners (Engineering),https://www.mywaltonfl.gov/m/faq?cat=32#question-222,FAQs — Engineering: Are golf carts allowed on my road?,"Golf carts are unlicensed, unregistered motor vehicles that are specifically not allowed on public County Maintained roadways.",,2026-10-07,e99d40292fbfc6e7c65b3904dae2e41b9d45ac1320e105c5178473c42ce64080,birincil,dogrulandi,,2027-10-07,"SSS cevabı istisna saymıyor ve golf arabasına açılmış bir ilçe yolu adı vermiyor; ilçenin s. 316.212'ye göre yaptığı bir yol belirlemesi bu görevde bulunamadı. 30A bir ilçe yoludur (County Road 30A). Aynı cevap LSV'lerin tescilli, sigortalı olarak 35 mph ve altındaki yollarda kullanılabileceğini söylüyor."
golf-arabasi-wcso,ulasim,The Walton County Sheriff's Office states that golf carts are not legally permitted on any public roadway at any time.,hiçbir kamu yolunda yasak,,Walton County,Walton County Sheriff's Office — Low Speed Vehicle Laws,Walton County Sheriff's Office,https://waltonso.org/lsv/,Laws for all driver & passengers of LSVs,GOLF CARTS ARE NOT LEGALLY PERMITTED ON ANY PUBLIC ROADWAY AT ANY TIME.,,2026-10-07,9e5aa357836fc8dd817de00a40e68af58a58dffe5be4e7ca010cb854300cb735,birincil,dogrulandi,,2027-10-07,
lsv-walton-35,ulasim,"In Walton County, low-speed vehicles may only be driven on roads with speed limits of 35 mph or less; the sheriff's page maps the roads where they are prohibited.",35,mph (en fazla),Walton County,Walton County Sheriff's Office — Low Speed Vehicle Laws,Walton County Sheriff's Office,https://waltonso.org/lsv/,LSV Roadway Laws,Low-speed vehicles may only be driven on roadways with speed limits of 35 MPH or less,,2026-10-07,9e5aa357836fc8dd817de00a40e68af58a58dffe5be4e7ca010cb854300cb735,birincil,dogrulandi,,2027-10-07,Sayfadaki haritada yasak yollar kırmızı; harita görüntü olduğu için yol listesi çıkarılmadı. Ceza 161 $.
lsv-walton-patika,ulasim,Driving a low-speed vehicle on any sidewalk or bike path is illegal in Walton County.,yasak,,Walton County,Walton County Sheriff's Office — Low Speed Vehicle Laws,Walton County Sheriff's Office,https://waltonso.org/lsv/,LSV Roadway Laws,It is illegal to drive low-speed vehicles on any sidewalk or bike path.,,2026-10-07,9e5aa357836fc8dd817de00a40e68af58a58dffe5be4e7ca010cb854300cb735,birincil,dogrulandi,,2027-10-07,Timpoochee Trail gibi çok amaçlı yollar için ilçe yönetmeliği de bkz. cok-amacli-yol-golf.
lsv-walton-98,ulasim,"Low-speed vehicles may not be driven on US Highway 98 or its sidewalk, and may cross it only at a four-way intersection.",yasak; yalnız dört yollu kavşakta geçiş,,Walton County,Walton County Sheriff's Office — Low Speed Vehicle Laws,Walton County Sheriff's Office,https://waltonso.org/lsv/,LSV Roadway Laws,It is illegal to drive low-speed vehicles on US Highway 98 or along the sidewalk along US Highway 98.,,2026-10-07,9e5aa357836fc8dd817de00a40e68af58a58dffe5be4e7ca010cb854300cb735,birincil,dogrulandi,,2027-10-07,Aynı sayfa: 'Crossing US Highway 98 is only permitted at a four-way intersection.' Ceza 161 $ ve araç çekimi.
hiz-30a,ulasim,"The DeFuniak Herald reported in March 2017 that the county commission approved the CR-30A traffic study's speed recommendations, which proposed a maximum speed limit of 35 mph along CR-30A.",35,mph (önerilen azami),30A,The DeFuniak Herald — Revised CR-30A speed limits … approved,The DeFuniak Herald,https://www.defuniakherald.com/revised-cr-30a-speed-limits-corridor-alternative-evaluations-other-traffic-study-recommendations-approved/,Haberin 4. paragrafı (Atkins önerisinden alıntı),Consider setting a maximum speed limit along CR-30A of 35 MPH due to the significant vulnerable road user usage,2017-03-02,2026-10-08,51d628a959119672a80b74aa533a2d7b344922592cb14b72455ac7ba3400c185,ikincil,dogrulandi,,2027-10-08,GÖREV-07'de sayfa Cloudflare nedeniyle okunamamıştı. GÖREV-08 (8 Ekim 2026): uygulama içi tarayıcıda normal açıldı; ham sayfa görünür Chrome'la alındı. Yayın tarihi sitenin WordPress kaydından (2017-03-02). Toplantı 14 Şubat 2017; kararın ilçe tutanağı hiz-30a-karar satırında. Haber hız bölgelerinin ayrıntısını vermiyor; bugünkü levha hızları yerinde ya da güncel ilçe yayınından ayrıca doğrulanmadı. Videoda '2017'de 35 mph azami hız önerisi kabul edildi' düzeyinde kullanılabilir.
hiz-30a-karar,ulasim,On 14 February 2017 the Walton County Board of County Commissioners voted 5–0 to accept and implement the speed zone recommendations of the Atkins CR 30A traffic study.,kabul (5–0),,30A,"Walton County BCC — Minutes, February 14, 2017 Regular Meeting",Walton County Clerk of Courts & Comptroller (Board of County Commissioners minutes),https://waltonclerkfl.gov/vertical/sites/%7BA6BED226-E1BB-4A16-9632-BB8E6515F4E0%7D/uploads/02-14-2017RegMinutes.pdf,Tutanak s. 13–14 (C.R. 30A Traffic Study kararları),to accept and implement the Atkins Engineering C.R. 30A Traffic Study Speed Zone recommendations.,2017-02-14,2026-10-08,35c6c8ba23715e528f70c115b2bb33a1c57f20fb6c1d6c913acf2435226a084c,birincil,dogrulandi,,2027-10-08,"GÖREV-08 (8 Ekim 2026): taranmış tutanak (OCR). Tutanak hız değerlerini ve bölgeleri yazmıyor; 35 mph azami hız önerisi DeFuniak Herald haberinden (hiz-30a). Atkins çalışmasının kendisi bulunamadı. Tutanağın başlığı 'Regular Meeting', ilk paragrafı 'Special Meeting' diyor."
park-grayton-ucret,parklar,"Grayton Beach State Park admission is $5 per vehicle (two to eight people), $4 for a single-occupant vehicle and $2 for pedestrians, bicyclists and extra passengers.",5 / 4 / 2,"USD (araç / tek kişilik araç / yaya, bisikletli, ek yolcu)",Walton County,"Florida State Parks — Grayton Beach State Park, Hours & Fees","Florida Department of Environmental Protection, Division of Recreation and Parks",https://www.floridastateparks.org/parks-and-trails/grayton-beach-state-park/hours-fees,Hours & Fees — Fees: Admission,$5 per vehicle (two to eight people).,,2026-10-08,be264199bd9f1b8bff4869db8cc4c61c729148d28e63c853580271348770d9d8,birincil,dogrulandi,,2027-10-08,"GÖREV-06/07'de site düz isteğe ve otomasyonlu tarayıcıya 403 verdiği için doğrulanamamıştı. GÖREV-08 (8 Ekim 2026): sayfa uygulama içi tarayıcıda normal açıldı (doğrulama ekranı çıkmadı); ham sayfa aynı oturumda alındı, SHA-256 bu kopyanın. Aynı sayfada kamp ($30/gece + vergi) ve kabin ücretleri de var; tabloya alınmadı."
park-grayton-saat,parklar,"Grayton Beach State Park is open from 8 a.m. until sundown, 365 days a year.",08:00–gün batımı,saat aralığı,Walton County,"Florida State Parks — Grayton Beach State Park, Hours & Fees","Florida Department of Environmental Protection, Division of Recreation and Parks",https://www.floridastateparks.org/parks-and-trails/grayton-beach-state-park/hours-fees,Hours & Fees — Hours,"The park is open from 8 a.m. until sundown, 365 days a year.",,2026-10-08,be264199bd9f1b8bff4869db8cc4c61c729148d28e63c853580271348770d9d8,birincil,dogrulandi,,2027-10-08,"GÖREV-06/07'de site düz isteğe ve otomasyonlu tarayıcıya 403 verdiği için doğrulanamamıştı. GÖREV-08 (8 Ekim 2026): sayfa uygulama içi tarayıcıda normal açıldı (doğrulama ekranı çıkmadı); ham sayfa aynı oturumda alındı, SHA-256 bu kopyanın. Kapılar gün batımında kapanıyor; geç gelen kampçılar parkı arayarak kapı şifresini alıyor."
park-topsail-ucret,parklar,"Topsail Hill Preserve State Park admission is $6 per vehicle (two to eight people, $2 for each additional person), $4 for a single-occupant vehicle or motorcycle and $2 for pedestrians and bicyclists.",6 / 4 / 2,"USD (araç / tek kişilik araç veya motosiklet / yaya, bisikletli)",Walton County,"Florida State Parks — Topsail Hill Preserve State Park, Hours & Fees","Florida Department of Environmental Protection, Division of Recreation and Parks",https://www.floridastateparks.org/parks-and-trails/topsail-hill-preserve-state-park/hours-fees,Hours & Fees — Fees: Admission,"$6 per vehicle, two to eight people. More than eight people requires additional $2 per person fee.",,2026-10-08,391d9bcbb46fdcd78d45207c8392c17833bc48710f643bb29d123e45dca7de4f,birincil,dogrulandi,,2027-10-08,"GÖREV-06/07'de site düz isteğe ve otomasyonlu tarayıcıya 403 verdiği için doğrulanamamıştı. GÖREV-08 (8 Ekim 2026): sayfa uygulama içi tarayıcıda normal açıldı (doğrulama ekranı çıkmadı); ham sayfa aynı oturumda alındı, SHA-256 bu kopyanın. Giriş Highway 98 ve Highway 30A'dan. Kamp, bungalov ve kabin ücretleri aynı sayfada; tabloya alınmadı."
park-topsail-saat,parklar,"Topsail Hill Preserve State Park is open from 8 a.m. until sundown, 365 days a year.",08:00–gün batımı,saat aralığı,Walton County,"Florida State Parks — Topsail Hill Preserve State Park, Hours & Fees","Florida Department of Environmental Protection, Division of Recreation and Parks",https://www.floridastateparks.org/parks-and-trails/topsail-hill-preserve-state-park/hours-fees,Hours & Fees — Hours,"The park is open from 8 a.m. until sundown, 365 days a year.",,2026-10-08,391d9bcbb46fdcd78d45207c8392c17833bc48710f643bb29d123e45dca7de4f,birincil,dogrulandi,,2027-10-08,"GÖREV-06/07'de site düz isteğe ve otomasyonlu tarayıcıya 403 verdiği için doğrulanamamıştı. GÖREV-08 (8 Ekim 2026): sayfa uygulama içi tarayıcıda normal açıldı (doğrulama ekranı çıkmadı); ham sayfa aynı oturumda alındı, SHA-256 bu kopyanın. "
park-deer-lake-ucret,parklar,"Deer Lake State Park charges $3 per vehicle (two to eight passengers) and $2 for pedestrians, bicyclists and extra passengers, paid at an honor box with correct change.",3 / 2,"USD (araç / yaya, bisikletli, ek yolcu)",Walton County,Florida State Parks — Deer Lake State Park,"Florida Department of Environmental Protection, Division of Recreation and Parks",https://www.floridastateparks.org/parks-and-trails/deer-lake-state-park,Park ana sayfası — Fees,$3 per vehicle (2 to 8 passengers),,2026-10-08,f9753ae62a2427ad09005f008e8e95e0cb6550a1c8a10ca3afe40f5f0bcc2c58,birincil,dogrulandi,,2027-10-08,"GÖREV-06/07'de site düz isteğe ve otomasyonlu tarayıcıya 403 verdiği için doğrulanamamıştı. GÖREV-08 (8 Ekim 2026): sayfa uygulama içi tarayıcıda normal açıldı (doğrulama ekranı çıkmadı); ham sayfa aynı oturumda alındı, SHA-256 bu kopyanın. Tablodaki eski 'hours-fees' adresi artık 404 veriyor; saat ve ücret parkın ana sayfasında. Ödeme 'honor box' ile, bozuk para hazır olmalı."
park-deer-lake-saat,parklar,"Deer Lake State Park is open from 8 a.m. to sunset, 365 days a year.",08:00–gün batımı,saat aralığı,Walton County,Florida State Parks — Deer Lake State Park,"Florida Department of Environmental Protection, Division of Recreation and Parks",https://www.floridastateparks.org/parks-and-trails/deer-lake-state-park,Park ana sayfası — Hours,8 a.m. to sunset,,2026-10-08,f9753ae62a2427ad09005f008e8e95e0cb6550a1c8a10ca3afe40f5f0bcc2c58,birincil,dogrulandi,,2027-10-08,"GÖREV-06/07'de site düz isteğe ve otomasyonlu tarayıcıya 403 verdiği için doğrulanamamıştı. GÖREV-08 (8 Ekim 2026): sayfa uygulama içi tarayıcıda normal açıldı (doğrulama ekranı çıkmadı); ham sayfa aynı oturumda alındı, SHA-256 bu kopyanın. Tablodaki eski 'hours-fees' adresi artık 404 veriyor; saat ve ücret parkın ana sayfasında. Sayfada, kapasite dolunca günübirlik girişin geçici olarak kapatılabildiği yazıyor."
orman-point-washington-saat,parklar,Point Washington State Forest is open for day use from sunrise to sunset.,gün doğumu–gün batımı,,Walton County,Florida Forest Service — Point Washington State Forest,"Florida Department of Agriculture and Consumer Services, Florida Forest Service",https://www.fdacs.gov/forest-wildfire/our-forests/state-forests/point-washington-state-forest,Hours,Day use is from sunrise to sunset,,2026-10-07,4c7d0be38ea009e4f1c31fa282df36d1f659b5be54ed12ac9dd969c77811e5c5,birincil,dogrulandi,,2027-10-07,"FFS robots.txt genel botları engelliyor; bu satır tek seferlik elle alımdır, düzenli toplanmaz."
orman-point-washington-ucret,parklar,"A day pass for Florida's state forests, including Point Washington, costs $2.",2,USD (günlük),Walton County,Florida Forest Service — Point Washington State Forest,"Florida Department of Agriculture and Consumer Services, Florida Forest Service",https://www.fdacs.gov/forest-wildfire/our-forests/state-forests/point-washington-state-forest,Fees,Day Pass for all State Forests: $2,,2026-10-07,4c7d0be38ea009e4f1c31fa282df36d1f659b5be54ed12ac9dd969c77811e5c5,birincil,dogrulandi,,2027-10-07,Yıllık geçiş 45 $ ('Annual Pass for all State Forests: $45'). Geçişler ReserveAmerica'dan alınıyor (aynı sayfa).
kasirga-sezon-tarih,kasirga-sezonu,The official Atlantic hurricane season runs from June 1 to November 30.,1 Haziran–30 Kasım,,Atlantik havzası,NOAA National Hurricane Center — Tropical Cyclone Climatology,NOAA National Hurricane Center,https://www.nhc.noaa.gov/climo/,Tropical Cyclone Climatology — season chart paragraph,The official hurricane season for the Atlantic basin is from June 1 to November 30,,2026-10-07,b0002d85609d1d9aa43ed2704da38216fa942d4f7216231ec4b9fc81c8b910e2,birincil,dogrulandi,,2027-10-07,
kasirga-sezon-zirve,kasirga-sezonu,"The Atlantic hurricane season peaks around September 10, with most activity between mid-August and mid-October.",10 Eylül,,Atlantik havzası,NOAA National Hurricane Center — Tropical Cyclone Climatology,NOAA National Hurricane Center,https://www.nhc.noaa.gov/climo/,Tropical Cyclone Climatology — season chart paragraph,"The peak of the Atlantic hurricane season is September 10, with most activity occurring between mid-August and mid-October.",,2026-10-07,b0002d85609d1d9aa43ed2704da38216fa942d4f7216231ec4b9fc81c8b910e2,birincil,dogrulandi,,2027-10-07,"Grafik 1944–2020 verisine dayanıyor, 100 yıla normalize (aynı paragraf). 30A'ya özgü sayılar iklim paketinde (M8)."
ziyaretci-2025-ozet,sezon-maliyet,Walton County Tourism's 2025 study puts the county's 2025 visitors at about 4.59 million.,4586000,ziyaretçi,Walton County,Walton County Tourism — 2025 Visitor Tracking & Economic Impact Study (Downs & St. Germain Research),Walton County Tourism Department,https://www.waltoncountyfltourism.com/userfiles/Walton_County_Tourism_2025_Annual_Visitor_Tracking_Report_2.pdf,s. 5 Annual Snapshot CY2025 (ayrıca s. 32–33 tabloları),"4,586,000 TOTAL VISITORS",2025-11-30,2026-10-07,8cd64944de1c46c6ac2072669b8747e08dd63a80d2b35d94defe40101b663631,birincil,dogrulandi,,2026-12-01,"Yönetici kararı (GÖREV-07, 7 Ekim 2026): raporun tabloları (s. 32–33) esas alınır; aynı raporun 8. sayfasındaki 4.57M değeri (ziyaretci-2025-ekonomik-etki) bu satırla yerine geçildi. Doğrudan harcama da iki sayfada farklı (s. 5 $3,928,943,400, s. 8 $3.23B); harcama satırı tabloya alınmadı. Rapor anketleri Walton County'nin plaj topluluklarında yapılmış; değerler raporda Walton County diye veriliyor."
ziyaretci-2025-ekonomik-etki,sezon-maliyet,The same study's economic impact page gives 2025 visitors as 4.57 million.,4570000,ziyaretçi,Walton County,Walton County Tourism — 2025 Visitor Tracking & Economic Impact Study (Downs & St. Germain Research),Walton County Tourism Department,https://www.waltoncountyfltourism.com/userfiles/Walton_County_Tourism_2025_Annual_Visitor_Tracking_Report_2.pdf,s. 8 Economic Impact of Visitation,VISITORS 4.57M,2025-11-30,2026-10-07,8cd64944de1c46c6ac2072669b8747e08dd63a80d2b35d94defe40101b663631,birincil,yerine_gecildi,"Aynı raporun 5. sayfası ve 32–33. sayfa tabloları 4,586,000 diyor (ziyaretci-2025-ozet).",2026-12-01,"Yönetici kararı (GÖREV-07, 7 Ekim 2026): raporun tabloları esas alınır; yerine geçen: ziyaretci-2025-ozet. Rapor anketleri Walton County'nin plaj topluluklarında yapılmış; değerler raporda Walton County diye veriliyor."
oda-gece-2025,sezon-maliyet,The 2025 study counts about 3.5 million room nights in Walton County in 2025.,3497200,oda-gece,Walton County,Walton County Tourism — 2025 Visitor Tracking & Economic Impact Study (Downs & St. Germain Research),Walton County Tourism Department,https://www.waltoncountyfltourism.com/userfiles/Walton_County_Tourism_2025_Annual_Visitor_Tracking_Report_2.pdf,s. 5 Annual Snapshot CY2025 (ayrıca s. 32),"3,497,200 ROOM NIGHTS",2025-11-30,2026-10-07,8cd64944de1c46c6ac2072669b8747e08dd63a80d2b35d94defe40101b663631,birincil,dogrulandi,,2026-12-01,"Değer s. 5 ve s. 32'de aynı. Önceki yıla göre değişim s. 5'te %3,0, s. 8 metninde %3,3 düşüş yazıyor. Rapor anketleri Walton County'nin plaj topluluklarında yapılmış; değerler raporda Walton County diye veriliyor."
adr-2025,sezon-maliyet,The 2025 average daily rate across hotels and vacation rentals was $354.10.,354.10,USD,Walton County,Walton County Tourism — 2025 Visitor Tracking & Economic Impact Study (Downs & St. Germain Research),Walton County Tourism Department,https://www.waltoncountyfltourism.com/userfiles/Walton_County_Tourism_2025_Annual_Visitor_Tracking_Report_2.pdf,s. 5 Annual Snapshot CY2025 (ayrıca s. 10),$354.10 ADR,2025-11-30,2026-10-07,8cd64944de1c46c6ac2072669b8747e08dd63a80d2b35d94defe40101b663631,birincil,dogrulandi,,2026-12-01,"Otel (STR) ve tatil kiralığı (Key Data) birleşik değer. Rapor uyarısı: Airbnb (30 Nisan 2025) ve Vrbo (30 Mayıs 2025) fiyat gösterimini değiştirdi; ADR artık temizlik ve platform ücretlerini içeriyor, yıllar arası karşılaştırmada şişkin görünebilir."
doluluk-2025,sezon-maliyet,Combined hotel and vacation rental occupancy in 2025 was 48.3%.,48.3,%,Walton County,Walton County Tourism — 2025 Visitor Tracking & Economic Impact Study (Downs & St. Germain Research),Walton County Tourism Department,https://www.waltoncountyfltourism.com/userfiles/Walton_County_Tourism_2025_Annual_Visitor_Tracking_Report_2.pdf,s. 5 Annual Snapshot CY2025 (ayrıca s. 10),48.3% OCCUPANCY,2025-11-30,2026-10-07,8cd64944de1c46c6ac2072669b8747e08dd63a80d2b35d94defe40101b663631,birincil,dogrulandi,,2026-12-01,"Önceki yıla göre değişim %0,0. Rapor anketleri Walton County'nin plaj topluluklarında yapılmış; değerler raporda Walton County diye veriliyor."
doluluk-yaz-2025,sezon-maliyet,Combined hotel and vacation rental occupancy in June–August 2025 was 69.1%.,69.1,%,Walton County,Walton County Tourism — Summer 2025 Visitor Tracking Study (Downs & St. Germain Research),Walton County Tourism Department,https://www.waltoncountyfltourism.com/userfiles/Summer_2025_Visitor_Tracking_Report.pdf,s. 6 Tourism Snapshot: Lodging Metrics — Combined,69.1% OCCUPANCY,2025-09-30,2026-10-07,8fc5d5b724009fca614be876e5ae26c20f61f18e1b3e5b8a271ff85d3e93aad6,birincil,dogrulandi,,2026-12-01,Rapor anketleri Walton County'nin plaj topluluklarında yapılmış; değerler raporda Walton County diye veriliyor.
adr-yaz-2025,sezon-maliyet,The combined average daily rate in June–August 2025 was $500.54.,500.54,USD,Walton County,Walton County Tourism — Summer 2025 Visitor Tracking Study (Downs & St. Germain Research),Walton County Tourism Department,https://www.waltoncountyfltourism.com/userfiles/Summer_2025_Visitor_Tracking_Report.pdf,s. 6 Tourism Snapshot: Lodging Metrics — Combined,$500.54 AVERAGE DAILY RATE,2025-09-30,2026-10-07,8fc5d5b724009fca614be876e5ae26c20f61f18e1b3e5b8a271ff85d3e93aad6,birincil,dogrulandi,,2026-12-01,"Otel (STR) ve tatil kiralığı (Key Data) birleşik değer. Rapor uyarısı: Airbnb (30 Nisan 2025) ve Vrbo (30 Mayıs 2025) fiyat gösterimini değiştirdi; ADR artık temizlik ve platform ücretlerini içeriyor, yıllar arası karşılaştırmada şişkin görünebilir."
doluluk-sonbahar-2025,sezon-maliyet,Combined hotel and vacation rental occupancy in September–November 2025 was 35.7%.,35.7,%,Walton County,Walton County Tourism — Fall 2025 Visitor Tracking Study (Downs & St. Germain Research),Walton County Tourism Department,https://www.waltoncountyfltourism.com/userfiles/Fall_2025_Visitor_Tracking_Report.pdf,s. 6 Tourism Snapshot: Lodging Metrics — Combined,35.7% OCCUPANCY,2025-11-28,2026-10-07,23e6a06c9e766f8ae85fb109d16fa2ca2909dfff53b984b36dc99cea833753b5,birincil,dogrulandi,,2026-12-01,Rapor anketleri Walton County'nin plaj topluluklarında yapılmış; değerler raporda Walton County diye veriliyor.
adr-sonbahar-2025,sezon-maliyet,The combined average daily rate in September–November 2025 was $335.96.,335.96,USD,Walton County,Walton County Tourism — Fall 2025 Visitor Tracking Study (Downs & St. Germain Research),Walton County Tourism Department,https://www.waltoncountyfltourism.com/userfiles/Fall_2025_Visitor_Tracking_Report.pdf,s. 6 Tourism Snapshot: Lodging Metrics — Combined,$335.96 AVERAGE DAILY RATE,2025-11-28,2026-10-07,23e6a06c9e766f8ae85fb109d16fa2ca2909dfff53b984b36dc99cea833753b5,birincil,dogrulandi,,2026-12-01,"Otel (STR) ve tatil kiralığı (Key Data) birleşik değer. Rapor uyarısı: Airbnb (30 Nisan 2025) ve Vrbo (30 Mayıs 2025) fiyat gösterimini değiştirdi; ADR artık temizlik ve platform ücretlerini içeriyor, yıllar arası karşılaştırmada şişkin görünebilir."
doluluk-kis-2026,sezon-maliyet,Combined hotel and vacation rental occupancy in December 2025–February 2026 was 32.1%.,32.1,%,Walton County,Walton County Tourism — Winter 2026 Visitor Tracking Study (Downs & St. Germain Research),Walton County Tourism Department,https://www.waltoncountyfltourism.com/userfiles/2026_Winter_Visitor_Tracking_Study.pdf,s. 6 Tourism Snapshot: Lodging Metrics — Combined,32.1% OCCUPANCY,2026-03-01,2026-10-07,1a4c5c746f2c4d81bd712aab14f4f6239bd8d29062a7dca993dfe6769652c7c9,birincil,dogrulandi,,2026-12-01,Rapor anketleri Walton County'nin plaj topluluklarında yapılmış; değerler raporda Walton County diye veriliyor.
adr-kis-2026,sezon-maliyet,The combined average daily rate in December 2025–February 2026 was $213.82.,213.82,USD,Walton County,Walton County Tourism — Winter 2026 Visitor Tracking Study (Downs & St. Germain Research),Walton County Tourism Department,https://www.waltoncountyfltourism.com/userfiles/2026_Winter_Visitor_Tracking_Study.pdf,s. 6 Tourism Snapshot: Lodging Metrics — Combined,$213.82 AVERAGE DAILY RATE,2026-03-01,2026-10-07,1a4c5c746f2c4d81bd712aab14f4f6239bd8d29062a7dca993dfe6769652c7c9,birincil,dogrulandi,,2026-12-01,"Otel (STR) ve tatil kiralığı (Key Data) birleşik değer. Rapor uyarısı: Airbnb (30 Nisan 2025) ve Vrbo (30 Mayıs 2025) fiyat gösterimini değiştirdi; ADR artık temizlik ve platform ücretlerini içeriyor, yıllar arası karşılaştırmada şişkin görünebilir."
doluluk-ilkbahar-2026,sezon-maliyet,Combined hotel and vacation rental occupancy in March–May 2026 was 56.6%.,56.6,%,Walton County,Walton County Tourism — Spring 2026 Visitor Tracking Study (Downs & St. Germain Research),Walton County Tourism Department,https://www.waltoncountyfltourism.com/userfiles/2026_Spring_Visitor_Tracking.pdf,s. 6 Tourism Snapshot: Lodging Metrics — Combined,56.6% OCCUPANCY,2026-08-04,2026-10-07,9306eca496a564979ae34409bab7733ee9a1013625a69f51879b5f567538967d,birincil,dogrulandi,,2026-12-01,Rapor anketleri Walton County'nin plaj topluluklarında yapılmış; değerler raporda Walton County diye veriliyor.
adr-ilkbahar-2026,sezon-maliyet,The combined average daily rate in March–May 2026 was $389.17.,389.17,USD,Walton County,Walton County Tourism — Spring 2026 Visitor Tracking Study (Downs & St. Germain Research),Walton County Tourism Department,https://www.waltoncountyfltourism.com/userfiles/2026_Spring_Visitor_Tracking.pdf,s. 6 Tourism Snapshot: Lodging Metrics — Combined,$389.17 AVERAGE DAILY RATE,2026-08-04,2026-10-07,9306eca496a564979ae34409bab7733ee9a1013625a69f51879b5f567538967d,birincil,dogrulandi,,2026-12-01,"Otel (STR) ve tatil kiralığı (Key Data) birleşik değer. Rapor uyarısı: Airbnb (30 Nisan 2025) ve Vrbo (30 Mayıs 2025) fiyat gösterimini değiştirdi; ADR artık temizlik ve platform ücretlerini içeriyor, yıllar arası karşılaştırmada şişkin görünebilir."
vergi-tdt-orani,sezon-maliyet,Short-term rentals south of Choctawhatchee Bay pay a 5% tourist development tax; the district north of the bay collects 3%.,5,%,South Walton,Walton County Tourism — TDT Collections,Walton County Tourism Department,https://www.waltoncountyfltourism.com/tdt-collections/,TDT Collections — giriş metni,"The south-end taxing district currently collects a 5% TDT, while the north-end taxing district collects a 3% TDT.",,2026-10-07,9e6f8988b61ce711ce471e87e385dafaf1fbe8545a3b32d8ec198bb68d6c73ac,birincil,dogrulandi,,2027-10-07,Aylık tahsilatlar ayrı dosyada: thirty_a_tdt_collections.csv (Walton County Clerk tablosu).
genel-gulf-of-america,genel,Ordinance 2025-22 renames the Gulf of Mexico as the Gulf of America throughout the county beach code.,Gulf of America,,Walton County,"Walton County Ordinance 2025-22 (Code of Ordinances, Chapter 22: Waterways and Beach Activities)",Walton County Board of County Commissioners,https://www.mywaltonfl.gov/DocumentCenter/View/44588/Ordinance-2025-22-Waterways--Beach-Activities-Ordinance?bidId=,"Başlık, s. 1; Sec. 22-02 'Gulf', s. 3",PROVIDING FOR THE CHANGE IN DESIGNATION OF THE GULF OF MEXICO TO THE GULF OF AMERICA THROUGHOUT,2025-11-24,2026-10-07,7e10397148d3dce2538c3275b585218ba451ddabeb594bff1db9f0b6a1e8e974,birincil,dogrulandi,,2027-10-07,Yalnız adlandırma olgusu olarak kaydedildi.
genel-mahalle-sayisi,genel,Visit South Walton presents the area as 16 distinct beach neighborhoods.,16,mahalle,South Walton,Visit South Walton — South Walton Neighborhoods,Walton County Tourism Department (Visit South Walton),https://www.visitsouthwalton.com/neighborhoods/,South Walton Neighborhoods,Our 16 distinct beach neighborhoods offer variety to suit any vision of the ideal getaway.,,2026-10-07,1bfcc1aae56049dc2566c59261f669c6d8b078d11603d8f4d8f52d721dce463f,birincil,dogrulandi,,2027-10-07,"Programın 30A kapsamı bu 16 mahalleden 13'üdür (Miramar Beach, Seascape, Sandestin hariç; program kararı)."
genel-south-walton-tanim,genel,Visit South Walton defines South Walton as a strand of 16 beach neighborhoods.,16 mahalle,,South Walton,Visit South Walton — Media Kit: 16 Beachside Neighborhoods,Walton County Tourism Department (Visit South Walton),https://www.visitsouthwalton.com/media-kit/16-Beachside-Neighborhoods/,"Media Kit — 16 Beachside Neighborhoods, giriş","South Walton encompasses a strand of 16 beach neighborhoods, each with unique personality, architecture and energy.",,2026-10-07,3ae570a3b3ca15262246f526055f3bc16bf25c85645f837456456f6e8a21c45f,birincil,dogrulandi,,2027-10-07,"Tanım turizm tanıtımıdır, idari sınır değildir."
hukuk-anayasa-islak-kum,plaj-hukuku,"Florida's Constitution says the state holds title to lands under navigable waters, including beaches below the mean high water line, in trust for all the people.",ortalama yüksek su çizgisinin altındaki kumsal devletin (halk adına),,Florida,"Constitution of the State of Florida, Article X, Section 11 (Sovereignty lands)",The Florida Senate,https://www.flsenate.gov/Laws/Constitution,"Art. X, s. 11","including beaches below mean high water lines, is held by the state, by virtue of its sovereignty, in trust for all the people",1970,2026-10-10,e40140ee197fa60cc2f4f2c0f9a60e9be375bd81b994cf5c81823ac8cc979b53,birincil,dogrulandi,,2027-04-10,Madde 1970'te kabul edildi (sayfadaki History satırı). Kuru kumun (ortalama yüksek su çizgisinin üstü) mülkiyetini bu madde düzenlemiyor.
hukuk-walton-2016-karar,plaj-hukuku,"Walton County's Ordinance 2016-23, adopted on 25 October 2016 and effective on 1 April 2017, declared the public's long-standing customary use of the dry sand areas of all county beaches protected, with a 15-foot buffer seaward of private dunes and permanent structures.",2016-10-25 (kabul); 2017-04-01 (yürürlük); 15 ft tampon,,Walton County,Walton County Ordinance No. 2016-23 (customary use),Walton County Clerk of Courts & Comptroller,https://waltonclerk.com/vertical/sites/%7BA6BED226-E1BB-4A16-9632-BB8E6515F4E0%7D/uploads/2016-23.pdf,"s. 1 (başlık), s. 3 (Section 5 ve kabul satırı)",PROTECTING THE PUBLIC'S LONG-STANDING CUSTOMARY USE OF THE DRY SAND AREAS OF THE BEACHES,2016-10-25,2026-10-10,326cabd8e11c6d9ed3c118f506b19f7666bad8409728919d1f426fb9f6e1781a,birincil,dogrulandi,,2027-04-10,"Belge taranmış görüntü; 1. ve 3. sayfa görüntü olarak okundu. Karar 28 Mart 2017'de 2017-10 sayılı kararla değiştirildi (Senato analizi SB 1622, dipnot 13; 2017-10 belgesi work/gorev-11/kaynaklar altında, SHA-256 manifest'te)."
hukuk-2018-kanun-surec,plaj-hukuku,"Florida's 2018 law (CS/HB 631, Chapter 2018-94, effective 1 July 2018) created s. 163.035: a local government may not keep a customary-use rule for the beach above the mean high water line unless a court has affirmed customary use, after notice to each parcel owner and a case in circuit court where the government bears the burden of proof.",2018-07-01 (yürürlük),,Florida,"Florida Senate Bill Analysis and Fiscal Impact Statement, CS/SB 1622 (Rules Committee, 23 April 2025)",The Florida Senate (Committee on Rules staff),https://www.flsenate.gov/Session/Bill/2025/1622/Analyses/2025s01622.rc.PDF,s. 5-6 (HB 631 (2018 Reg. Session)),may not adopt or keep in effect an ordinance or rule that is based upon the customary use of any portion of a beach,2025-04-23,2026-10-10,b8fb7e1b88c8d959c05c244b6eecc0f35efe8840ce17b423567b79876a1acdeb,birincil,dogrulandi,,2027-04-10,"Kanunun tarihleri Senato'nun HB 631 (2018) sayfasından: valinin onayı 2018-03-27, Chapter No. 2018-94, yürürlük 2018-07-01 (sayfa work/gorev-11/kaynaklar/www.flsenate.gov-53c60a628c.html)."
hukuk-dava-1194,plaj-hukuku,"In December 2018 Walton County filed a complaint under s. 163.035 asking the circuit court to affirm customary use on 1,194 private beachfront properties.",1194,özel mülk,Walton County,"Florida Senate Bill Analysis, CS/SB 1622 (23 April 2025)",The Florida Senate (Committee on Rules staff),https://www.flsenate.gov/Session/Bill/2025/1622/Analyses/2025s01622.rc.PDF,"s. 7-8 (Walton County Lawsuit), dipnot 38","Walton County filed a complaint in circuit court seeking a declaration affirming the existence of customary uses on 1,194 private properties",2025-04-23,2026-10-10,b8fb7e1b88c8d959c05c244b6eecc0f35efe8840ce17b423567b79876a1acdeb,birincil,dogrulandi,,2027-04-10,"Dava: In re: Affirming Existence of Recreational Customary Use on 1,194 Private Properties, Case No. 2018-CA-000547."
hukuk-dava-sonuc-2024,plaj-hukuku,"According to the Florida Senate's 2025 bill analysis, the case never went to trial: owners who objected either obtained a dismissal with a finding of no customary use or settled, giving the public a 20-foot transitory area for walking and sitting; the court found customary use only on 95 unrepresented parcels that never objected (final summary judgment, 14 February 2024).",95 parsel; 20 ft geçiş alanı (uzlaşanlarda),,Walton County,"Florida Senate Bill Analysis, CS/SB 1622 (23 April 2025)",The Florida Senate (Committee on Rules staff),https://www.flsenate.gov/Session/Bill/2025/1622/Analyses/2025s01622.rc.PDF,"s. 8, dipnot 40-41","Out of the initial 1,194 properties at issue, the court only had to decide whether the public had customary use rights over 95 unrepresented properties",2025-04-23,2026-10-10,b8fb7e1b88c8d959c05c244b6eecc0f35efe8840ce17b423567b79876a1acdeb,birincil,dogrulandi,,2027-04-10,Mahkemenin 14 Şubat 2024 nihai kararının kopyası (Clark Partington sitesinde) taranmış görüntü; metni bu işte okunmadı (work/gorev-11/kaynaklar/clarkpartington.com-a90daeb574.pdf). Bu karar 2026'da hükümsüz sayıldı: hukuk-2026-temyiz.
hukuk-2025-kaldirma,plaj-hukuku,"Chapter 2025-178, Laws of Florida (CS/SB 1622), approved by the Governor on 24 June 2025 and effective on becoming law, repealed s. 163.035.",2025-06-24,,Florida,"Laws of Florida, Chapter 2025-178",Florida Department of State (laws.flrules.org),https://laws.flrules.org/2025/178,Section 1; s. 2 (onay satırı),"Section 1. Section 163.035, Florida Statutes, is repealed.",2025-06-24,2026-10-10,6e8acaa99b4663f54188242b7d8cc1fab719ca9eabe5ab0b3b71eedcc75c29ef,birincil,dogrulandi,,2027-04-10,"Senato'nun bill sayfası onayı 6/25/2025, yürürlüğü 6/24/2025 diye listeliyor; kanun metni 'Approved by the Governor June 24, 2025' diyor. Tabloya kanun metnindeki tarih yazıldı."
hukuk-2025-ecl,plaj-hukuku,"The same 2025 law sets the erosion control line at the mean high-water line in Gulf counties with at least three municipalities and fewer than 275,000 people, lets the state restore critically eroded beaches there without a public easement, and keeps sand added seaward of that line as state sovereignty land.",en az 3 belediye ve 275.000'den az nüfus,,Florida,"Laws of Florida, Chapter 2025-178",Florida Department of State (laws.flrules.org),https://laws.flrules.org/2025/178,Section 2 (1)-(4),Any additions to property seaward of the erosion control line which result from the restoration project remain state sovereignty lands.,2025-06-24,2026-10-10,6e8acaa99b4663f54188242b7d8cc1fab719ca9eabe5ab0b3b71eedcc75c29ef,birincil,dogrulandi,,2027-04-10,Kanun ilçe adı vermiyor; Walton County'nin bu koşullara uyduğu kanun metninde yazmıyor (doğrulanmadı).
hukuk-2025-etki,plaj-hukuku,"The Senate analysis says repealing s. 163.035 returns customary use to how it was decided before 2018: a local government may adopt a customary-use ordinance, owners may challenge it in court, and courts decide case by case.",2018 öncesi düzene dönüş,,Florida,"Florida Senate Bill Analysis, CS/SB 1622 (23 April 2025)",The Florida Senate (Committee on Rules staff),https://www.flsenate.gov/Session/Bill/2025/1622/Analyses/2025s01622.rc.PDF,Effect of Proposed Changes (Repeal of s. 163.035),Repeal of the statute means a return to how customary use rights were determined prior to enactment of the statute,2025-04-23,2026-10-10,b8fb7e1b88c8d959c05c244b6eecc0f35efe8840ce17b423567b79876a1acdeb,birincil,dogrulandi,,2027-04-10,
hukuk-2026-temyiz,plaj-hukuku,"On 18 February 2026 Florida's First District Court of Appeal dismissed beachfront owners' petitions against the February 2024 judgment; the parties conceded, and the court agreed, that after the 2025 repeal the final judgment is a nullity with no legal effect.",2026-02-18,,Walton County,"T. Michael Glenn Trust v. Walton County, Nos. 1D2024-0682, -0720, -0748 (Fla. 1st DCA 2026)",Florida First District Court of Appeal,https://flcourts-media.flcourts.gov/content/download/2485113/opinion/Opinion_2024-0682.pdf,s. 1-2,"At oral argument, the parties conceded the final judgment is a nullity. We agree.",2026-02-18,2026-10-10,fadd668ba70083656e43f394117000842616cebdacab59fd294ed692466944bf,birincil,dogrulandi,,2027-04-10,Mahkeme anayasaya uygunluk konusuna girmedi (dilekçe zarar şartı yüzünden reddedildi).
hukuk-2026-ilce-tutum,plaj-hukuku,"In the same appeal the county said the repeal brought the parties back to 'square one', that its 2017 customary-use ordinance was invalidated by s. 163.035 and is no longer in effect, and that it believed it could adopt a new ordinance under home rule power.",2017 kararı yürürlükte değil (ilçenin beyanı),,Walton County,"T. Michael Glenn Trust v. Walton County (Fla. 1st DCA, 18 February 2026)",Florida First District Court of Appeal,https://flcourts-media.flcourts.gov/content/download/2485113/opinion/Opinion_2024-0682.pdf,s. 2,affirmed its previous posture that the 2017 ordinance was invalidated by section 163.035 and no longer in effect,2026-02-18,2026-10-10,fadd668ba70083656e43f394117000842616cebdacab59fd294ed692466944bf,birincil,dogrulandi,,2027-04-10,İlçenin mahkemedeki beyanı; mahkeme 2017 kararının durumu hakkında hüküm vermedi.
hukuk-2026-yeni-karar-yok,plaj-hukuku,"Among the Walton County ordinances numbered 2026-01 to 2026-10 posted by the Clerk (checked on 10 October 2026), none concerns customary use of the beach.",0,customary use kararı (2026-01…2026-10),Walton County,Walton County Clerk — 2026 ordinances (2026-01 … 2026-10),Walton County Clerk of Courts & Comptroller,https://waltonclerkfl.gov/vertical/sites/%7BA6BED226-E1BB-4A16-9632-BB8E6515F4E0%7D/uploads/2026-10.pdf,her kararın başlık sayfası,,2026,2026-10-10,4be611be49dd64bbb510a4e4de7526534b8809cc4ba3e63e06b8ab15d5ae0747,birincil,dogrulandi,,2027-04-10,"Bizim kontrolümüz: 10 kararın başlığı okundu (2026-01 taranmış, görüntü olarak okundu); 2026-11 ve sonrası klerk sitesinde bulunamadı (404). SHA-256 2026-10'un; diğer dokuzunun SHA-256'ları work/gorev-11/kaynaklar/manifest.json içinde. Mayıs 2026'da halkın plaj kullanımını destekleyen bir önergenin (resolution) gündeme geldiği yalnız ikincil kaynakta geçiyor; resmî metni ve kabul edilip edilmediği doğrulanamadı."
hukuk-gecis-alani-turizm,plaj-hukuku,"Walton County Tourism says that, under the county's customary-use settlement agreement, the public has a 20-foot transitory zone landward of the wet-dry shoreline on parcels that were part of the settlement and summary judgment, and that about two-thirds of the county's beaches are available to the public.",20 ft geçiş alanı; plajların yaklaşık üçte ikisi,,Walton County,"Walton County Tourism — A Beach Within Reach: Access May Look Different, But Still Accessible",Walton County Tourism Department,https://www.waltoncountyfltourism.com/beach-within-reach/,sayfa metni,Approximately two-thirds of Walton County's beaches are available for the public to enjoy.,,2026-10-10,91603c7f3d8300f78fd041092aec62b6275711681c80d1b95fdd03e0e17ab9d8,birincil,celiskili,Sayfa tarihsiz. 18 Şubat 2026 temyiz kararına göre 2024 nihai kararı hükümsüz (hukuk-2026-temyiz). Uzlaşma anlaşmalarındaki 20 ft alanın bugün geçerli olup olmadığını okunan hiçbir birincil kaynak söylemiyor.,2027-04-10,"Aynı sayfa Alys Beach, Rosemary Beach ve Seaside gibi tatil bölgelerini plajın özel kalan kısımlarına örnek veriyor."
hukuk-iddia-ozel-plaj-kalmadi,plaj-hukuku,Claim checked: 'a new law was signed and there are no private beaches left in 30A'.,doğrulanamadı,,Walton County,"Laws of Florida, Chapter 2025-178 (kontrol edilen kanun)",Florida Department of State (laws.flrules.org),https://laws.flrules.org/2025/178,kanun metninin tamamı,,2025-06-24,2026-10-10,6e8acaa99b4663f54188242b7d8cc1fab719ca9eabe5ab0b3b71eedcc75c29ef,birincil,dogrulanamadi,,2027-04-10,"İddianın ilk yarısı doğru: 24 Haziran 2025'te bir kanun imzalandı (hukuk-2025-kaldirma). İkinci yarısını destekleyen birincil kaynak yok: kanun kuru kumu halka açmıyor, yalnız 163.035'i kaldırıyor ve erozyon kontrol çizgisini düzenliyor (hukuk-2025-ecl); ilçe Şubat 2026'da 2017 kararının yürürlükte olmadığını söyledi (hukuk-2026-ilce-tutum); 2026 kararları arasında customary use yok (hukuk-2026-yeni-karar-yok); ilçe turizm dairesi bazı bölümlerin özel kaldığını söylüyor (hukuk-gecis-alani-turizm, tarihsiz). Videoda 'özel plaj kalmadı' denemez."
hukuk-video-ozet,plaj-hukuku,"Summary for the video, as far as these sources go: in Walton County the wet sand below the mean high water line is public, parts of the dry sand above it are privately owned, and as of February 2026 neither the county's 2017 customary-use ordinance nor the 2024 court judgment is in effect, so beachgoers should use the public beach accesses.",,,Walton County,"Türetilmiş özet (hukuk-anayasa-islak-kum, hukuk-2026-temyiz, hukuk-2026-ilce-tutum, hukuk-2026-yeni-karar-yok)",Florida First District Court of Appeal (son dayanak),https://flcourts-media.flcourts.gov/content/download/2485113/opinion/Opinion_2024-0682.pdf,,,2026-02-18,2026-10-10,fadd668ba70083656e43f394117000842616cebdacab59fd294ed692466944bf,birincil,dogrulandi,,2027-04-10,Bizim özetimiz (türetilmiş); tek başına bir kaynağın cümlesi değil. 'Özel kısım' için kaynak ilçe turizm dairesinin tarihsiz sayfası. 10 Ekim 2026'dan sonraki bir ilçe kararı bu özeti değiştirebilir.
erisim-tekerlekli-sandalye,erisilebilirlik,"A limited number of beach wheelchairs designed for soft sand are offered free of charge through the South Walton Fire District, from 1 March to 31 October, 10:30 a.m. to 5:30 p.m.","ücretsiz; 1 Mart–31 Ekim, 10:30–17:30",,South Walton,Visit South Walton — Accessibility,Walton County Tourism Department (Visit South Walton),https://www.visitsouthwalton.com/accessibility/,sayfa metni,"a limited number of beach wheelchairs specially designed to traverse soft sand, are available free of charge",,2026-10-10,dd415dda58bd3babf1dff86f23cabd2bb7932ecfe85c078719364551967dec94,birincil,dogrulandi,,2027-04-10,Sayfa tarihsiz (© 2026). Rezervasyon gerekip gerekmediğini sayfa söylemiyor.
erisim-sandalye-yerleri,erisilebilirlik,"The beach wheelchairs are located at Miramar Beach (Tower 54), Ed Walline (Tower 33), Santa Clara (Tower 21) and Inlet Beach (Tower 11).",4,yer,South Walton,Visit South Walton — Accessibility,Walton County Tourism Department (Visit South Walton),https://www.visitsouthwalton.com/accessibility/,sayfa metni,They are located at the following beach accesses,,2026-10-10,dd415dda58bd3babf1dff86f23cabd2bb7932ecfe85c078719364551967dec94,birincil,dogrulandi,,2027-04-10,"Bizim 53 erişimimizle eşleme: ilçe listesinde 'Beach Wheelchairs Available' özelliği Ed Walline, Santa Clara ve Inlet Beach bölgesel erişimlerinde var (3'ü de eşleşti); Miramar Beach 30A dışında, listemizde yok."
erisim-ada-bolgesel,erisilebilirlik,"Visit South Walton lists six of South Walton's nine regional beach accesses as ADA accessible: Miramar Beach, Fort Panic, Dune Allen, Ed Walline, Santa Clara and Inlet Beach (center walk only).",6,bölgesel erişim,South Walton,Visit South Walton — Accessibility,Walton County Tourism Department (Visit South Walton),https://www.visitsouthwalton.com/accessibility/,sayfa metni,six of South Walton's nine regional beach accesses are ADA accessible,,2026-10-10,dd415dda58bd3babf1dff86f23cabd2bb7932ecfe85c078719364551967dec94,birincil,celiskili,"Aynı kurumun başka sayfası 11 bölgesel erişim diyor (erisim-bolgesel-tanim). İlçenin erişim listesinde (bizim 53 erişim) ADA özelliği taşıyan bölgesel erişimler bu altıdan 30A'daki beşine ek olarak Blue Mountain, Gulfview Heights ve Seagrove'u da içeriyor.",2027-04-10,"Eşleme: Fort Panic, Dune Allen, Ed Walline, Santa Clara, Inlet Beach listemizde var; Miramar Beach 30A dışında."
erisim-mat-ed-walline,erisilebilirlik,Wheelchair-friendly access mats (AccessMats) were installed at the Ed Walline regional beach access; they are 5 feet wide and run 120 feet down to the Gulf.,5 × 120,ft (genişlik × uzunluk),South Walton,"Visit South Walton press release — New, Wheelchair-Friendly Mats …",Walton County Tourism Department (Visit South Walton),https://www.visitsouthwalton.com/news/press-release/new-wheelchair-friendly-mats-provide-greater-accessibility-ed-walline-regional-beach-access/,basın bülteni metni,The mats are 5-feet wide and extend 120-feet feet down to the Gulf,2017-12-11,2026-10-10,ca1939e34b14bbba650ef3e21f59e51d2a85b4e656d2db3c943e3c471edfcde8,birincil,dogrulandi,,2027-04-10,2026 erişilebilirlik sayfası matların Ed Walline'da bulunduğunu yineliyor; ölçüler yalnız 2017 bülteninde.
ziyaretci-koken-2025,kalabalik,"In Walton County Tourism's 2025 visitor study (Downs & St. Germain Research, 2,655 surveys), the top origin markets were Atlanta (11.1%), Nashville (7.5%), Dallas–Fort Worth (4.8%), Birmingham (4.0%) and Houston (3.6%) of visitors.","11,1 / 7,5 / 4,8 / 4,0 / 3,6",% ziyaretçi,Walton County,Walton County Tourism — 2025 Visitor Tracking & Economic Impact Study (January–December 2025),Walton County Tourism Department (Downs & St. Germain Research),https://www.waltoncountyfltourism.com/userfiles/Walton_County_Tourism_2025_Annual_Visitor_Tracking_Report_2.pdf,"s. 3 (yöntem), s. 21 ve s. 55 (Top Origin Markets)","Over 1 in 3 visitors are from the Atlanta, Nashville, Dallas - Fort Worth, Birmingham, Houston, or Memphis markets.",,2026-10-10,8cd64944de1c46c6ac2072669b8747e08dd63a80d2b35d94defe40101b663631,birincil,dogrulandi,,2027-06-10,"Örnek: 2.655 anket (internet ve yüz yüze). Sonraki pazarlar: Memphis 3,2; Mobile-Pensacola 3,0; New Orleans 3,0."
okul-atlanta-gwinnett,kalabalik,Gwinnett County Public Schools (Atlanta metro) sets Fall Break on 12–16 October 2026 and Spring Break on 5–9 April 2027 in its 2026–27 calendar.,Güz: 12–16 Ekim 2026; Bahar: 5–9 Nisan 2027,,Okul bölgesi,Gwinnett County Public Schools — 2026-2027 Calendar (English),Gwinnett County Public Schools,https://resources.finalsite.net/images/v1763731085/gcpsk12org/suynhcfmmtbkcezkswf4/Calendar2026-2027Englisheq.pdf,Ekim 2026 ve Nisan 2027 kutuları,12 -16 Fall Break (School Holidays) … 5-9 Spring Break (School Holidays),2026,2026-10-10,675843140b7ef92a8305c9794e46d4bc42fc24d21ba93f5286587eb6c014524e,birincil,dogrulandi,,2027-03-01,Ayrıca 12–16 Şubat 2027 öğrenci/öğretmen tatili. Metronun en büyük okul bölgesi olarak seçilmesi bizim seçimimiz; bu görevde resmî bir öğrenci sayısı karşılaştırmasıyla doğrulanmadı.
okul-nashville-mnps,kalabalik,"Metro Nashville Public Schools sets fall recess on 12–16 October 2026 and spring recess on 22–25 March 2027, with 26 March 2027 a spring holiday when the district is closed.",Güz: 12–16 Ekim 2026; Bahar: 22–26 Mart 2027,,Okul bölgesi,MNPS 2026-2027 District Calendar (Spanish edition),Metropolitan Nashville Public Schools,https://resources.finalsite.net/images/v1772556596/mnpsorg/f7f38j4xw1jtpdhcmpgg/MNPS2026-2027DistrictCalendar_Spanish.pdf,Semestre de otoño / de la primavera,12 al 16 de octubre: Receso de otoño … 22 al 25 de marzo: Receso de primavera,2026,2026-10-10,1ec971450b5641d56c5b32381042c2cfa55c599d5c0f4770fa13dc7196457ab4,birincil,dogrulandi,,2027-03-01,İngilizce PDF sayfada bağlantılı bulunamadı; bölgenin kendi İspanyolca resmî PDF'i kullanıldı. Metronun en büyük okul bölgesi olarak seçilmesi bizim seçimimiz; bu görevde resmî bir öğrenci sayısı karşılaştırmasıyla doğrulanmadı.
okul-dfw-dallas,kalabalik,Dallas ISD's district calendar shows Fall Break on 8–9 October 2026 and Spring Break on 15–19 March 2027.,Güz: 8–9 Ekim 2026; Bahar: 15–19 Mart 2027,,Okul bölgesi,Dallas ISD — District Calendar (October 2026 and March 2027 views),Dallas Independent School District,https://www.dallasisd.org/dallas-isd-calendar?cal_date=2027-03-01,"takvim görünümü, Mart 2027","Monday, March 15 Spring Break",,2026-10-10,c7890821092f3c2ea546345fe5bfbc2e61f0d4b4479870b2b1461e0ac28aa082,birincil,dogrulandi,,2027-03-01,Güz tatili Ekim 2026 görünümünden (work/gorev-11/kaynaklar/www.dallasisd.org-07ec0baf45.html). PDF takvim sayfada bulunamadı; sitenin etkinlik takvimi kullanıldı. Metronun en büyük okul bölgesi olarak seçilmesi bizim seçimimiz; bu görevde resmî bir öğrenci sayısı karşılaştırmasıyla doğrulanmadı.
okul-birmingham-jefcoed,kalabalik,"Jefferson County Schools (Birmingham area, Alabama) sets Spring Break on 22–26 March 2027, with 22–23 March also weather make-up days if needed; its only October closure is Columbus Day on 12 October 2026.",Bahar: 22–26 Mart 2027; güz tatili yok (12 Ekim tek gün),,Okul bölgesi,"Jefferson County Schools — 2026-2027 Calendar Final (English), board approved 1/22/26",Jefferson County Schools (JEFCOED),https://files-backend.assets.thrillshare.com/documents/asset/uploaded_file/5107/Jcs/dc461b80-1bac-4488-b5cb-7d44da2177b3/2026-2027-Calendar-Final-%28English%29.pdf?disposition=inline,takvim lejantı,22nd - 26th Spring Break / 22nd&23rd Weather Day (If Needed),2026-01-22,2026-10-10,f5507b03407e35758509b6347bac835884ee912ccd6ba72cf87290e1a8ba723f,birincil,dogrulandi,,2027-03-01,"Site doğrudan isteğe 403 verdi; bağlantı bilgisayardaki Chrome'da açılan sayfadan alındı, PDF doğrudan indirildi. Metronun en büyük okul bölgesi olarak seçilmesi bizim seçimimiz; bu görevde resmî bir öğrenci sayısı karşılaştırmasıyla doğrulanmadı."
okul-houston-hisd,kalabalik,"Houston ISD's 2026–27 yearly calendar marks 8–12 March 2027 and 26 March 2027 as 'Recess (no classes)'; it shows no fall break, only a staff development day with no classes on 9 October 2026.",Bahar: 8–12 Mart 2027 (+26 Mart); güz tatili yok,,Okul bölgesi,Houston ISD — 2026-2027 Yearly Calendar (Rev. 4/6/26),Houston Independent School District,https://resources.finalsite.net/images/v1778869644/houstonisdorg/ridqkffwxvmqpcwmksmg/2026-2027YearlyCalendarRev4_6_26.pdf,Mart 2027 ve Ekim 2026 satırları,8-12 ..... Recess (no classes),2026-04-06,2026-10-10,f2b304807195b776c2bd322fdb60f7ad01310983b82b24ad8adb504451b0e426,birincil,dogrulandi,,2027-03-01,Takvim 'spring break' sözcüğünü kullanmıyor; 'Recess (no classes)' diyor. Metronun en büyük okul bölgesi olarak seçilmesi bizim seçimimiz; bu görevde resmî bir öğrenci sayısı karşılaştırmasıyla doğrulanmadı.
etkinlik-30a-songwriters,etkinlikler,"The 30A Songwriters Festival is held in January at venues along 30A, with its headquarters and box office in WaterColor; the 2027 festival, its 18th year, is set for 15–18 January 2027.",Ocak (2027: 15–18 Ocak),,30A,30A Songwriters Festival — official site,30A Songwriters Festival,https://www.30asongwritersfestival.com/,ana sayfa,"throughout the weekend of January 15 – 18, 2027",,2026-10-10,2f6291c04753be2ff4a4872c155851eaf1ee9052d4f442cdaf50590da7d5b5eb,birincil,dogrulandi,,2027-01-10,"Ana sahne Grand Boulevard (Miramar Beach), 30A mahallelerinin dışında. Site 160+ sanatçı ve 30 mekân diyor."
etkinlik-30a-wine-festival,etkinlikler,The 30A Wine Festival is held in Alys Beach in February; the 2027 festival is set for 17–21 February 2027.,Şubat (2027: 17–21 Şubat),,30A,30A Wine Festival — official site (Alys Beach),Alys Beach,https://www.30awinefestival.com/,ana sayfa,"2027 30A WINE FESTIVAL WILL BE HELD FEBRUARY 17-21, 2027",,2026-10-10,5b115f6da3b0c4f3d955ddad054ae19fef92f21db01ce5dc05176fc2dde5f311,birincil,dogrulandi,,2027-01-10,2026'da 14. festival 18–22 Şubat'ta yapıldı.
etkinlik-seaside-yari-maraton,etkinlikler,The Seaside School Half Marathon + 5K starts at the Seaside Amphitheater in February (15 February 2026); a 2027 date is not yet on Seaside's calendar.,Şubat (2026: 15 Şubat),,30A,Seaside — events calendar (annual events),Seaside (Seaside Community Development Corp.),https://seasidefl.com/wp-json/tribe/events/v1/events?categories=annual-events&start_date=2026-01-01&end_date=2027-12-31&per_page=50,etkinlik: seaside-school-half-marathon-5k,Seaside School Half Marathon + 5K,,2026-10-10,4d467e09d13cab0de9e6482867c18f1b4edde3866c1d6326e2c136dda1bd7950,birincil,dogrulandi,,2027-01-10,Seaside'ın kendi etkinlik takviminin 'annual-events' kategorisinden (sitenin veri servisi).
etkinlik-sowal-wine-food,etkinlikler,The South Walton Beaches Wine & Food Festival is a four-day festival held in April at Grand Boulevard in Miramar Beach; 2027 details are not yet published.,Nisan,,South Walton,SoWalWine — South Walton Beaches Wine & Food Festival (official site),South Walton Beaches Wine & Food Festival / Grand Boulevard,https://grandboulevard.com/sowalwine/,ana sayfa,"In April, the South Walton Beaches Wine & Food Festival pours out the fun during a four-day extravaganza",,2026-10-10,3382984fa615f6404c29c94646db1b867d53f44fad71709ceb8342bfaf568ec5,birincil,dogrulandi,,2027-01-10,sowalwine.com adresi grandboulevard.com'daki festival sayfasına yönleniyor. Miramar Beach 30A mahallelerinin dışında.
etkinlik-digital-graffiti,etkinlikler,"Digital Graffiti, the projection-art festival in Alys Beach held in May (15–16 May 2026), is moving to a two-year cycle; the next one is set for 19–20 May 2028, so none is planned for 2027.","Mayıs, iki yılda bir (sonraki: 19–20 Mayıs 2028)",,30A,Digital Graffiti at Alys Beach — official site,Alys Beach,https://www.digitalgraffiti.com/,ana sayfa,"SAVE THE DATE FOR MAY 19-20, 2028. SEE YOU IN 2028!",,2026-10-10,833ad63e9fb337e386e09c8c63e9fb7ebad5ab70a531da0cac326c372b121de1,birincil,dogrulandi,,2027-01-10,
etkinlik-seaside-4-temmuz,etkinlikler,Seaside holds an Independence Day Celebration in its Central Square on 4 July.,4 Temmuz,,30A,Seaside — events calendar (annual events),Seaside (Seaside Community Development Corp.),https://seasidefl.com/wp-json/tribe/events/v1/events?categories=annual-events&start_date=2026-01-01&end_date=2027-12-31&per_page=50,etkinlik: independence-day-celebration-2026,Independence Day Celebration,,2026-10-10,4d467e09d13cab0de9e6482867c18f1b4edde3866c1d6326e2c136dda1bd7950,birincil,dogrulandi,,2027-01-10,Seaside'ın kendi etkinlik takviminin 'annual-events' kategorisinden (sitenin veri servisi).
etkinlik-seaside-halloweener,etkinlikler,"Seaside's annual Halloweener Derby, a dachshund race and dog costume contest, is held in late October (24 October 2026).",Ekim sonu (2026: 24 Ekim),,30A,Seaside — events calendar (annual events),Seaside (Seaside Community Development Corp.),https://seasidefl.com/wp-json/tribe/events/v1/events?categories=annual-events&start_date=2026-01-01&end_date=2027-12-31&per_page=50,etkinlik: annual-halloweener-derby,Annual Halloweener Derby: Dachshund Race & Dog Costume Contest,,2026-10-10,4d467e09d13cab0de9e6482867c18f1b4edde3866c1d6326e2c136dda1bd7950,birincil,dogrulandi,,2027-01-10,Seaside'ın kendi etkinlik takviminin 'annual-events' kategorisinden (sitenin veri servisi).
etkinlik-seaside-seeing-red,etkinlikler,"Seaside's Seeing Red Wine Festival is held in early November (5–8 November 2026), with its Grand Tasting in Central Square on 7 November 2026.",Kasım başı (2026: 5–8 Kasım),,30A,Seaside — events calendar (annual events),Seaside (Seaside Community Development Corp.),https://seasidefl.com/wp-json/tribe/events/v1/events?categories=annual-events&start_date=2026-01-01&end_date=2027-12-31&per_page=50,etkinlikler: seeing-red-wine-festival-*,Seeing Red Wine Festival Grand Tasting,,2026-10-10,4d467e09d13cab0de9e6482867c18f1b4edde3866c1d6326e2c136dda1bd7950,birincil,dogrulandi,,2027-01-10,Seaside'ın kendi etkinlik takviminin 'annual-events' kategorisinden (sitenin veri servisi).
etkinlik-rosemary-uncorked,etkinlikler,"Rosemary Beach Uncorked, a food and wine event in Rosemary Beach, celebrates its 15th year on 14 November 2026.",Kasım (2026: 14 Kasım),,30A,Rosemary Beach — Rosemary Beach Uncorked,Rosemary Beach,https://rosemarybeach.com/events/rosemary-beach-uncorked-2/,etkinlik sayfası,"Rosemary Beach Uncorked™ will celebrate its 15th year with the 2026 event set to take place Saturday, November 14, 2026",,2026-10-10,675278cff6dfbbb7f7c15a8ca8d279d307d04ebf87c2b07e30d868f037d4227b,birincil,dogrulandi,,2027-01-10,
etkinlik-30a-10k,etkinlikler,The 30A 10K Thanksgiving Day Races are held in Rosemary Beach on Thanksgiving Day; the 15th annual races are on 26 November 2026.,Şükran Günü (2026: 26 Kasım),,30A,30A 10K Thanksgiving Day Races — official site,30A 10K,https://www.30a10k.com/,ana sayfa,Welcome to our 15th Annual 30A 10K Races!,,2026-10-10,9efeef26dbd73cc805e188ac166d5af773a1a30148a1db5b00c7eae738bb6ce8,birincil,dogrulandi,,2027-01-10,"Sayfa adresi Rosemary Beach, FL 32461 veriyor; parkur ayrıntısı bu işte okunmadı."
etkinlik-seaside-holiday-parade,etkinlikler,Seaside's Holiday Parade & Turn on the Town is held on Scenic Highway 30A in late November (28 November 2026).,Kasım sonu (2026: 28 Kasım),,30A,Seaside — events calendar (annual events),Seaside (Seaside Community Development Corp.),https://seasidefl.com/wp-json/tribe/events/v1/events?categories=annual-events&start_date=2026-01-01&end_date=2027-12-31&per_page=50,etkinlik: seaside-holiday-parade-turn-on-the-town-2026,SEASIDE® Holiday Parade & Turn on the Town,,2026-10-10,4d467e09d13cab0de9e6482867c18f1b4edde3866c1d6326e2c136dda1bd7950,birincil,dogrulandi,,2027-01-10,Seaside'ın kendi etkinlik takviminin 'annual-events' kategorisinden (sitenin veri servisi).
etkinlik-seaside-yilbasi,etkinlikler,Seaside holds a New Year's Eve Celebration at the Seaside Amphitheater on 31 December.,31 Aralık,,30A,Seaside — events calendar (annual events),Seaside (Seaside Community Development Corp.),https://seasidefl.com/wp-json/tribe/events/v1/events?categories=annual-events&start_date=2026-01-01&end_date=2027-12-31&per_page=50,etkinlik: seaside-new-years-eve-celebration,SEASIDE® New Year's Eve Celebration,,2026-10-10,4d467e09d13cab0de9e6482867c18f1b4edde3866c1d6326e2c136dda1bd7950,birincil,dogrulandi,,2027-01-10,Seaside'ın kendi etkinlik takviminin 'annual-events' kategorisinden (sitenin veri servisi).
etkinlik-escape-to-create,etkinlikler,"Escape to Create, the creative residency hosted by Seaside since 1993, is on hiatus in 2027.",2027'de yok,,30A,Escape to Create — official site,Escape to Create (Seaside),https://www.escape2create.org/,ana sayfa,ON HIATUS IN 2027,,2026-10-10,1bf4b5596139e59b298601bf6b5df410a268765107a81332c69f5d0a711893d5,birincil,dogrulandi,,2027-01-10,Tekrarlayan etkinlik listesine 2027 için girmez; yanlış tarih verilmesin diye tabloda.
tarih-seaside-arazi,tarihce,"Seaside's history page says J.S. Smolian bought 80 acres next to Seagrove Beach in 1946, and that his grandson Robert Davis inherited the property in 1978.",1946; 1978,,30A,Seaside — Dream To Reality: Seaside's History,Seaside (Seaside Community Development Corp.),https://seasidefl.com/about/,1946 ve giriş bölümü,"In 1946, on a summer pilgrimage to the shore, J.S. Smolian purchased 80 acres of land next to Seagrove Beach.",,2026-10-10,4f9dcd91deece760eba5baa17c64fb29e2c28b6b93679b9d422a775dfddcd8f6,birincil,dogrulandi,,2027-10-10,
tarih-seaside-kurulus,tarihce,Construction of Seaside began in 1981; its co-founders Robert Davis and Daryl Rose Davis planned it with Miami architects Andrés Duany and Elizabeth Plater-Zyberk.,1981,,30A,Seaside — Dream To Reality: Seaside's History,Seaside (Seaside Community Development Corp.),https://seasidefl.com/about/,1980s ve 1981 bölümleri,Construction on Seaside began in 1981.,,2026-10-10,4f9dcd91deece760eba5baa17c64fb29e2c28b6b93679b9d422a775dfddcd8f6,birincil,dogrulandi,,2027-10-10,"Seaside kendini 'world's first New Urbanist town' diye tanıtıyor; bu kaynağın kendi ifadesi, bağımsız doğrulama yok."
tarih-seaside-dpz,tarihce,"DPZ, the planning firm, lists Seaside as designed in 1980, ground broken in 1982, 80 acres, client Robert Davis.",tasarım 1980; temel 1982; 80 akre,,30A,DPZ CoDesign — Seaside (project page),DPZ CoDesign,https://www.dpz.com/projects/seaside/,Key Facts,calendar_month 1980 Designed event_available 1982 Broke Ground,,2026-10-10,862ec93de1a927f8e6ff6c9cda58a5caae159bd18fa2f839744ab37f15d2074b,birincil,celiskili,Seaside'ın kendi sitesi inşaatın 1981'de başladığını söylüyor (tarih-seaside-kurulus); DPZ temel atma yılını 1982 veriyor.,2027-10-10,
tarih-truman-show,tarihce,"The Congress for the New Urbanism wrote in July 1998 that The Truman Show was filmed on location at Seaside in 1997 and opened at the end of May 1998, and that the $400,000 location fee was used to build the Seaside Neighborhood School.",çekim 1997; gösterim Mayıs 1998 sonu,,30A,"CNU — The Town of Seaside, Florida, received tremendous visibility (Robert Steuteville)",Congress for the New Urbanism,https://www.cnu.org/publicsquare/town-seaside-florida-received-tremendous-visibility,yazı metni,"Filmed in 1997 on location at Seaside, the movie opened to great reviews at the end of May, 1998",1998-07-01,2026-10-10,9a7b744cad27e21ec6a9c5d663fb030dfa0e1f2e62ec0dc041ac8904264a4a1f,ikincil,dogrulandi,,2027-10-10,Seaside'ın kendi sitesinde film bilgisi bulunamadı; kurum yayını (CNU dergisi) ikincil olarak işaretlendi.
tarih-rosemary-dpz,tarihce,"DPZ lists Rosemary Beach as designed in 1995 for Paul Borden, Leucadia National Corp. and Patrick Bienvenue.",1995,,30A,DPZ CoDesign — Rosemary Beach (project page),DPZ CoDesign,https://www.dpz.com/projects/rosemary-beach/,Key Facts,calendar_month 1995 Designed,,2026-10-10,1d93f691a357b9371bde889b3b2810b85ed8595743fb715918d8f264efa1975d,birincil,dogrulandi,,2027-10-10,
tarih-alys-dpz,tarihce,DPZ lists Alys Beach as designed in 2003 for EBSCO; Alys Beach says it follows a New Urbanism master plan by DPZ CoDesign.,2003,,30A,DPZ CoDesign — Alys Beach (project page); Alys Beach — The Town,DPZ CoDesign,https://www.dpz.com/projects/alys-beach/,Key Facts,calendar_month 2003 Designed,,2026-10-10,09efd47a4b82f1d731c198550315b4f7523a45bcb74269c6c3d7290b928b2bf7,birincil,dogrulandi,,2027-10-10,Alys Beach'in sayfası (work/gorev-11/kaynaklar/alysbeach.com-6e7017cca4.html): 'Alys Beach follows a New Urbanism master plan by DPZ CoDesign'.
tarih-alys-kurulus,tarihce,Alys Beach's founding year: not stated by Alys Beach's own site.,doğrulanamadı,,30A,Alys Beach — The Town,Alys Beach (EBSCO Gulf Coast Development),https://alysbeach.com/the-town/,sayfa metni,,,2026-10-10,6e7017cca41f612b98d449a90a89031412db76255f71e4afe46b529cb2d45fbf,birincil,dogrulanamadi,,2027-10-10,Alys Beach'in sitesinde kuruluş yılı bulunamadı (/the-town/history/ 404). DPZ yalnız tasarım yılını veriyor (2003).
tarih-new-urbanism-tuzuk,tarihce,"The Charter of the New Urbanism, the foundational document of the Congress for the New Urbanism, was finalized and adopted in 1996.",1996,,ABD,CNU — The Charter of the New Urbanism,Congress for the New Urbanism,https://www.cnu.org/who-we-are/charter-new-urbanism,giriş,"the foundational document of the Congress for the New Urbanism (CNU), finalized and adopted in 1996",,2026-10-10,0dbfcd0d3746ec95331c76607643e2691b5b51c05b65db098e58e770e565662d,birincil,dogrulandi,,2027-10-10,
genel-30a-ilce-yolu,genel,FDOT's roadway inventory lists road 60660100 in Walton County as W CO HWY 30A (mileposts 0–7.832) and E CO HWY 30A (mileposts 7.832–18.561): 30A is a county highway.,18.561,mil (FDOT kilometre taşı aralığı),Walton County,"FDOT Roadway Characteristics Inventory — Roadways with Local Names (ArcGIS layer 13), roadway 60660100",Florida Department of Transportation,"https://gis.fdot.gov/arcgis/rest/services/RCI_Layers/MapServer/13/query?where=ROADWAY%20IN%20(%2760660100%27,%2760020000%27)&outFields=ROADWAY,NAME,COUNTY,BEGIN_POST,END_POST&returnGeometry=false&f=json",ROADWAY=60660100 kayıtları,W CO HWY 30A … E CO HWY 30A,,2026-10-10,c537496ab5b1f6bd6fc90e3a1f7df4f8f20489e76d07e137bc97cc8c401d6a63,birincil,dogrulandi,,2027-10-10,Uzunluk FDOT envanterinin kilometre taşı aralığıdır; yolun başka kaynaklarda anılan uzunluğu farklı olabilir (doğrulanmadı). Aynı yol FDOT'un 2025 AADT raporunda 'CR 30A' adıyla geçiyor (thirty_a_traffic.csv).
genel-destin-okaloosa,genel,"The U.S. Census Bureau geocoder places Destin City Hall (4200 Indian Bayou Trail) and Fort Walton Beach City Hall (107 Miracle Strip Parkway SW) in Okaloosa County, not in Walton County.",Okaloosa County,,Florida,"U.S. Census Bureau Geocoder (geographies, Counties layer) — Destin ve Fort Walton Beach belediye binası adresleri",U.S. Census Bureau,https://geocoding.geo.census.gov/geocoder/geographies/onelineaddress?address=4200+Indian+Bayou+Trail%2C+Destin%2C+FL+32541&benchmark=Public_AR_Current&vintage=Current_Current&layers=Counties&format=json,Counties: NAME,Okaloosa County,,2026-10-10,a1bf8d1c99393d4680da1578ce903ed8013b7382fc01e81203434f2a69dc3db6,birincil,dogrulandi,,2027-10-10,"Bizim kontrolümüz: adresler şehirlerin resmî sitelerinden (cityofdestin.com, fwb.org) alındı ve Census Geocoder'da sorgulandı; Fort Walton Beach sorgusunun SHA-256'sı work/gorev-11/kaynaklar/manifest.json içinde (geocoding.geo.census.gov-8e97a638ed.bin)."
